source_id,mission,instrument,sector,tic_id,stellar_radius,stellar_mass,stellar_teff,stellar_tmag,stellar_logg,stellar_ra,stellar_dec,bls_period,bls_power,bls_depth_ppm,tls_period,tls_sde,tls_snr,tls_odd_even_mismatch,cascade_status,cascade_confirmed,period,period_err,t0,duration_hours,depth,depth_ppm,rp_rs,rp_rs_err,impact_parameter,a_over_rs,inclination_deg,u1,u2,log_jitter,baseline,planet_radius_rearth,planet_radius_rjup,semi_major_axis_au,equilibrium_temperature_k,insolation_flux,stellar_density_gcm3,transit_depth_ppm,snr_adopted,snr_tls,snr_dutycycle,noise_ppm,cdpp_1hr_ppm,data_completeness,n_points,n_transits,residual_rms_ppm,transit_symmetry,timing_rms_min,fpp,is_false_positive,is_variable_star,is_binary_suspect,secondary_eclipse_depth_ppm,n_vetting_pass,n_vetting_fail,n_vetting_warn,vetting_flags,total_score,candidate_class,is_anomalous,anomaly_flags,fit_method,log_likelihood,r_hat_max,n_divergences,mcmc_converged,json_path,figure_dir,tid,novelty_status,discovery_priority,discovery_reason,science_priority_bucket,science_priority_score,science_priority_reason
TIC 405268435,TESS,TESS,42,405268435,1.87949,1.617,7213.0,7.79726,4.0987,0.765659818263004,8.27068436138412,1.1302355005825289,101.37654728017742,1484.7162675220015,1.1296205916310509,15.031582378632562,33.82691844497494,,confirmed,True,1.1301681252947366,0.0011296205916310508,2448.243617210019,1.293321587909114,0.0014529181698749172,1452.918169874917,0.03896332674961382,0.0,0.5175481987932193,2.8507510663903495,79.54005967489435,0.31428548467515344,0.2579536670903875,-7.154884990476042,1.0000351338202098,7.9966934559682725,0.712624265763636,0.024924705027649752,2762.6485854430202,13809.360357674932,0.3434552233350268,1518.1408313971722,33.82691844497494,33.82691844497494,0.4666333380050717,932.5007171149626,441.93489069910146,0.6458345991857636,10708,20,860.7457296930578,0.9845707088812401,7.022335750871024e-10,0.014285714285714285,False,False,False,0.0,7,0,1,,100.0,A,False,,map,60380.25866354052,0.0,0,False,/mnt/c/Users/Gamze/Desktop/projects/AstroTransit/outputs_discovery/json/TIC_405268435_S42.json,/mnt/c/Users/Gamze/Desktop/projects/AstroTransit/outputs_discovery/targets/TIC_405268435/figures,405268435,NOVEL_CANDIDATE,REJECT,low quality or likely false positive,LOW_PRIORITY,50,class A; snr>=20; multi-transit
TIC 359124667,TESS,TESS,17,359124667,3.73833,1.595,7151.0,8.01439,3.49547,1.21028711352273,65.8415481136058,0.4094219759623044,20.741925313962486,123.16726798722311,1.5993299185423329,0.18262898904058866,11.584776002231838,0.26828756930477904,period_mismatch,False,1.5993299185423329,inf,1764.9542772887871,3.7468022997947,0.0001334531877025258,133.45318770252578,0.010388949203572887,0.0,0.0,0.0,0.0,0.0,0.0,0.0,1.0,4.240954929412528,0.37793213024236577,0.03127353117017003,3448.4334766406364,33524.197576982944,0.04305344849267748,107.93026555441773,11.584776002231838,11.584776002231838,0.10170232781706402,446.33998695533484,192.63196908835283,0.8671673939080567,14584,15,0.0,0.9770032854549437,9.675929436038787e-10,0.07142857142857142,False,False,False,48.05131570251309,7,0,1,,50.0,C,False,,cascade_only,0.0,0.0,0,False,/mnt/c/Users/Gamze/Desktop/projects/AstroTransit/outputs_discovery/json/TIC_359124667_S17.json,/mnt/c/Users/Gamze/Desktop/projects/AstroTransit/outputs_discovery/targets/TIC_359124667/figures,359124667,NOVEL_CANDIDATE,WATCHLIST,moderate candidate,LOW_PRIORITY,40,watchlist; class C; snr>=10; multi-transit
TIC 301788593,TESS,TESS,57,301788593,2.3607,1.79,7660.0,9.0749,3.94484,1.98865682553429,18.6309441604269,0.760437614855211,70.02318552534312,1994.45024427225,0.6515075937054775,12.902359958234898,10.914110343390357,0.39539825014036845,period_mismatch,False,0.6515075937054775,0.0012384935979706801,2853.376964804065,1.5980083578634656,0.000426275451041791,426.275451041791,0.018567451926154232,0.0,0.0,0.0,0.0,0.0,0.0,0.0,1.0,4.786383651432066,0.4265379377171389,0.017859199254901682,3884.3906079680164,53971.26074619027,0.1918716430881474,344.7502710300485,10.914110343390357,10.914110343390357,0.07348314377154361,1976.8117369059344,719.6324154289769,0.8685081984407941,17979,45,0.0,0.981447453407189,1.1795132961799066e-09,0.23809523809523808,False,False,False,546.7227642862449,7,1,0,secondary_eclipse,50.0,C,False,,cascade_only,0.0,0.0,0,False,/mnt/c/Users/Gamze/Desktop/projects/AstroTransit/outputs_discovery/json/TIC_301788593_S57.json,/mnt/c/Users/Gamze/Desktop/projects/AstroTransit/outputs_discovery/targets/TIC_301788593/figures,301788593,NOVEL_CANDIDATE,WATCHLIST,moderate candidate,LOW_PRIORITY,40,watchlist; class C; snr>=10; multi-transit
TIC 432548844,TESS,TESS,17,432548844,0.937681,1.02,5735.0,8.5313,4.50256,0.149858436685007,36.6687659725271,13.044074804120386,42.51979889189361,1264.876685490246,11.545397255930947,3.180549975551207,16.288480757413076,,period_mismatch,False,11.545397255930947,0.065630913447837,1764.7459505565619,2.068401758201236,0.0015485911535713104,1548.5911535713103,0.03538959021309511,0.0,0.0,0.0,0.0,0.0,0.0,0.0,1.0,3.623640026551415,0.3229201953947164,0.10064000016456978,772.1121435546106,84.2543851155269,1.7446768047835541,1252.423095450797,16.288480757413076,16.288480757413076,0.18903690626700972,992.5813185263669,358.11319988724625,0.7800069995137835,13087,3,0.0,0.940660597283393,0.0,0.0,False,False,False,74.34559687546916,8,0,0,,50.0,C,False,,cascade_only,0.0,0.0,0,False,/mnt/c/Users/Gamze/Desktop/projects/AstroTransit/outputs_discovery/json/TIC_432548844_S17.json,/mnt/c/Users/Gamze/Desktop/projects/AstroTransit/outputs_discovery/targets/TIC_432548844/figures,432548844,NOVEL_CANDIDATE,WATCHLIST,moderate candidate,LOW_PRIORITY,35,watchlist; class C; snr>=10; 3+ transits
TIC 408505170,TESS,TESS,42,408505170,1.15593,0.917,5321.09,9.83386,4.27457,0.421780556646862,10.6128608291422,13.510731311567273,23.079114813308625,1892.5335860928706,11.31009889031207,4.615793917506786,14.88531439757954,,period_mismatch,False,11.31009889031207,0.08251840766653462,2447.7854689747774,1.7627592970560126,0.0016273531234344274,1627.3531234344273,0.03627839355012282,0.0,0.0,0.0,0.0,0.0,0.0,0.0,1.0,4.5792460682173814,0.408078899745607,0.09580732128692808,815.2142083606976,104.70271495508173,0.8372494942675442,1316.1218385775933,14.88531439757954,14.88531439757954,0.1828361958549356,1077.0256336673986,434.4055734079516,0.6674472576380859,11063,3,0.0,0.9424218396363331,0.0,0.014285714285714285,False,False,False,0.0,7,0,1,,50.0,C,False,,cascade_only,0.0,0.0,0,False,/mnt/c/Users/Gamze/Desktop/projects/AstroTransit/outputs_discovery/json/TIC_408505170_S42.json,/mnt/c/Users/Gamze/Desktop/projects/AstroTransit/outputs_discovery/targets/TIC_408505170/figures,408505170,NOVEL_CANDIDATE,WATCHLIST,moderate candidate,LOW_PRIORITY,35,watchlist; class C; snr>=10; 3+ transits
TIC 293223917,TESS,TESS,70,293223917,0.898067,0.982,5569.0,9.9487,4.52356,1.61606071052016,1.92137106610819,18.778361354217026,12.30319363810457,1130.2364858818414,9.391193406098047,4.158187554177586,7.975186157609289,,confirmed,True,9.369874230700168,0.009391193406098047,3209.224411453668,2.733686284918107,0.0012345259162519495,1234.5259162519494,0.032578346499481846,0.0,0.0,20.734004508866335,90.0,0.0,-1.0,-6.84939413595714,1.000041623249067,3.1948625209590937,0.2847097454404743,0.08646180969050461,791.6334621883104,93.10383184628371,1.9119011600434692,1061.348660640301,7.975186157609289,7.975186157609289,0.09058762490010214,1788.0937299477087,507.91198161321586,0.8410165121234615,14669,3,1784.2281340919374,0.9924699110302329,0.0,0.0,False,False,False,0.0,8,0,0,,100.0,A,False,,map,72035.05940342002,0.0,0,False,/mnt/c/Users/Gamze/Desktop/projects/AstroTransit/outputs_discovery/json/TIC_293223917_S70.json,/mnt/c/Users/Gamze/Desktop/projects/AstroTransit/outputs_discovery/targets/TIC_293223917/figures,293223917,NOVEL_CANDIDATE,REJECT,low quality or likely false positive,LOW_PRIORITY,35,class A; snr>=7.5; 3+ transits
TIC 380157341,TESS,TESS,84,380157341,1.69243,1.563,7065.9,8.78427,4.17501,0.200469986083706,19.5844750740737,0.7749759283439648,124.88446166366414,1229.3534382539217,6.193150583583123,1.422876683305179,23.885089010981286,2.8777582753392763,period_mismatch,False,6.193150583583123,0.050055006359509324,3590.776393449926,4.682800549215294,0.0022306527299151835,2230.6527299151835,0.042473996695847976,0.0,0.0,0.0,0.0,0.0,0.0,0.0,1.0,7.849612935926478,0.6995172049290493,0.07659940630415477,1464.9232088610258,1091.7681487964796,0.45468119912629373,1804.0403953189048,23.885089010981286,23.885089010981286,0.2740070816929237,1590.3675545835115,1481.1455093163186,0.7983180555773789,14796,4,0.0,0.9987301029713287,4.630391071753495e-10,0.07142857142857142,False,False,False,255.52932002648188,7,0,1,,50.0,C,False,,cascade_only,0.0,0.0,0,False,/mnt/c/Users/Gamze/Desktop/projects/AstroTransit/outputs_discovery/json/TIC_380157341_S84.json,/mnt/c/Users/Gamze/Desktop/projects/AstroTransit/outputs_discovery/targets/TIC_380157341/figures,380157341,NOVEL_CANDIDATE,WATCHLIST,moderate candidate,LOW_PRIORITY,32,watchlist; class C; snr>=20; 3+ transits; moderate odd-even mismatch
TIC 201867995,TESS,TESS,17,201867995,1.66865,1.531,6977.0,8.59866,4.17831,2.7674924641228,49.5586578209411,0.36174798753248183,226.49758704146385,2041.0929516032627,9.36864424318301,4.221308656095507,23.38977590481252,,period_mismatch,False,9.36864424318301,0.04326679941374412,1768.1673884803554,2.248327714170284,0.006657438922102132,6657.438922102132,0.07337713355160516,0.0,0.0,0.0,0.0,0.0,0.0,0.0,1.0,13.370276642418201,1.1914904113585627,0.10024765285951918,1255.5064839086037,589.0427584987583,0.4646860083089832,5384.2037282501,23.38977590481252,23.38977590481252,0.3119157392426479,2779.7073367249923,2633.859656978676,0.7740203311585246,12824,3,0.0,0.9880590468427016,1.8903492392224985e-10,0.0,False,False,False,47.41182859491211,8,0,0,,50.0,C,False,,cascade_only,0.0,0.0,0,False,/mnt/c/Users/Gamze/Desktop/projects/AstroTransit/outputs_discovery/json/TIC_201867995_S17.json,/mnt/c/Users/Gamze/Desktop/projects/AstroTransit/outputs_discovery/targets/TIC_201867995/figures,201867995,NOVEL_CANDIDATE,REJECT,low quality or likely false positive,LOW_PRIORITY,30,class C; snr>=20; 3+ transits
TIC 201524325,TESS,TESS,57,201524325,2.34331,1.7,7427.0,9.2577,3.92886,1.06296521162117,50.455886919654,0.801857144097269,219.90303641900647,6942.064499424694,0.6048846438669531,0.18695230401822951,12.83990552297394,0.10918497377751887,period_mismatch,False,0.6048846438669531,0.0015688458243490744,2853.672521073152,1.4981715120693115,0.0012363448885758244,1236.3448885758244,0.03162109942167884,0.0,0.0,0.0,0.0,0.0,0.0,0.0,1.0,8.091352279796101,0.7210597741646751,0.016706904791107115,3879.5827094800807,53704.54506844542,0.18631157943162766,999.8939286356976,12.83990552297394,12.83990552297394,0.08837965430397784,4862.545515563747,2453.042537313433,0.8685077428343602,17979,48,0.0,0.9940406859657807,5.0254499888292615e-09,0.23809523809523808,False,False,False,1364.826010012643,7,1,0,secondary_eclipse,50.0,C,False,,cascade_only,0.0,0.0,0,False,/mnt/c/Users/Gamze/Desktop/projects/AstroTransit/outputs_discovery/json/TIC_201524325_S57.json,/mnt/c/Users/Gamze/Desktop/projects/AstroTransit/outputs_discovery/targets/TIC_201524325/figures,201524325,NOVEL_CANDIDATE,REJECT,low quality or likely false positive,LOW_PRIORITY,30,class C; snr>=10; multi-transit
TIC 83957915,TESS,TESS,17,83957915,1.09287,1.163,6138.22,9.85613,4.42651,0.348199556815791,30.8280166645128,15.230520829449558,15.570005931526481,1201.5402663384523,10.36850933576724,3.480990873846346,8.40267624437634,,period_mismatch,False,10.36850933576724,0.05028505469167044,1767.097636884137,2.9951933937172366,0.0010235087093238837,1023.5087093238837,0.02877086492731303,0.0,0.0,0.0,0.0,0.0,0.0,0.0,1.0,3.4334902687208335,0.3059750252059032,0.09786681121467201,904.7189775565095,158.82753022168458,1.2564764848273968,827.762668665691,8.40267624437634,8.40267624437634,0.0976245594349926,1508.6143497825992,412.37120657223284,0.7695326459558218,13009,3,0.0,0.98724342083706,1.8903492392224985e-10,0.0,False,False,False,3.743645337950241,8,0,0,,50.0,C,False,,cascade_only,0.0,0.0,0,False,/mnt/c/Users/Gamze/Desktop/projects/AstroTransit/outputs_discovery/json/TIC_83957915_S17.json,/mnt/c/Users/Gamze/Desktop/projects/AstroTransit/outputs_discovery/targets/TIC_83957915/figures,83957915,NOVEL_CANDIDATE,WATCHLIST,moderate candidate,LOW_PRIORITY,30,watchlist; class C; snr>=7.5; 3+ transits
TIC 259258109,TESS,TESS,57,259258109,3.44643,1.207,6237.78,8.2938,3.44504,0.553397993031657,44.4282583981631,21.670275574848862,12.143023556691814,964.2628043690094,4.830456924527669,5.342297029304929,5.643676833677669,1.3552466014284097,period_mismatch,False,4.830456924527669,0.03586353329380243,2857.5703088723035,5.674069288368613,0.000111709013553285,111.70901355328499,0.009504981047388745,0.0,0.0,0.0,0.0,0.0,0.0,0.0,1.0,3.5771332285249473,0.3187757483205455,0.059546908187377096,2093.0995930264257,4550.200718143324,0.04157947943678012,90.34466471121924,5.643676833677669,5.643676833677669,0.046329876442074404,574.9581287749901,140.69607680349455,0.8683147050292552,17975,6,0.0,0.9921603769327272,8.453898800233037e-10,0.02857142857142857,False,False,False,0.0,7,0,1,,50.0,C,False,,cascade_only,0.0,0.0,0,False,/mnt/c/Users/Gamze/Desktop/projects/AstroTransit/outputs_discovery/json/TIC_259258109_S57.json,/mnt/c/Users/Gamze/Desktop/projects/AstroTransit/outputs_discovery/targets/TIC_259258109/figures,259258109,NOVEL_CANDIDATE,WATCHLIST,moderate candidate,LOW_PRIORITY,30,watchlist; class C; snr>=5.5; multi-transit
TIC 201891537,TESS,TESS,17,201891537,1.65969,1.452,6774.0,9.8584,4.15998,2.94472300915252,51.2858025736001,0.7984419663332735,9.214789279035793,185.13495306182736,0.7984913834700771,4.618490588341293,5.044787729579577,0.6911308251239243,confirmed,True,0.8096708935278739,0.0007984913834700771,1765.1921923616096,1.8367122575554689,0.00016096862317660499,160.96862317660498,0.011844701632012759,0.0,0.0,2.4714374618689563,90.0,0.12712314761132576,0.32793928804388184,-8.398224782254733,1.0000380195989218,2.1466710571154684,0.19130030359876135,0.019252739798542643,2774.068158022365,14039.107225717165,0.4478843094762699,140.2969567514057,5.044787729579577,5.044787729579577,0.05716340956029665,974.5327635472274,210.07369182416164,0.7760723880060386,12858,28,973.2680833667885,0.9970338251522606,9.198558938477188e-10,0.0,False,False,False,0.0,8,0,0,,100.0,A,False,,map,70926.05374903354,0.0,0,False,/mnt/c/Users/Gamze/Desktop/projects/AstroTransit/outputs_discovery/json/TIC_201891537_S17.json,/mnt/c/Users/Gamze/Desktop/projects/AstroTransit/outputs_discovery/targets/TIC_201891537/figures,201891537,NOVEL_CANDIDATE,REJECT,low quality or likely false positive,LOW_PRIORITY,30,class A; multi-transit
TIC 22528010,TESS,TESS,17,22528010,1.4146,1.396,6640.0,9.20808,4.28169,2.97212269023434,31.2603903671407,0.4292026129459059,12.04321194970593,143.1488929610758,1.2807438407262408,3.87853567514394,2.8441193790777612,0.6101153714697451,confirmed,True,1.3058968315338528,0.0012807438407262408,1765.876142707572,0.549476619807376,0.0001494332746895255,149.4332746895255,0.011069338504664067,0.0,0.4614852875729184,3.921424978583079,83.24159587573565,0.16057257463773986,0.284971931305123,-8.081042635305211,1.0000199754716006,1.7098960953098497,0.15237716140573845,0.026133587747426253,2154.7163414427623,5110.1235819142175,0.6954479332217792,122.53025493083852,2.8441193790777612,2.8441193790777612,0.02984902510034485,744.9625721692814,193.50482249207502,0.7699875865586974,13019,18,744.2389423727914,0.9656048331673086,0.0,0.0,False,False,False,0.0,8,0,0,,100.0,A,False,,map,75304.84850316774,0.0,0,False,/mnt/c/Users/Gamze/Desktop/projects/AstroTransit/outputs_discovery/json/TIC_22528010_S17.json,/mnt/c/Users/Gamze/Desktop/projects/AstroTransit/outputs_discovery/targets/TIC_22528010/figures,22528010,NOVEL_CANDIDATE,REJECT,low quality or likely false positive,LOW_PRIORITY,30,class A; multi-transit
TIC 257503666,TESS,TESS,42,257503666,1.39884,1.145,6095.41,9.2354,4.20534,0.756295545995598,3.26182677348541,0.48416796183256644,7.704389355215788,126.3222720471191,1.4532893663497715,5.231187028728824,2.8150086660117166,0.2738121332708559,confirmed,True,1.4493708697683834,0.0014532893663497715,2448.015909553611,0.6498485754494393,0.0001392169436656987,139.2169436656987,0.005305461883512921,0.0,0.8344842406760994,4.03840085161565,78.07463826152272,0.15430222787367223,0.12381104547147857,-7.611666794904233,1.0000178925846333,0.8104115827810983,0.07221971960356931,0.02622322887766574,1963.579904312082,3524.238544782888,0.5899042469972545,28.14792579740847,2.8150086660117166,2.8150086660117166,0.02741158191848152,835.8944022493803,164.28767612886315,0.670453210317601,11261,16,835.8942233367707,0.9732101396239029,2.406021778557108e-09,0.014285714285714285,False,False,False,29.31614299073182,7,0,1,,100.0,A,False,,map,63826.60061061269,0.0,0,False,/mnt/c/Users/Gamze/Desktop/projects/AstroTransit/outputs_discovery/json/TIC_257503666_S42.json,/mnt/c/Users/Gamze/Desktop/projects/AstroTransit/outputs_discovery/targets/TIC_257503666/figures,257503666,NOVEL_CANDIDATE,REJECT,low quality or likely false positive,LOW_PRIORITY,30,class A; multi-transit
TIC 201523915,TESS,TESS,57,201523915,2.85131,1.49,6859.0,8.9814,3.70116,1.05631840935259,50.1569790876298,22.637151584677657,30.107950210415606,5035.34151259466,12.709417184010238,9.167619267792496,18.225856582655798,1.8386233433800754,period_mismatch,False,12.709417184010238,0.1947616959379852,2855.5389517103927,8.126160459462923,0.000756084715483385,756.0847154833849,0.024728192688653724,0.0,0.0,0.0,0.0,0.0,0.0,0.0,1.0,7.699299461819306,0.6861220398261456,0.12174295274075202,1464.0834220911452,1089.2668180891349,0.09064275989920786,611.4835136471875,18.225856582655798,18.225856582655798,0.18756751247413253,853.2143154866997,358.27938570144875,0.8275921188175173,17132,3,0.0,0.985374069941231,3.780698478444997e-10,0.0,False,False,False,0.0,8,0,0,,50.0,C,False,,cascade_only,0.0,0.0,0,False,/mnt/c/Users/Gamze/Desktop/projects/AstroTransit/outputs_discovery/json/TIC_201523915_S57.json,/mnt/c/Users/Gamze/Desktop/projects/AstroTransit/outputs_discovery/targets/TIC_201523915/figures,201523915,NOVEL_CANDIDATE,WATCHLIST,moderate candidate,LOW_PRIORITY,27,watchlist; class C; snr>=10; 3+ transits; moderate odd-even mismatch
TIC 439961937,TESS,TESS,17,439961937,1.13474,1.163,6138.8,9.50167,4.39386,1.73460933087906,42.8706704086889,9.029693191374882,8.23221441260217,342.1233512757027,6.0226591940793375,8.037519221630813,5.869558435295835,1.1729792937228645,period_mismatch,False,6.0226591940793375,0.03555740945845498,1769.676204884986,2.4978208146576923,0.0003777667903940296,377.7667903940296,0.01747909871049338,0.0,0.0,0.0,0.0,0.0,0.0,0.0,1.0,2.165857091492305,0.19301006448130528,0.06813183429500372,1104.9976206511224,353.4405327187622,1.122459773940871,305.5188917311714,5.869558435295835,5.869558435295835,0.06039038464747544,942.2262593790334,211.19531488715398,0.779828470738812,13084,4,0.0,0.9768704086371429,0.0,0.0,False,False,False,0.0,8,0,0,,50.0,C,False,,cascade_only,0.0,0.0,0,False,/mnt/c/Users/Gamze/Desktop/projects/AstroTransit/outputs_discovery/json/TIC_439961937_S17.json,/mnt/c/Users/Gamze/Desktop/projects/AstroTransit/outputs_discovery/targets/TIC_439961937/figures,439961937,NOVEL_CANDIDATE,WATCHLIST,moderate candidate,LOW_PRIORITY,25,watchlist; class C; snr>=5.5; 3+ transits
TIC 439961270,TESS,TESS,17,439961270,1.90674,1.396,6642.0,8.44463,4.02237,1.64147707928255,43.7822220191506,3.3594113080706807,7.823680802553596,130.72158434024317,6.278582783151135,0.08131397957790455,5.753587640310534,1.1518696163595414,period_mismatch,False,6.278582783151135,0.05630520294468955,1765.6920754476303,2.7455031868780537,0.00018193669913135757,181.93669913135756,0.012130181590664067,0.0,0.0,0.0,0.0,0.0,0.0,0.0,1.0,2.5256500662077186,0.2250729672104484,0.07444477248741013,1482.6280882891929,1145.5126138399135,0.28398221997606216,147.14130542248543,5.753587640310534,5.753587640310534,0.05613203727716069,514.6047301178661,117.85964314869302,0.7792323725911987,13074,4,0.0,0.9990119035035823,2.3151955358767474e-10,0.0,False,False,False,0.0,8,0,0,,50.0,C,False,,cascade_only,0.0,0.0,0,False,/mnt/c/Users/Gamze/Desktop/projects/AstroTransit/outputs_discovery/json/TIC_439961270_S17.json,/mnt/c/Users/Gamze/Desktop/projects/AstroTransit/outputs_discovery/targets/TIC_439961270/figures,439961270,NOVEL_CANDIDATE,WATCHLIST,moderate candidate,LOW_PRIORITY,25,watchlist; class C; snr>=5.5; 3+ transits
TIC 259255514,TESS,TESS,17,259255514,1.15413,1.244,6317.0,9.4801,4.40838,0.34051998078682,43.1923053907359,7.418977629366485,7.04326200202931,383.80999703868656,7.413403811728571,0.09107297899036272,5.099776171094268,,confirmed,True,7.435512149370806,0.007413403811728571,1765.9630998708265,2.274551792409641,0.00037064813764897675,370.64813764897673,0.011515829428387643,0.0,0.27078128930526174,14.910930384646766,88.9594560824158,0.31982728026338575,0.2139001678145821,-8.205911205997467,1.0000304017360855,1.4513239156476734,0.1293345362640761,0.08018849012811054,1057.0290934498157,295.95027321244817,1.1411332343640308,132.61432742371886,5.099776171094268,5.099776171094268,0.056875506280932894,815.0748111092345,175.58840493992145,0.7797687202718846,13083,3,814.8733173244856,0.9883512889396087,0.0,0.0,False,False,False,24.07623733025055,8,0,0,,100.0,A,False,,map,74486.63439510971,0.0,0,False,/mnt/c/Users/Gamze/Desktop/projects/AstroTransit/outputs_discovery/json/TIC_259255514_S17.json,/mnt/c/Users/Gamze/Desktop/projects/AstroTransit/outputs_discovery/targets/TIC_259255514/figures,259255514,NOVEL_CANDIDATE,REJECT,low quality or likely false positive,LOW_PRIORITY,25,class A; 3+ transits
TIC 439966406,TESS,TESS,17,439966406,1.04731,1.166,6146.0,9.46628,4.46461,1.87059869535961,46.640613163399,11.502185501528269,10.790859455856904,675.2082307450725,11.566047237594438,7.491515861093803,4.887945342942814,,confirmed,True,11.528281209524893,0.011566047237594438,1764.704139620562,2.753054043262591,0.0005841749693070719,584.1749693070719,0.02031025630482386,0.0,0.0,21.631591959338348,90.0,0.999999683420468,1.0,-7.000499671790856,1.0000508742652703,2.3227638193285123,0.2069927865067693,0.10512529051004353,855.6207212471494,127.05628602530194,1.4313734692364466,412.5065111676373,4.887945342942814,4.887945342942814,0.06702851824188047,1192.3621183084317,267.0187274768465,0.780007226374688,13087,3,1189.730944392927,0.9970155254497614,1.8903492392224985e-10,0.0,False,False,False,50.208299714027405,8,0,0,,100.0,A,False,,map,69555.52841132422,0.0,0,False,/mnt/c/Users/Gamze/Desktop/projects/AstroTransit/outputs_discovery/json/TIC_439966406_S17.json,/mnt/c/Users/Gamze/Desktop/projects/AstroTransit/outputs_discovery/targets/TIC_439966406/figures,439966406,NOVEL_CANDIDATE,REJECT,low quality or likely false positive,LOW_PRIORITY,25,class A; 3+ transits
TIC 258913532,TESS,TESS,57,258913532,0.0,0.0,0.0,7.3514,0.0,2.36850860294988,19.1159819905832,8.43315664660862,7.117730844628329,196.04486729352112,8.415498740743548,3.7079233052151626,4.621740090338625,0.5011152758677017,confirmed,True,8.375168146992749,0.008415498740743549,2857.3081020763975,2.487046518287185,0.00010857712470535574,108.57712470535574,0.00796226799976338,0.0,0.514316223645303,17.412487357087308,88.30739658693858,0.39288913840213435,0.24350478119193616,-8.765030278641616,1.0000030435501421,0.8694631686446999,0.0774820937648322,0.0807161318484431,897.0199129512051,153.48972848604924,1.410198225159316,63.397711700055936,4.621740090338625,4.621740090338625,0.04014470313809472,300.8060525253116,62.013075535313426,0.8683150472267571,17975,3,300.817933013606,0.9983450852512871,3.780698478444997e-10,0.0,False,False,False,1.0989441511233267,8,0,0,,100.0,A,False,,map,120253.96756938861,0.0,0,False,/mnt/c/Users/Gamze/Desktop/projects/AstroTransit/outputs_discovery/json/TIC_258913532_S57.json,/mnt/c/Users/Gamze/Desktop/projects/AstroTransit/outputs_discovery/targets/TIC_258913532/figures,258913532,NOVEL_CANDIDATE,REJECT,low quality or likely false positive,LOW_PRIORITY,25,class A; 3+ transits
TIC 238304232,TESS,TESS,57,238304232,0.947365,0.85,5085.0,8.6255,4.41445,1.09242607368729,19.2023043998311,10.68664400679734,10.446467681087395,545.4165639808828,10.628997299158621,2.1027531947798663,1.4636220530964068,,confirmed,True,10.651858267506924,0.010628997299158621,2851.550148337966,2.1234067212591623,0.0003277327022684906,327.7327022684906,0.008784275842745068,0.0,0.31049257593173946,20.34345651986859,89.12548760315346,0.2966461192445324,-0.050824644721588076,-8.523150088749302,1.0000100457802652,0.908735928747975,0.08098188051884615,0.0897541515130707,728.6635904570621,66.8312000148066,1.4097661610282934,77.16350208143457,1.4636220530964068,1.4636220530964068,0.06386283588102967,527.4250004223693,121.42276398186,0.8685083051168981,17979,3,527.3557550004447,0.9972392419273682,0.0,0.0,False,False,False,0.0,8,0,0,,100.0,A,False,,map,110188.65125596484,0.0,0,False,/mnt/c/Users/Gamze/Desktop/projects/AstroTransit/outputs_discovery/json/TIC_238304232_S57.json,/mnt/c/Users/Gamze/Desktop/projects/AstroTransit/outputs_discovery/targets/TIC_238304232/figures,238304232,NOVEL_CANDIDATE,REJECT,low quality or likely false positive,LOW_PRIORITY,25,class A; 3+ transits
TIC 258913080,TESS,TESS,57,258913080,1.95137,1.71,7443.0,8.94,4.09039,2.38762406009892,19.8935940291893,0.3562627117439943,100.54332685909382,1865.1588892388827,0.8650956123661775,9.787064586730176,7.1697556025917795,1.6688130823442096,period_mismatch,False,0.8650956123661775,0.0007226456445671992,2854.061396270376,1.6618409702798116,0.0005775672866900061,577.5672866900061,0.021612670892569998,0.0,0.0,0.0,0.0,0.0,0.0,0.0,1.0,4.605348101407251,0.4104049789356235,0.021249045545669375,3145.957377455053,23221.074885898102,0.3245319074126124,467.1075431105424,7.1697556025917795,7.1697556025917795,0.0605553137240668,2888.8319565928336,644.4755130481697,0.8685082959916915,17979,33,0.0,0.9917542505818164,2.714358641549108e-09,0.0,False,False,False,0.0,8,0,0,,50.0,C,False,,cascade_only,0.0,0.0,0,False,/mnt/c/Users/Gamze/Desktop/projects/AstroTransit/outputs_discovery/json/TIC_258913080_S57.json,/mnt/c/Users/Gamze/Desktop/projects/AstroTransit/outputs_discovery/targets/TIC_258913080/figures,258913080,NOVEL_CANDIDATE,WATCHLIST,moderate candidate,LOW_PRIORITY,22,watchlist; class C; snr>=5.5; multi-transit; moderate odd-even mismatch
TIC 238295659,TESS,TESS,57,238295659,2.31836,1.369,6581.0,8.48623,3.84411,0.507192642781067,23.7808431356518,14.034656382348352,17.720249999583434,590.5188535603179,14.029758532573556,8.810901550888623,6.990289863250131,1.6264820633743993,confirmed,True,14.026408008105397,0.014029758532573556,2853.4841095532292,3.6135461612894413,0.0004792621283324916,479.2621283324916,0.014753137558888707,0.0,0.5162810503025131,11.725408441062134,87.47639565179735,0.19548945595514275,0.27082520332116633,-6.931844548669306,1.0000181589489125,3.734905906852339,0.3328356394079932,0.12639506344819548,1243.1455774700992,566.1857553898284,0.1549319498894504,217.65506783149266,6.990289863250131,6.990289863250131,0.05958481681826128,1101.6033436067341,256.0708106780827,0.8680424440463311,17952,3,1100.911157864003,0.9996218605470841,3.780698478444997e-10,0.0,False,False,False,0.0,8,0,0,,100.0,A,False,,map,96806.14042356862,0.0,0,False,/mnt/c/Users/Gamze/Desktop/projects/AstroTransit/outputs_discovery/json/TIC_238295659_S57.json,/mnt/c/Users/Gamze/Desktop/projects/AstroTransit/outputs_discovery/targets/TIC_238295659/figures,238295659,NOVEL_CANDIDATE,REJECT,low quality or likely false positive,LOW_PRIORITY,22,class A; snr>=5.5; 3+ transits; moderate odd-even mismatch
TIC 117928464,TESS,TESS,57,117928464,0.973477,1.086,5943.0,10.0292,4.49725,0.252615605014063,24.7389217594798,28.03184235969374,9.541045875811712,852.047874709827,2.5149075611175826,5.002400724779428,5.560678830216146,1.5926591004485589,period_mismatch,False,2.5149075611175826,0.010502308091725476,2853.9175045563247,1.2033737402980011,0.0002986474950494866,298.6474950494866,0.015541272844309513,0.0,0.0,0.0,0.0,0.0,0.0,0.0,1.0,1.6520632800351416,0.14722339782218832,0.037203969287086254,1340.8452452176944,766.276676147489,1.6600948559280528,241.53116162127228,5.560678830216146,5.560678830216146,0.04468272102851,1037.7138407155887,230.92439398476074,0.8684599262532302,17978,12,0.0,0.9908481187038619,5.34671506346024e-10,0.0,False,False,False,0.0,8,0,0,,50.0,C,False,,cascade_only,0.0,0.0,0,False,/mnt/c/Users/Gamze/Desktop/projects/AstroTransit/outputs_discovery/json/TIC_117928464_S57.json,/mnt/c/Users/Gamze/Desktop/projects/AstroTransit/outputs_discovery/targets/TIC_117928464/figures,117928464,NOVEL_CANDIDATE,WATCHLIST,moderate candidate,LOW_PRIORITY,22,watchlist; class C; snr>=5.5; multi-transit; moderate odd-even mismatch
TIC 378650392,TESS,TESS,58,378650392,2.5527,1.252,6334.0,8.54504,3.72167,0.913325487505296,67.4299123621818,18.068208294435763,7.120814024536632,231.05157692715483,4.851708521792349,4.990115051346812,5.546747396300517,1.682632104819164,period_mismatch,False,4.851708521792349,0.03727990400350212,2884.8091209089334,4.302134471376379,0.00011733895600729571,117.3389560072957,0.009741554325203981,0.0,0.0,0.0,0.0,0.0,0.0,0.0,1.0,2.7154538950780363,0.2419873099863225,0.060454582802286556,1815.382109116047,2574.7981355350767,0.10614148452306875,94.89788067090039,5.546747396300517,5.546747396300517,0.04712514825580543,496.05048431823485,114.1857510569352,0.9758393706312275,19469,6,0.0,0.9881562722652293,4.630391071753495e-10,0.0,False,False,False,0.0,8,0,0,,50.0,C,False,,cascade_only,0.0,0.0,0,False,/mnt/c/Users/Gamze/Desktop/projects/AstroTransit/outputs_discovery/json/TIC_378650392_S58.json,/mnt/c/Users/Gamze/Desktop/projects/AstroTransit/outputs_discovery/targets/TIC_378650392/figures,378650392,NOVEL_CANDIDATE,WATCHLIST,moderate candidate,LOW_PRIORITY,22,watchlist; class C; snr>=5.5; multi-transit; moderate odd-even mismatch
TIC 439942975,TESS,TESS,17,439942975,1.22395,1.251,6330.0,9.04145,4.3598,1.07426932233509,42.5876955578389,14.970237487265441,15.657020463943146,1465.2384996163282,11.651285197660727,5.100546151927258,5.81958862812301,,period_mismatch,False,11.651285197660727,inf,1776.2650943358049,2.327830869369324,0.0015031287818098038,1503.1287818098037,0.034866250189670225,0.0,0.0,0.0,0.0,0.0,0.0,0.0,1.0,4.659972106733376,0.41527278985058935,0.10838428315588745,938.2252368749472,183.69588352072103,0.9621581068992784,1215.6554022886792,5.81958862812301,5.81958862812301,0.09350155580409253,1659.760801222898,396.71770720033203,0.7789344173378038,13069,2,0.0,0.9810942062596975,0.0,0.0,False,False,False,0.0,7,0,0,,50.0,C,False,,cascade_only,0.0,0.0,0,False,/mnt/c/Users/Gamze/Desktop/projects/AstroTransit/outputs_discovery/json/TIC_439942975_S17.json,/mnt/c/Users/Gamze/Desktop/projects/AstroTransit/outputs_discovery/targets/TIC_439942975/figures,439942975,NOVEL_CANDIDATE,WATCHLIST,moderate candidate,LOW_PRIORITY,20,watchlist; class C; snr>=5.5
TIC 258877973,TESS,TESS,57,258877973,1.4577,1.45,6773.72,9.4131,4.2721,2.28053040151829,18.9329249835703,18.526612380061874,7.055385823564659,402.0581297436987,13.94986916155985,3.6342229926259075,5.739450495873224,0.8111931903208659,period_mismatch,False,13.94986916155985,0.11333689539097502,2861.363776125496,3.3682940855890733,0.0003791099682326493,379.1099682326493,0.017510145253770888,0.0,0.0,0.0,0.0,0.0,0.0,0.0,1.0,2.787226746025532,0.24838333798087428,0.12837114295718147,1006.7747864094036,243.55682497373402,0.6601516371239867,306.60518680815517,5.739450495873224,5.739450495873224,0.05190393427935015,774.7028681256618,164.38241725373652,0.8684599099667734,17978,2,0.0,0.9958370274848547,0.0,0.0,False,False,False,0.0,7,0,0,,50.0,C,False,,cascade_only,0.0,0.0,0,False,/mnt/c/Users/Gamze/Desktop/projects/AstroTransit/outputs_discovery/json/TIC_258877973_S57.json,/mnt/c/Users/Gamze/Desktop/projects/AstroTransit/outputs_discovery/targets/TIC_258877973/figures,258877973,NOVEL_CANDIDATE,WATCHLIST,moderate candidate,LOW_PRIORITY,20,watchlist; class C; snr>=5.5
TIC 258866681,TESS,TESS,57,258866681,0.827538,0.91,5303.36,7.118,4.56153,1.2346731283706,23.2696286989997,18.596936791641955,8.072693803369736,220.639778402143,10.447391871264177,5.102079052474439,5.138577654083064,,period_mismatch,False,10.447391871264177,0.0341970785148078,2853.474148605535,2.244531502785186,0.00013421856809858745,134.21856809858747,0.010418697948867343,0.0,0.0,0.0,0.0,0.0,0.0,0.0,1.0,0.9414901726346016,0.08390077057370121,0.09063940343470747,706.7914369952977,59.16108069099389,2.26442384670774,108.54926694973258,5.138577654083064,5.138577654083064,0.0484804911985619,293.96520223338155,56.966496544880535,0.8680733958251803,17970,3,0.0,0.9978679941211169,0.0,0.0,False,False,False,3.7507427188554487,8,0,0,,50.0,C,False,,cascade_only,0.0,0.0,0,False,/mnt/c/Users/Gamze/Desktop/projects/AstroTransit/outputs_discovery/json/TIC_258866681_S57.json,/mnt/c/Users/Gamze/Desktop/projects/AstroTransit/outputs_discovery/targets/TIC_258866681/figures,258866681,NOVEL_CANDIDATE,WATCHLIST,moderate candidate,LOW_PRIORITY,20,watchlist; class C; 3+ transits
TIC 354594372,TESS,TESS,17,354594372,1.39434,1.32,6469.0,8.0541,4.26991,1.8865492916185,32.0087442084711,0.6311074508541038,7.444702572129281,134.70262081038965,5.373691497877928,4.808062247452835,4.756107292714674,0.149859304338373,period_mismatch,False,5.373691497877928,0.015173011979797035,1766.3748885005912,1.7973197410720552,0.0001520525320839461,152.0525320839461,0.011089295979587315,0.0,0.0,0.0,0.0,0.0,0.0,0.0,1.0,1.688445549962781,0.1504655989315291,0.06586749009832642,1312.7760773089215,704.098789276969,0.6866699400688515,122.97248532289139,4.756107292714674,4.756107292714674,0.0491261626961623,443.1142808999935,93.39294599323928,0.7695735784518933,13012,5,0.0,0.9863968778698065,2.070773839769784e-10,0.0,False,False,False,0.06376968908483605,8,0,0,,50.0,C,False,,cascade_only,0.0,0.0,0,False,/mnt/c/Users/Gamze/Desktop/projects/AstroTransit/outputs_discovery/json/TIC_354594372_S17.json,/mnt/c/Users/Gamze/Desktop/projects/AstroTransit/outputs_discovery/targets/TIC_354594372/figures,354594372,NOVEL_CANDIDATE,REJECT,low quality or likely false positive,LOW_PRIORITY,15,class C; multi-transit
TIC 201786935,TESS,TESS,57,201786935,1.28864,1.337,6511.0,8.86402,4.34394,2.48137407711717,48.9958408629417,11.380202902296348,7.282186190452106,439.0349787581904,1.139433185854651,6.310541854420389,4.532692153912089,0.5304229187789207,period_mismatch,False,1.139433185854651,0.005210236070894658,2853.4389540496513,0.41726266084693503,9.36107380667961e-05,93.6107380667961,0.008701016286131255,0.0,0.0,0.0,0.0,0.0,0.0,0.0,1.0,1.2243793258634748,0.10911039955626081,0.023521645274520886,2125.6138359915067,4839.5887094093605,0.8810828485991573,75.70768441152134,4.532692153912089,4.532692153912089,0.01862652025657051,662.1367572042845,125.1563000298703,0.8684113550031974,17977,26,0.0,0.9731688835413175,8.122243244018145e-10,0.0,False,False,False,0.0,8,0,0,,50.0,C,False,,cascade_only,0.0,0.0,0,False,/mnt/c/Users/Gamze/Desktop/projects/AstroTransit/outputs_discovery/json/TIC_201786935_S57.json,/mnt/c/Users/Gamze/Desktop/projects/AstroTransit/outputs_discovery/targets/TIC_201786935/figures,201786935,NOVEL_CANDIDATE,REJECT,low quality or likely false positive,LOW_PRIORITY,15,class C; multi-transit
TIC 357392645,TESS,TESS,42,357392645,2.53627,1.362,6565.0,8.52126,3.76385,2.61842331884316,13.5949585542393,7.853124323132999,7.695159401283216,309.9916963413829,1.6580261114567942,0.12032125773073787,4.499917329205686,0.07278628179125471,period_mismatch,False,1.6580261114567942,0.01070247653406664,2449.0667188770108,0.811447922517061,0.00011058737011149233,110.58737011149233,0.009457142040683824,0.0,0.0,0.0,0.0,0.0,0.0,0.0,1.0,2.6192068322399082,0.23341026587870609,0.030391439010640498,2645.2185392894944,11606.92593002396,0.1177255741407918,89.43753557766941,4.499917329205686,4.499917329205686,0.03782593954130334,510.32330271301333,117.71971788945277,0.6688141727961878,11089,14,0.0,0.9770110984635797,3.9133947153494016e-10,0.014285714285714285,False,False,False,13.56304528199459,7,0,1,,50.0,C,False,,cascade_only,0.0,0.0,0,False,/mnt/c/Users/Gamze/Desktop/projects/AstroTransit/outputs_discovery/json/TIC_357392645_S42.json,/mnt/c/Users/Gamze/Desktop/projects/AstroTransit/outputs_discovery/targets/TIC_357392645/figures,357392645,NOVEL_CANDIDATE,REJECT,low quality or likely false positive,LOW_PRIORITY,15,class C; multi-transit
TIC 347303291,TESS,TESS,57,347303291,2.44795,1.544,7012.0,8.09715,3.84911,1.42904867594158,57.9460699450451,2.358675105944835,7.124478117327842,304.36010768719603,0.6697137412307382,0.18913994606474524,4.041751556261641,0.9122263816486035,period_mismatch,False,0.6697137412307382,0.013133812067819772,2853.647671460669,1.2753082230134125,4.1047602383770254e-05,41.047602383770254,0.005761705340250766,0.0,0.0,0.0,0.0,0.0,0.0,0.0,1.0,1.5401676087019047,0.13725183006545957,0.017315693490024382,3677.2905965012205,43349.36961393757,0.1484293654425721,33.19724842787419,4.041751556261641,4.041751556261641,0.03131338150130056,394.55507545360757,79.87127619487983,0.8684595627245764,17978,43,0.0,0.9921448717120485,2.0343350908618317e-09,0.0,False,False,False,0.0,8,0,0,,50.0,C,False,,cascade_only,0.0,0.0,0,False,/mnt/c/Users/Gamze/Desktop/projects/AstroTransit/outputs_discovery/json/TIC_347303291_S57.json,/mnt/c/Users/Gamze/Desktop/projects/AstroTransit/outputs_discovery/targets/TIC_347303291/figures,347303291,NOVEL_CANDIDATE,REJECT,low quality or likely false positive,LOW_PRIORITY,15,class C; multi-transit
TIC 354593915,TESS,TESS,17,354593915,1.193,1.159,6128.53,9.63169,4.34887,1.86610710574947,33.1297823907881,0.41301393690259974,7.817471572190134,114.23624929396414,3.351268976499126,4.779517776574365,3.776180145424066,1.1857519160404122,period_mismatch,False,3.351268976499126,0.013471756098405674,1764.8049518974176,0.7976903477606012,0.0002363472215222151,236.3472215222151,0.01382554937086015,0.0,0.0,0.0,0.0,0.0,0.0,0.0,1.0,1.8010975661415374,0.16050456825781534,0.04603964721628435,1375.9899494405,849.8299420260971,0.9625920459262899,191.1458154060915,3.776180145424066,3.776180145424066,0.03070468767736213,857.6026275307053,181.39379409849784,0.7701058716126723,13021,7,0.0,0.9998055572020097,0.0,0.0,False,False,False,44.536320625176984,8,0,0,,50.0,C,False,,cascade_only,0.0,0.0,0,False,/mnt/c/Users/Gamze/Desktop/projects/AstroTransit/outputs_discovery/json/TIC_354593915_S17.json,/mnt/c/Users/Gamze/Desktop/projects/AstroTransit/outputs_discovery/targets/TIC_354593915/figures,354593915,NOVEL_CANDIDATE,REJECT,low quality or likely false positive,LOW_PRIORITY,15,class C; multi-transit
TIC 301789937,TESS,TESS,57,301789937,2.19366,0.907,5286.0,9.78053,3.71334,1.98966595382276,23.6577514107152,8.286335736257397,7.67484228179141,1480.6354264438326,4.7037388638290984,5.341082584317332,3.635837808591308,0.10905961335517496,period_mismatch,False,4.7037388638290984,0.017256256661832836,2853.4880039647237,4.020061540916595,0.00015877633857619422,158.77633857619423,0.01133182967677758,0.0,0.0,0.0,0.0,0.0,0.0,0.0,1.0,2.714461915198598,0.24189890983229265,0.05318582278166264,1497.3336783120708,1191.6407696745155,0.1211656459980592,128.41036382349708,3.635837808591308,3.635837808591308,0.03200331266215626,1066.290790062661,191.3300351680671,0.8684598511870468,17978,7,0.0,0.9998388293084004,0.0,0.0,False,False,False,32.56602680590248,8,0,0,,50.0,C,False,,cascade_only,0.0,0.0,0,False,/mnt/c/Users/Gamze/Desktop/projects/AstroTransit/outputs_discovery/json/TIC_301789937_S57.json,/mnt/c/Users/Gamze/Desktop/projects/AstroTransit/outputs_discovery/targets/TIC_301789937/figures,301789937,NOVEL_CANDIDATE,REJECT,low quality or likely false positive,LOW_PRIORITY,15,class C; multi-transit
TIC 177699087,TESS,TESS,57,177699087,1.91919,1.245,6318.0,8.78717,3.967,0.0389187163058826,46.5496135412315,14.673956668108131,8.044037038181255,1143.2393501037418,2.488205114643107,5.566234587883498,3.5595136592565275,0.18702681847669533,period_mismatch,False,2.488205114643107,0.008853495784307608,2854.734419126141,2.5792669487225264,9.772533752705481e-05,97.72533752705482,0.008890183728416729,0.0,0.0,0.0,0.0,0.0,0.0,0.0,1.0,1.863129776246459,0.1660325603489368,0.038661486995636686,1963.378576121139,3522.7933895267015,0.24836797647130746,79.03536672500557,3.5595136592565275,3.5595136592565275,0.03299110949186576,672.0994176935293,124.30827870183619,0.8683629613528476,17976,12,0.0,0.999997391594037,1.6151150979875173e-09,0.0,False,False,False,0.0,8,0,0,,50.0,C,False,,cascade_only,0.0,0.0,0,False,/mnt/c/Users/Gamze/Desktop/projects/AstroTransit/outputs_discovery/json/TIC_177699087_S57.json,/mnt/c/Users/Gamze/Desktop/projects/AstroTransit/outputs_discovery/targets/TIC_177699087/figures,177699087,NOVEL_CANDIDATE,REJECT,low quality or likely false positive,LOW_PRIORITY,15,class C; multi-transit
TIC 378534800,TESS,TESS,17,378534800,2.02531,1.01,5660.0,6.7085,3.8294,0.453783637767936,66.3060326363481,7.570196182186064,8.074523877721568,441.8929452618681,0.644648456515685,2.657988744284077,3.4352121750180395,0.4449058271969775,period_mismatch,False,0.644648456515685,0.003302957333091716,1765.000520691378,0.30876289433693,1.8955739991000087e-05,18.955739991000087,0.003915412458186406,0.0,0.0,0.0,0.0,0.0,0.0,0.0,1.0,0.8659312715049745,0.07716734922450333,0.014653917440215608,2934.8778569572655,17588.593346661433,0.17144586551072344,15.330454717721318,3.4352121750180395,3.4352121750180395,0.011350420931952656,248.74252499619953,51.57227504169982,0.8668703805564906,14579,36,0.0,0.974094319755879,2.5861654163759053e-09,0.23809523809523808,False,False,False,14.668438655940363,7,1,0,secondary_eclipse,50.0,C,False,,cascade_only,0.0,0.0,0,False,/mnt/c/Users/Gamze/Desktop/projects/AstroTransit/outputs_discovery/json/TIC_378534800_S17.json,/mnt/c/Users/Gamze/Desktop/projects/AstroTransit/outputs_discovery/targets/TIC_378534800/figures,378534800,NOVEL_CANDIDATE,REJECT,low quality or likely false positive,LOW_PRIORITY,15,class C; multi-transit
TIC 439953532,TESS,TESS,17,439953532,2.12919,1.058,5855.16,7.80622,3.80612,1.60843325502996,42.7527439243394,5.6098889318190865,7.613259097794349,266.59022573405355,0.7008588218913127,0.32250315575461097,2.4149733871039354,0.5222605445156818,period_mismatch,False,0.7008588218913127,0.00777903197634594,1765.1689236172467,0.2750525726178097,4.692255418414781e-05,46.92255418414781,0.006160244775691104,0.0,0.0,0.0,0.0,0.0,0.0,0.0,1.0,1.4322762323025613,0.12763710451518517,0.015735488737509625,3004.073643493774,19306.932649880862,0.15456906436975007,37.94861569642954,2.4149733871039354,2.4149733871039354,0.01697833784171857,391.81063617692286,83.15539425713953,0.7792919856657579,13075,33,0.0,0.9747046164682418,2.763579858688655e-09,0.0,False,False,False,4.887751767768123,8,0,0,,50.0,C,False,,cascade_only,0.0,0.0,0,False,/mnt/c/Users/Gamze/Desktop/projects/AstroTransit/outputs_discovery/json/TIC_439953532_S17.json,/mnt/c/Users/Gamze/Desktop/projects/AstroTransit/outputs_discovery/targets/TIC_439953532/figures,439953532,NOVEL_CANDIDATE,REJECT,low quality or likely false positive,LOW_PRIORITY,15,class C; multi-transit
TIC 293265564,TESS,TESS,42,293265564,2.07475,0.967,5508.0,8.45736,3.78956,2.13995348984628,4.32666305817602,15.685007103519412,7.572513360576538,377.6963223565133,0.6716496005913556,4.411276938834469,1.301845397169396,0.7107060459945933,period_mismatch,False,0.6716496005913556,0.0028841559633226432,2447.7818629630247,0.2681741461939609,1.2725064266194686e-05,12.725064266194686,0.003208020530683205,0.0,0.0,0.0,0.0,0.0,0.0,0.0,1.0,0.7268040029291376,0.06476904132856173,0.014843465803410876,2872.1947045645375,16133.42187101313,0.15268955101523993,10.291395725284952,1.301845397169396,1.301845397169396,0.0039287754256169755,515.175592706088,106.4522353798561,0.6686331820446423,11086,35,0.0,0.9932035460479013,5.1573732033374175e-09,0.014285714285714285,False,False,False,0.0,7,0,1,,50.0,C,False,,cascade_only,0.0,0.0,0,False,/mnt/c/Users/Gamze/Desktop/projects/AstroTransit/outputs_discovery/json/TIC_293265564_S42.json,/mnt/c/Users/Gamze/Desktop/projects/AstroTransit/outputs_discovery/targets/TIC_293265564/figures,293265564,NOVEL_CANDIDATE,REJECT,low quality or likely false positive,LOW_PRIORITY,15,class C; multi-transit
TIC 293257184,TESS,TESS,42,293257184,0.859735,1.0,5621.46,9.2093,4.56934,1.81363894366909,5.42989986458116,11.166691996865854,10.01728042086553,747.1993384963182,5.854205532935384,5.333335959493173,5.48340782990937,1.6149494148309373,period_mismatch,False,5.854205532935384,0.028908583757301987,2448.476411907799,0.747539808190955,0.0005078687579339602,507.86875793396024,0.020266693316352582,0.0,0.0,0.0,0.0,0.0,0.0,0.0,1.0,1.9026631246032384,0.16955556939024272,0.06357357412152743,911.7963122465926,163.85598426760748,2.219148380704504,410.7388579790904,5.48340782990937,5.48340782990937,0.06400317573823426,710.39240881466,195.57657507917617,0.6685124427212242,11084,4,0.0,0.958556563916513,0.0,0.014285714285714285,False,False,False,0.0,7,0,1,,50.0,C,False,,cascade_only,0.0,0.0,0,False,/mnt/c/Users/Gamze/Desktop/projects/AstroTransit/outputs_discovery/json/TIC_293257184_S42.json,/mnt/c/Users/Gamze/Desktop/projects/AstroTransit/outputs_discovery/targets/TIC_293257184/figures,293257184,NOVEL_CANDIDATE,WATCHLIST,moderate candidate,LOW_PRIORITY,12,watchlist; class C; 3+ transits; moderate odd-even mismatch
TIC 238301314,TESS,TESS,57,238301314,1.83674,1.07,5908.52,6.9059,3.93936,0.858053409676782,20.6655395955103,6.7054336953359295,8.35751445673243,145.8613131448683,7.209679941359601,0.18979006142126345,4.75129744744219,0.08284829400567678,period_mismatch,False,7.209679941359601,inf,2859.748895606523,3.6091136380460394,7.370169869580501e-05,73.701698695805,0.00772050832654381,0.0,0.0,0.0,0.0,0.0,0.0,0.0,1.0,1.548488477286668,0.13799334315438597,0.07470848003063993,1292.1779287114791,660.9372916667877,0.24351229251863307,59.60624882023231,4.75129744744219,4.75129744744219,0.04280526476591881,270.1385179580847,57.9194986458705,0.8682182976668256,17973,4,0.0,0.9976193347877992,4.630391071753495e-10,0.0,False,False,False,4.597527598071416,8,0,0,,50.0,C,False,,cascade_only,0.0,0.0,0,False,/mnt/c/Users/Gamze/Desktop/projects/AstroTransit/outputs_discovery/json/TIC_238301314_S57.json,/mnt/c/Users/Gamze/Desktop/projects/AstroTransit/outputs_discovery/targets/TIC_238301314/figures,238301314,NOVEL_CANDIDATE,REJECT,low quality or likely false positive,LOW_PRIORITY,10,class C; 3+ transits
TIC 118005686,TESS,TESS,57,118005686,2.20706,1.21,6248.0,7.1498,3.83323,0.710263665994634,28.2519046714761,11.005686567788894,8.444428689735451,247.22084175288205,4.816058366228188,0.06257047751761603,4.6235074996062275,1.7648570386164095,period_mismatch,False,4.816058366228188,inf,2857.0749100130065,2.186980668530081,6.506184608678911e-05,65.0618460867891,0.007253879515313905,0.0,0.0,0.0,0.0,0.0,0.0,0.0,1.0,1.7482312372718407,0.15579339244473364,0.059477714078932965,1678.709984332277,1882.6677162660812,0.15871687886384916,52.61876802269069,4.6235074996062275,4.6235074996062275,0.030282865523633507,318.7419046312808,63.173754034158954,0.8680732552307091,17970,6,0.0,0.980847076285788,8.453898800233037e-10,0.02857142857142857,False,False,False,0.0,7,0,1,,50.0,C,False,,cascade_only,0.0,0.0,0,False,/mnt/c/Users/Gamze/Desktop/projects/AstroTransit/outputs_discovery/json/TIC_118005686_S57.json,/mnt/c/Users/Gamze/Desktop/projects/AstroTransit/outputs_discovery/targets/TIC_118005686/figures,118005686,NOVEL_CANDIDATE,REJECT,low quality or likely false positive,LOW_PRIORITY,7,class C; multi-transit; moderate odd-even mismatch
TIC 201442930,TESS,TESS,57,201442930,1.51017,1.454,6778.0,9.9926,4.24258,0.520844571278057,49.7899145919219,21.43086558985202,8.8831596709801,1875.8351358042491,14.133411547401337,4.125449068805168,2.1231512329568543,0.3109490367780977,period_mismatch,False,14.133411547401337,0.05978692135420527,2867.4819711335444,3.368320191329275,0.0004698026144348555,469.8026144348555,0.019492379650114283,0.0,0.0,0.0,0.0,0.0,0.0,0.0,1.0,3.214438332028166,0.2864542412207162,0.12961366470035576,1020.4548776014717,257.06692648829585,0.5953427296960273,379.95286442418944,2.1231512329568543,2.1231512329568543,0.047727714733939525,1043.7093704620725,202.539498333125,0.8684595239765825,17978,2,0.0,0.9937580693876675,0.0,0.0,False,False,False,0.0,7,0,0,,50.0,C,False,,cascade_only,0.0,0.0,0,False,/mnt/c/Users/Gamze/Desktop/projects/AstroTransit/outputs_discovery/json/TIC_201442930_S57.json,/mnt/c/Users/Gamze/Desktop/projects/AstroTransit/outputs_discovery/targets/TIC_201442930/figures,201442930,NOVEL_CANDIDATE,REJECT,low quality or likely false positive,LOW_PRIORITY,5,class C
TIC 437731963,TESS,TESS,17,437731963,1.9313,1.026,5741.0,9.73409,3.87751,1.74959583455425,28.0861817704104,19.198565151654876,7.152130808542333,553.2506531326087,6.27022673526676,0.11290683438421348,4.751801924309522,2.2029832526573174,period_mismatch,False,6.27022673526676,inf,1769.0788360739061,2.989596603528796,0.00030135288775356983,301.3528877535698,0.015611506909030261,0.0,0.0,0.0,0.0,0.0,0.0,0.0,1.0,3.2923724911670758,0.2933993333691244,0.06712267692074245,1358.2587143258463,806.8651945723993,0.2008529908323071,243.7191479706996,4.751801924309522,4.751801924309522,0.05532860877715106,905.663084247262,181.20742641950824,0.7693959078189178,13009,4,0.0,0.9993381465263397,0.0,0.07142857142857142,False,False,False,37.14585801795067,7,0,1,,50.0,C,False,,cascade_only,0.0,0.0,0,False,/mnt/c/Users/Gamze/Desktop/projects/AstroTransit/outputs_discovery/json/TIC_437731963_S17.json,/mnt/c/Users/Gamze/Desktop/projects/AstroTransit/outputs_discovery/targets/TIC_437731963/figures,437731963,NOVEL_CANDIDATE,REJECT,low quality or likely false positive,LOW_PRIORITY,2,class C; 3+ transits; moderate odd-even mismatch
TIC 301747091,TESS,TESS,57,301747091,2.26893,1.464,6804.0,7.93573,3.89197,1.75833543408351,22.8444538405097,1.5437094713496284,29094.21663702927,238970.5599672034,1.5430071512715622,29.711824417955643,2292.764995730947,4.289451019041563,confirmed,True,1.543773113962658,0.0015430071512715622,2855.626183846517,2.8847508181176043,0.26917449207086586,269174.4920708659,0.4683931245021719,0.0,0.4667596107949962,2.8124110476454494,80.44674735744614,1.0,0.8489757916566615,-5.163668633257179,0.9999570584902945,116.05023044611508,10.34180073535779,0.029684790756017442,2623.690330651159,11233.660137458632,0.17674939998643785,219392.1190809071,2292.764995730947,2292.764995730947,34.57322309340428,69873.30248149332,68361.5498885496,0.8680250707798539,17969,19,5727.519746463691,0.981576993242117,1.487198392167635e-09,0.23809523809523808,False,False,True,0.0,7,1,0,odd_even_mismatch,40.0,X,True,"Olağandışı derin transit: depth=26.9%, SNR=2292.8 | Fiziksel disi yaricap: 116.1 R_earth",map,67262.29869455309,0.0,0,False,/mnt/c/Users/Gamze/Desktop/projects/AstroTransit/outputs_discovery/json/TIC_301747091_S57.json,/mnt/c/Users/Gamze/Desktop/projects/AstroTransit/outputs_discovery/targets/TIC_301747091/figures,301747091,NOVEL_CANDIDATE,REJECT,radius too large,LOW_PRIORITY,0,radius too large
TIC 201693184,TESS,TESS,17,201693184,2.21826,1.337,6512.0,9.20409,3.87217,1.74790756282328,51.9981094045315,1.5416952100639978,3444.0023163814735,76063.71246311162,1.5409987661999662,30.019537846451907,1331.2176739058827,0.12889852976687594,confirmed,True,1.555571679495878,0.0015409987661999663,1764.8619975861034,2.5073181822902804,0.08497341805107939,84973.41805107938,0.3975212332073141,0.0,1.2,2.7885201663030084,64.51112854910781,1.0,1.0,-3.837624503370832,0.9928777653105402,96.29132822222405,8.58098881138854,0.028946882973028238,2514.34246507936,9474.770578988073,0.17273256692179548,158023.1308506638,1331.2176739058827,1331.2176739058827,29.96397026267811,21643.412283486792,21018.74909042279,0.7762535120176594,12861,15,21554.817045574342,0.9927414557375475,9.065796471533476e-10,0.0,False,False,False,0.0,8,0,0,,40.0,C,False,Fiziksel disi yaricap: 96.3 R_earth,map,31100.126731336288,0.0,0,False,/mnt/c/Users/Gamze/Desktop/projects/AstroTransit/outputs_discovery/json/TIC_201693184_S17.json,/mnt/c/Users/Gamze/Desktop/projects/AstroTransit/outputs_discovery/targets/TIC_201693184/figures,201693184,NOVEL_CANDIDATE,REJECT,radius too large,LOW_PRIORITY,0,radius too large
TIC 388602832,TESS,TESS,18,388602832,3.56903,1.353,6547.0,7.25561,3.46427,0.693917928061296,80.2822664108179,0.7375088889046197,8248.190235569275,47500.19849812204,0.739522276239198,17.67734809026397,464.95431161602835,8.171105360970046,confirmed,True,0.7394786287667581,0.000739522276239198,1790.678149333548,1.8902697992679625,0.0624925577604889,62492.5577604889,0.23185534178524037,0.0,0.7054049977409225,1.0665735644442642,48.595184093713165,1.0,1.0,-5.361542505457745,1.0041145801653024,90.361140332935,8.052520912285694,0.01770167385101297,4100.293926381385,67008.6612278967,0.04196887857607094,53756.899514350625,464.95431161602835,464.95431161602835,4.354641139134587,20102.85977380556,19688.480661563826,0.8893796380337926,15123,32,4691.819841786547,0.9564003167614157,2.8823951971377227e-09,0.23809523809523808,False,False,True,0.0,7,1,0,odd_even_mismatch,40.0,C,False,Fiziksel disi yaricap: 90.4 R_earth,map,59629.992010154405,0.0,0,False,/mnt/c/Users/Gamze/Desktop/projects/AstroTransit/outputs_discovery/json/TIC_388602832_S18.json,/mnt/c/Users/Gamze/Desktop/projects/AstroTransit/outputs_discovery/targets/TIC_388602832/figures,388602832,NOVEL_CANDIDATE,REJECT,radius too large,LOW_PRIORITY,0,radius too large
TIC 357330064,TESS,TESS,57,357330064,1.51051,1.426,6711.0,8.1886,4.23394,1.43634714923199,17.8384293898838,0.8374861058322091,250.51256845416393,2679.491213366414,0.8375081141369054,12.861265049519913,91.75047629430932,21.19469138131535,confirmed,True,0.8376965526480382,0.0008375081141369054,2854.0882111109177,2.009363693257054,0.0036735207747460308,3673.520774746031,0.06491227818943539,0.0,0.0,2.7864408423264866,90.0,0.0,-1.0,-6.5247426566028786,0.9999915310363725,10.706927319829973,0.9541463933676041,0.01957622636989897,2600.0953172097143,10834.978605021623,0.5834838971011932,4213.60385974265,91.75047629430932,91.75047629430932,0.9713114902887635,1863.734692854144,1572.5633345530289,0.8251287307317771,17081,34,1568.7252526654447,0.9892167281751545,5.591540498162818e-09,0.23809523809523808,False,False,True,0.0,7,1,0,odd_even_mismatch,100.0,A,False,,map,86062.91298791677,0.0,0,False,/mnt/c/Users/Gamze/Desktop/projects/AstroTransit/outputs_discovery/json/TIC_357330064_S57.json,/mnt/c/Users/Gamze/Desktop/projects/AstroTransit/outputs_discovery/targets/TIC_357330064/figures,357330064,NOVEL_CANDIDATE,REJECT,low quality or likely false positive,LOW_PRIORITY,0,class A; snr>=20; multi-transit; binary-suspect; high odd-even mismatch
TIC 326675379,TESS,TESS,24,326675379,1.25644,0.86,5098.0,8.582,4.17428,1.65575603452202,55.4560346537012,0.40876651328335484,11897.232843879976,144837.97948628818,0.6814235137325657,12.426370232150076,47.210899500037335,4.1787271927456695,period_mismatch,False,0.6814235137325657,0.0017125350661340022,1956.3627578053856,1.291376165096338,0.13789117444864618,137891.17444864617,0.33394533584906166,0.0,0.0,0.0,0.0,0.0,0.0,0.0,1.0,45.817515405353554,4.083021745754874,0.014412595959049068,2099.444118391438,4605.62166179915,0.6114393045061864,111519.4873353426,47.210899500037335,47.210899500037335,0.4058010166495478,100446.44127997964,84087.16515067373,0.9018016821661816,17191,39,0.0,0.9589602033575002,1.8932552351566987e-09,0.3333333333333333,True,True,True,0.0,6,2,0,odd_even_mismatch | stellar_variability,20.0,C,True,"Aktif yıldız + transit: LS_power=0.92, P_rot=0.14d | Fiziksel disi yaricap: 45.8 R_earth",cascade_only,0.0,0.0,0,False,/mnt/c/Users/Gamze/Desktop/projects/AstroTransit/outputs_discovery/json/TIC_326675379_S24.json,/mnt/c/Users/Gamze/Desktop/projects/AstroTransit/outputs_discovery/targets/TIC_326675379/figures,326675379,NOVEL_CANDIDATE,REJECT,radius too large,LOW_PRIORITY,0,false positive flag
TIC 395320456,TESS,TESS,42,395320456,4.3388,1.516,6937.0,6.96106,3.34403,1.001039717737,12.1457968593427,0.34013751592168323,3632.625989914393,18663.428881005693,0.6800928463373042,3.5300246186939814,29.12310863728929,1.1165318730530451,confirmed,True,0.6915557902028211,0.0006800928463373041,2448.1103827530455,1.3046344285296285,0.015500552200087503,15500.552200087503,0.05598229986303877,0.0,0.7104807325907696,0.8617536824935015,34.46630148980778,0.07527748460247075,-0.3740652993427229,-4.055601626492121,1.0021077641440455,26.523740235543887,2.3636595568825896,0.017582577191132653,4806.400553071095,126517.56521157095,0.026174022450641047,3134.017897955191,29.12310863728929,29.12310863728929,0.3086158497267071,17357.419464941937,15255.422644080574,0.668874478315432,11090,34,17325.854982780347,0.9994560007264052,3.5866855014657595e-09,0.3476190476190476,True,True,False,16035.537736921235,5,2,1,secondary_eclipse | stellar_variability,27.5,D,False,,map,29240.06055508789,0.0,0,False,/mnt/c/Users/Gamze/Desktop/projects/AstroTransit/outputs_discovery/json/TIC_395320456_S42.json,/mnt/c/Users/Gamze/Desktop/projects/AstroTransit/outputs_discovery/targets/TIC_395320456/figures,395320456,NOVEL_CANDIDATE,REJECT,radius too large,LOW_PRIORITY,0,false positive flag
TIC 194236179,TESS,TESS,17,194236179,8.36139,0.0,4644.8,5.97687,0.0,1.58420572092464,40.8987485577977,8.947436302526764,72.17677775422634,751.6825378099945,0.0,0.0,0.0,999.0,period_mismatch,False,0.0,0.0,0.0,0.0,0.0,0.0,0.0,0.0,0.0,0.0,0.0,0.0,0.0,0.0,1.0,0.0,0.0,0.0,0.0,0.0,0.0,0.0,0.0,0.0,0.0,348.05249693140246,279.0076347004728,0.7798282340442565,13084,0,0.0,0.0,0.0,0.3125,False,False,True,0.0,4,1,0,odd_even_mismatch,50.0,C,False,,cascade_only,0.0,0.0,0,False,/mnt/c/Users/Gamze/Desktop/projects/AstroTransit/outputs_discovery/json/TIC_194236179_S17.json,/mnt/c/Users/Gamze/Desktop/projects/AstroTransit/outputs_discovery/targets/TIC_194236179/figures,194236179,NOVEL_CANDIDATE,REJECT,invalid period,LOW_PRIORITY,0,invalid period
TIC 346836545,TESS,TESS,84,346836545,4.05025,0.0,5064.0,7.47522,0.0,0.647649829498702,55.5723010122248,1.0156116512739686,10.979713250875099,136.5069459867696,0.0,0.0,0.0,999.0,period_mismatch,False,0.0,0.0,0.0,0.0,0.0,0.0,0.0,0.0,0.0,0.0,0.0,0.0,0.0,0.0,1.0,0.0,0.0,0.0,0.0,0.0,0.0,0.0,0.0,0.0,0.0,344.8737744608733,119.48395301737217,0.9011516816652161,16702,0,0.0,0.0,0.0,0.3125,False,False,True,0.0,4,1,0,odd_even_mismatch,50.0,C,False,,cascade_only,0.0,0.0,0,False,/mnt/c/Users/Gamze/Desktop/projects/AstroTransit/outputs_discovery/json/TIC_346836545_S84.json,/mnt/c/Users/Gamze/Desktop/projects/AstroTransit/outputs_discovery/targets/TIC_346836545/figures,346836545,NOVEL_CANDIDATE,REJECT,invalid period,LOW_PRIORITY,0,invalid period
TIC 372079999,TESS,TESS,17,372079999,1.96489,0.0,6477.0,7.6754,0.0,1.21671007387648,30.0858537054841,13.388696333703887,15.179363561490973,311.67764093131825,0.0,0.0,0.0,999.0,period_mismatch,False,0.0,0.0,0.0,0.0,0.0,0.0,0.0,0.0,0.0,0.0,0.0,0.0,0.0,0.0,1.0,0.0,0.0,0.0,0.0,0.0,0.0,0.0,0.0,0.0,0.0,357.4977059367872,107.28222997572944,0.7695734983109501,13012,0,0.0,0.0,0.0,0.3125,False,False,True,0.0,4,1,0,odd_even_mismatch,50.0,C,False,,cascade_only,0.0,0.0,0,False,/mnt/c/Users/Gamze/Desktop/projects/AstroTransit/outputs_discovery/json/TIC_372079999_S17.json,/mnt/c/Users/Gamze/Desktop/projects/AstroTransit/outputs_discovery/targets/TIC_372079999/figures,372079999,NOVEL_CANDIDATE,REJECT,invalid period,LOW_PRIORITY,0,invalid period
TIC 327000122,TESS,TESS,17,327000122,0.675652,0.0,4284.39,8.2634,0.0,2.8381104228954,58.3499139335102,9.344652526513677,8.003630066100245,284.37781334267333,0.0,0.0,0.0,999.0,period_mismatch,False,0.0,0.0,0.0,0.0,0.0,0.0,0.0,0.0,0.0,0.0,0.0,0.0,0.0,0.0,1.0,0.0,0.0,0.0,0.0,0.0,0.0,0.0,0.0,0.0,0.0,491.6220608473552,114.30370503424952,0.7760727941879157,12858,0,0.0,0.0,0.0,0.3125,False,False,True,0.0,4,1,0,odd_even_mismatch,50.0,C,False,,cascade_only,0.0,0.0,0,False,/mnt/c/Users/Gamze/Desktop/projects/AstroTransit/outputs_discovery/json/TIC_327000122_S17.json,/mnt/c/Users/Gamze/Desktop/projects/AstroTransit/outputs_discovery/targets/TIC_327000122/figures,327000122,NOVEL_CANDIDATE,REJECT,invalid period,LOW_PRIORITY,0,invalid period
TIC 357367600,TESS,TESS,57,357367600,9.842,0.0,4644.0,8.3237,0.0,1.92651863150487,17.0884389154892,16.483774435964364,25.43800573886101,849.5910173045296,0.0,0.0,0.0,999.0,period_mismatch,False,0.0,0.0,0.0,0.0,0.0,0.0,0.0,0.0,0.0,0.0,0.0,0.0,0.0,0.0,1.0,0.0,0.0,0.0,0.0,0.0,0.0,0.0,0.0,0.0,0.0,547.8681250264638,303.3396066197964,0.8685084571648043,17979,0,0.0,0.0,0.0,0.3125,False,False,True,0.0,4,1,0,odd_even_mismatch,50.0,C,False,,cascade_only,0.0,0.0,0,False,/mnt/c/Users/Gamze/Desktop/projects/AstroTransit/outputs_discovery/json/TIC_357367600_S57.json,/mnt/c/Users/Gamze/Desktop/projects/AstroTransit/outputs_discovery/targets/TIC_357367600/figures,357367600,NOVEL_CANDIDATE,REJECT,invalid period,LOW_PRIORITY,0,invalid period
TIC 373147340,TESS,TESS,58,373147340,9.94786,0.0,4949.0,8.34472,0.0,1.72997129887085,77.2770221156728,0.4478645962589858,31.547046530143465,193.35219259319913,0.0,0.0,0.0,999.0,period_mismatch,False,0.0,0.0,0.0,0.0,0.0,0.0,0.0,0.0,0.0,0.0,0.0,0.0,0.0,0.0,1.0,0.0,0.0,0.0,0.0,0.0,0.0,0.0,0.0,0.0,0.0,576.6167084644524,329.53588420914764,0.9758391826227485,19469,0,0.0,0.0,0.0,0.3125,False,False,True,0.0,4,1,0,odd_even_mismatch,50.0,C,False,,cascade_only,0.0,0.0,0,False,/mnt/c/Users/Gamze/Desktop/projects/AstroTransit/outputs_discovery/json/TIC_373147340_S58.json,/mnt/c/Users/Gamze/Desktop/projects/AstroTransit/outputs_discovery/targets/TIC_373147340/figures,373147340,NOVEL_CANDIDATE,REJECT,invalid period,LOW_PRIORITY,0,invalid period
TIC 372131883,TESS,TESS,17,372131883,1.44193,0.0,6428.0,8.3475,0.0,1.16696837306369,35.7873439706349,0.30000662994598076,16.656580058127798,125.32557615452245,0.0,0.0,0.0,999.0,period_mismatch,False,0.0,0.0,0.0,0.0,0.0,0.0,0.0,0.0,0.0,0.0,0.0,0.0,0.0,0.0,1.0,0.0,0.0,0.0,0.0,0.0,0.0,0.0,0.0,0.0,0.0,474.15743611487017,136.13930992484393,0.7796493900031866,13081,0,0.0,0.0,0.0,0.3125,False,False,True,0.0,4,1,0,odd_even_mismatch,50.0,C,False,,cascade_only,0.0,0.0,0,False,/mnt/c/Users/Gamze/Desktop/projects/AstroTransit/outputs_discovery/json/TIC_372131883_S17.json,/mnt/c/Users/Gamze/Desktop/projects/AstroTransit/outputs_discovery/targets/TIC_372131883/figures,372131883,NOVEL_CANDIDATE,REJECT,invalid period,LOW_PRIORITY,0,invalid period
TIC 405610999,TESS,TESS,17,405610999,1.69577,0.0,7009.0,8.4684,0.0,0.718809984164429,43.5283720355776,0.6185793840638478,22.756563972426484,199.88237435908385,0.0,0.0,0.0,999.0,period_mismatch,False,0.0,0.0,0.0,0.0,0.0,0.0,0.0,0.0,0.0,0.0,0.0,0.0,0.0,0.0,1.0,0.0,0.0,0.0,0.0,0.0,0.0,0.0,0.0,0.0,0.0,528.9768518871373,188.03427639564123,0.7789342578805742,13069,0,0.0,0.0,0.0,0.3125,False,False,True,0.0,4,1,0,odd_even_mismatch,50.0,C,False,,cascade_only,0.0,0.0,0,False,/mnt/c/Users/Gamze/Desktop/projects/AstroTransit/outputs_discovery/json/TIC_405610999_S17.json,/mnt/c/Users/Gamze/Desktop/projects/AstroTransit/outputs_discovery/targets/TIC_405610999/figures,405610999,NOVEL_CANDIDATE,REJECT,invalid period,LOW_PRIORITY,0,invalid period
TIC 378528263,TESS,TESS,17,378528263,3.6609,0.0,5377.0,8.70296,0.0,0.509070629841476,69.2095052354317,4.2772418807984485,7.123186259208454,245.16126525231385,0.0,0.0,0.0,999.0,period_mismatch,False,0.0,0.0,0.0,0.0,0.0,0.0,0.0,0.0,0.0,0.0,0.0,0.0,0.0,0.0,1.0,0.0,0.0,0.0,0.0,0.0,0.0,0.0,0.0,0.0,0.0,557.7269786534273,134.87617167420166,0.8674051369433666,14588,0,0.0,0.0,0.0,0.3125,False,False,True,0.0,4,1,0,odd_even_mismatch,50.0,C,False,,cascade_only,0.0,0.0,0,False,/mnt/c/Users/Gamze/Desktop/projects/AstroTransit/outputs_discovery/json/TIC_378528263_S17.json,/mnt/c/Users/Gamze/Desktop/projects/AstroTransit/outputs_discovery/targets/TIC_378528263/figures,378528263,NOVEL_CANDIDATE,REJECT,invalid period,LOW_PRIORITY,0,invalid period
TIC 373059236,TESS,TESS,17,373059236,9.6514,0.0,5104.0,8.8973,0.0,0.505384424089755,72.3848880034998,0.5512465473551299,12.459939952723026,133.0266042965933,0.0,0.0,0.0,999.0,period_mismatch,False,0.0,0.0,0.0,0.0,0.0,0.0,0.0,0.0,0.0,0.0,0.0,0.0,0.0,0.0,1.0,0.0,0.0,0.0,0.0,0.0,0.0,0.0,0.0,0.0,0.0,653.4857823687212,227.56826565937916,0.8675239545629246,14590,0,0.0,0.0,0.0,0.3125,False,False,True,0.0,4,1,0,odd_even_mismatch,50.0,C,False,,cascade_only,0.0,0.0,0,False,/mnt/c/Users/Gamze/Desktop/projects/AstroTransit/outputs_discovery/json/TIC_373059236_S17.json,/mnt/c/Users/Gamze/Desktop/projects/AstroTransit/outputs_discovery/targets/TIC_373059236/figures,373059236,NOVEL_CANDIDATE,REJECT,invalid period,LOW_PRIORITY,0,invalid period
TIC 403021471,TESS,TESS,43,403021471,8.40556,0.0,4799.0,8.9628,0.0,0.552590057863122,8.97902655461302,0.3213154413792975,23.08988631111515,229.0420585630004,0.0,0.0,0.0,999.0,period_mismatch,False,0.0,0.0,0.0,0.0,0.0,0.0,0.0,0.0,0.0,0.0,0.0,0.0,0.0,0.0,1.0,0.0,0.0,0.0,0.0,0.0,0.0,0.0,0.0,0.0,0.0,709.7209326775666,338.27220440568124,0.7896065708935026,13755,0,0.0,0.0,0.0,0.3125,False,False,True,0.0,4,1,0,odd_even_mismatch,50.0,C,False,,cascade_only,0.0,0.0,0,False,/mnt/c/Users/Gamze/Desktop/projects/AstroTransit/outputs_discovery/json/TIC_403021471_S43.json,/mnt/c/Users/Gamze/Desktop/projects/AstroTransit/outputs_discovery/targets/TIC_403021471/figures,403021471,NOVEL_CANDIDATE,REJECT,invalid period,LOW_PRIORITY,0,invalid period
TIC 373133845,TESS,TESS,58,373133845,9.12905,0.0,4873.79,9.03024,0.0,1.27548588847821,74.1052214745356,0.4584889191206116,23.53113983778103,214.83110298115005,0.0,0.0,0.0,999.0,period_mismatch,False,0.0,0.0,0.0,0.0,0.0,0.0,0.0,0.0,0.0,0.0,0.0,0.0,0.0,0.0,1.0,0.0,0.0,0.0,0.0,0.0,0.0,0.0,0.0,0.0,0.0,741.9579388701768,376.2605032992425,0.9757890431633378,19468,0,0.0,0.0,0.0,0.3125,False,False,True,0.0,4,1,0,odd_even_mismatch,50.0,C,False,,cascade_only,0.0,0.0,0,False,/mnt/c/Users/Gamze/Desktop/projects/AstroTransit/outputs_discovery/json/TIC_373133845_S58.json,/mnt/c/Users/Gamze/Desktop/projects/AstroTransit/outputs_discovery/targets/TIC_373133845/figures,373133845,NOVEL_CANDIDATE,REJECT,invalid period,LOW_PRIORITY,0,invalid period
TIC 373064651,TESS,TESS,18,373064651,1.79276,0.0,6588.0,9.1598,0.0,0.273820887265635,77.2098754433229,21.162369846662774,7.9629278978768685,512.0404600330586,0.0,0.0,0.0,999.0,period_mismatch,False,0.0,0.0,0.0,0.0,0.0,0.0,0.0,0.0,0.0,0.0,0.0,0.0,0.0,0.0,1.0,0.0,0.0,0.0,0.0,0.0,0.0,0.0,0.0,0.0,0.0,674.6447306361359,144.70045637042605,0.885675350050105,15060,0,0.0,0.0,0.0,0.3125,False,False,True,0.0,4,1,0,odd_even_mismatch,50.0,C,False,,cascade_only,0.0,0.0,0,False,/mnt/c/Users/Gamze/Desktop/projects/AstroTransit/outputs_discovery/json/TIC_373064651_S18.json,/mnt/c/Users/Gamze/Desktop/projects/AstroTransit/outputs_discovery/targets/TIC_373064651/figures,373064651,NOVEL_CANDIDATE,REJECT,invalid period,LOW_PRIORITY,0,invalid period
TIC 83958869,TESS,TESS,17,83958869,0.727916,0.0,4643.32,9.5754,0.0,0.446398829079091,31.8521146244177,19.843430212745307,7.054262229370922,500.72714858340197,0.0,0.0,0.0,999.0,period_mismatch,False,0.0,0.0,0.0,0.0,0.0,0.0,0.0,0.0,0.0,0.0,0.0,0.0,0.0,0.0,1.0,0.0,0.0,0.0,0.0,0.0,0.0,0.0,0.0,0.0,0.0,843.5882299002617,170.97468146040742,0.7695734902096514,13012,0,0.0,0.0,0.0,0.3125,False,False,True,0.0,4,1,0,odd_even_mismatch,50.0,C,False,,cascade_only,0.0,0.0,0,False,/mnt/c/Users/Gamze/Desktop/projects/AstroTransit/outputs_discovery/json/TIC_83958869_S17.json,/mnt/c/Users/Gamze/Desktop/projects/AstroTransit/outputs_discovery/targets/TIC_83958869/figures,83958869,NOVEL_CANDIDATE,REJECT,invalid period,LOW_PRIORITY,0,invalid period
TIC 258876978,TESS,TESS,57,258876978,1.3133,0.0,6177.0,9.8317,0.0,1.86743350821874,20.4932405362487,0.31157951439795756,13.401659569810914,572.7470649607991,0.0,0.0,0.0,999.0,period_mismatch,False,0.0,0.0,0.0,0.0,0.0,0.0,0.0,0.0,0.0,0.0,0.0,0.0,0.0,0.0,1.0,0.0,0.0,0.0,0.0,0.0,0.0,0.0,0.0,0.0,0.0,1577.3279407590333,340.5392322144768,0.868314988089338,17975,0,0.0,0.0,0.0,0.3125,False,False,True,0.0,4,1,0,odd_even_mismatch,50.0,C,False,,cascade_only,0.0,0.0,0,False,/mnt/c/Users/Gamze/Desktop/projects/AstroTransit/outputs_discovery/json/TIC_258876978_S57.json,/mnt/c/Users/Gamze/Desktop/projects/AstroTransit/outputs_discovery/targets/TIC_258876978/figures,258876978,NOVEL_CANDIDATE,REJECT,invalid period,LOW_PRIORITY,0,invalid period
TIC 357353192,TESS,TESS,42,357353192,8.34287,0.0,4716.0,8.3622,0.0,1.71838224588589,12.8345473330824,0.3928889958186227,21.692627775197238,185.18753962615264,0.0,0.0,0.0,999.0,period_mismatch,False,0.0,0.0,0.0,0.0,0.0,0.0,0.0,0.0,0.0,0.0,0.0,0.0,0.0,0.0,1.0,0.0,0.0,0.0,0.0,0.0,0.0,0.0,0.0,0.0,0.0,573.1570999822991,325.34393685017056,0.6688744619600407,11090,0,0.0,0.0,0.0,0.33125,False,False,True,0.0,3,1,1,odd_even_mismatch,28.96562500000028,C,False,,cascade_only,0.0,0.0,0,False,/mnt/c/Users/Gamze/Desktop/projects/AstroTransit/outputs_discovery/json/TIC_357353192_S42.json,/mnt/c/Users/Gamze/Desktop/projects/AstroTransit/outputs_discovery/targets/TIC_357353192/figures,357353192,NOVEL_CANDIDATE,REJECT,invalid period,LOW_PRIORITY,0,invalid period
TIC 201693582,TESS,TESS,17,201693582,1.61276,0.0,6795.0,9.4781,0.0,1.61938044117253,52.2259616681869,0.6678498842451897,164.7004594049815,2383.818594699716,0.0,0.0,0.0,999.0,period_mismatch,False,0.0,0.0,0.0,0.0,0.0,0.0,0.0,0.0,0.0,0.0,0.0,0.0,0.0,0.0,1.0,0.0,0.0,0.0,0.0,0.0,0.0,0.0,0.0,0.0,0.0,0.0,0.0,0.0,0,0,0.0,0.0,0.0,0.0,False,False,False,0.0,0,0,0,,0.0,,False,,cascade_only,0.0,0.0,0,False,/mnt/c/Users/Gamze/Desktop/projects/AstroTransit/outputs_discovery/json/TIC_201693582_S17.json,/mnt/c/Users/Gamze/Desktop/projects/AstroTransit/outputs_discovery/targets/TIC_201693582/figures,201693582,NOVEL_CANDIDATE,REJECT,invalid period,LOW_PRIORITY,0,invalid period
TIC 456481802,TESS,TESS,83,456481802,1.19054,1.018,5711.36,8.97512,4.29433,0.0118748885679007,17.4476949757636,24.476021664667105,19.549562059138626,1859.3799648753961,11.780152815143365,4.935090982171554,10.68622186607562,3.361307017268061,period_mismatch,False,11.780152815143365,0.04074275873897992,3559.5609855353596,2.1637023790905845,0.0005334689023471784,533.4689023471784,0.020771205424175085,0.0,0.0,0.0,0.0,0.0,0.0,0.0,1.0,2.700350203279499,0.24064134651560576,0.10193293437085217,860.9124436350667,130.2287650691846,0.8507382651184613,431.44297477328047,10.68622186607562,10.68622186607562,0.09520905418073035,599.6701961537087,133.19518129999082,0.9655435700303068,17318,3,0.0,0.9995566368096498,3.780698478444997e-10,0.26666666666666666,False,False,True,0.0,6,1,1,odd_even_mismatch,50.0,C,False,,cascade_only,0.0,0.0,0,False,/mnt/c/Users/Gamze/Desktop/projects/AstroTransit/outputs_discovery/json/TIC_456481802_S83.json,/mnt/c/Users/Gamze/Desktop/projects/AstroTransit/outputs_discovery/targets/TIC_456481802/figures,456481802,NOVEL_CANDIDATE,WATCHLIST,moderate candidate,LOW_PRIORITY,-15,watchlist; class C; snr>=10; 3+ transits; binary-suspect; high odd-even mismatch
TIC 238301837,TESS,TESS,57,238301837,1.10362,1.098,5976.0,9.49393,4.39303,0.784087829987624,22.3977603147598,13.850355353317724,19.431724891642553,2484.649271672579,9.75819835352181,4.782476480156324,7.801931994731681,3.514469213181701,period_mismatch,False,9.75819835352181,0.027455819634605305,2860.9235499873253,2.0336689234889893,0.0005578730817459299,557.8730817459299,0.021240994676851192,0.0,0.0,0.0,0.0,0.0,0.0,0.0,1.0,2.5598163615667735,0.22811769204305254,0.09220302979272545,911.9110765499013,163.9384955401718,1.1519239744567573,451.1798548620207,7.801931994731681,7.801931994731681,0.07261852005714399,788.4370284697493,182.43267452870808,0.8651749828241964,17910,3,0.0,0.9919921185478182,3.780698478444997e-10,0.26666666666666666,False,False,True,0.0,6,1,1,odd_even_mismatch,50.0,C,False,,cascade_only,0.0,0.0,0,False,/mnt/c/Users/Gamze/Desktop/projects/AstroTransit/outputs_discovery/json/TIC_238301837_S57.json,/mnt/c/Users/Gamze/Desktop/projects/AstroTransit/outputs_discovery/targets/TIC_238301837/figures,238301837,NOVEL_CANDIDATE,WATCHLIST,moderate candidate,LOW_PRIORITY,-20,watchlist; class C; snr>=7.5; 3+ transits; binary-suspect; high odd-even mismatch
TIC 395320482,TESS,TESS,42,395320482,0.845903,1.0,5645.32,9.3798,4.58343,1.0764803892167,12.0512454675442,16.899972471045977,15.442137441925441,1567.9907482462063,8.464454282679673,3.910391463694701,7.226499715074127,3.247896992447056,confirmed,True,8.431693535832634,0.008464454282679673,2453.659697303864,1.3273535179176164,0.0009296103385783017,929.6103385783017,0.024999841538767612,0.0,0.3782157737607078,20.664250210187816,88.95126232754748,0.3285254362831171,0.19359683034809436,-7.050512918974938,1.0000225076610219,2.309256737388459,0.20578910470964407,0.08107890218756576,804.2658609551454,99.1903720401681,2.3297990732630653,624.9920769634906,7.226499715074127,7.226499715074127,0.08346008672963907,1149.6428367710616,258.3890120756386,0.668874437482737,11090,3,1146.32875240695,0.9904476406051265,3.780698478444997e-10,0.28095238095238095,False,False,True,0.0,5,1,2,odd_even_mismatch,100.0,A,False,,map,59357.58110012714,0.0,0,False,/mnt/c/Users/Gamze/Desktop/projects/AstroTransit/outputs_discovery/json/TIC_395320482_S42.json,/mnt/c/Users/Gamze/Desktop/projects/AstroTransit/outputs_discovery/targets/TIC_395320482/figures,395320482,NOVEL_CANDIDATE,REJECT,low quality or likely false positive,LOW_PRIORITY,-20,class A; snr>=5.5; 3+ transits; binary-suspect; high odd-even mismatch
TIC 194304288,TESS,TESS,17,194304288,1.09444,1.094,5966.77,9.78913,4.3987,2.10536009554099,38.5503598092259,19.81890239309025,7.255702393266616,1233.9033167799719,9.892216048930708,7.255289347938448,5.876331397793787,4.125991627526983,confirmed,True,9.84949381560107,0.009892216048930707,1766.0571740957002,1.6993317580956937,0.0004675038766281947,467.5038766281947,0.01142634408918643,0.0,0.4758900170500954,18.25928580012999,88.5065364746912,0.37814455516503337,0.18864481973721972,-8.263510111363,1.0000285658533543,1.3655690144358925,0.12169249973383135,0.09266442451384747,904.4477377687175,158.63714634805424,1.1768513597859451,130.56133924448568,5.876331397793787,5.876331397793787,0.05382318545636172,938.2477845388015,190.44675669487097,0.7773683798046161,12944,3,938.2249901025061,0.9891865187818153,1.8903492392224985e-10,0.23809523809523808,False,False,True,25.25484042159576,7,1,0,odd_even_mismatch,100.0,A,False,,map,71879.56338332375,0.0,0,False,/mnt/c/Users/Gamze/Desktop/projects/AstroTransit/outputs_discovery/json/TIC_194304288_S17.json,/mnt/c/Users/Gamze/Desktop/projects/AstroTransit/outputs_discovery/targets/TIC_194304288/figures,194304288,NOVEL_CANDIDATE,REJECT,low quality or likely false positive,LOW_PRIORITY,-20,class A; snr>=5.5; 3+ transits; binary-suspect; high odd-even mismatch
TIC 352146741,TESS,TESS,17,352146741,0.92208,0.98,5569.0,8.1477,4.49976,0.515460883155613,37.1144432850526,5.044093165194522,16.66996705799149,254.49478335493046,5.002815466803693,2.958090145911077,12.23799555851196,0.7694115097425294,confirmed,True,5.002255216470168,0.005002815466803693,1767.1200364751894,3.6063746217827006,0.00031007893731416214,310.07893731416215,0.00791795965752587,0.0,0.35376509537889833,13.261439044869762,88.47138371568217,0.21356961944301955,0.010110575279878704,-8.051582240539007,1.0000083339340156,0.7972532258784599,0.07104711439142378,0.056861359641787804,989.1396613415776,226.93498109620253,1.7627894096695385,62.694085138207186,12.23799555851196,12.23799555851196,0.12797323662933502,500.84550348804095,122.64238829566405,0.780006864558149,13087,5,500.8205576852012,0.9877161256753794,0.0,0.02857142857142857,False,False,False,0.0,7,0,1,,100.0,A,False,,map,80882.10764295071,0.0,0,False,/mnt/c/Users/Gamze/Desktop/projects/AstroTransit/outputs_discovery/json/TIC_352146741_S17.json,/mnt/c/Users/Gamze/Desktop/projects/AstroTransit/outputs_discovery/targets/TIC_352146741/figures,352146741,NOVEL_CANDIDATE,FOLLOWUP,strong candidate,SMALL_COOL_CORE,95,followup; class A; snr>=10; multi-transit; small-cool-core
TIC 347299560,TESS,TESS,24,347299560,0.822076,0.8,4878.0,8.1797,4.51133,1.46007362197156,56.5002243832995,14.203495220748497,19.9292573769662,717.1405815888932,4.738980447569755,7.291311934159032,10.804278558282869,1.3622875533570336,confirmed,True,4.767362724798655,0.004738980447569755,1955.575820267172,3.9110517560469287,0.00032634667260822425,326.34667260822425,0.00812300547014314,0.0,1.0023923122533585,13.40856223254769,85.71270366246893,0.5285020585028148,-0.14563603424031324,-7.5220459313067956,0.9999957486342305,0.7291940451543587,0.06498202962119425,0.05146517387182427,859.8956968038264,129.61464778494678,2.030646105024197,65.98321786797538,10.804278558282869,10.804278558282869,0.09741086690819464,688.6293393891956,205.65229128106282,0.9006999668822193,17170,6,688.6371016823957,0.9961471651227511,2.3151955358767474e-10,0.02857142857142857,False,False,False,0.0,7,0,1,,100.0,A,False,,map,100627.83729459696,0.0,0,False,/mnt/c/Users/Gamze/Desktop/projects/AstroTransit/outputs_discovery/json/TIC_347299560_S24.json,/mnt/c/Users/Gamze/Desktop/projects/AstroTransit/outputs_discovery/targets/TIC_347299560/figures,347299560,NOVEL_CANDIDATE,FOLLOWUP,strong candidate,SMALL_COOL_CORE,95,followup; class A; snr>=10; multi-transit; small-cool-core
TIC 238432056,TESS,TESS,17,238432056,0.889627,0.96,5489.0,5.3971,4.52192,1.6532670438182,29.0215028909291,13.003978595327686,123.37451462258512,1017.4989854419003,3.8473474971877732,8.204908593279377,28.399098464563668,1.9791000418230436,period_mismatch,False,3.8473474971877732,0.03579046652540052,1764.8082981674113,2.753838758840328,0.0005781022081057241,578.1022081057241,0.02162267700368075,0.0,0.0,0.0,0.0,0.0,0.0,0.0,1.0,2.1005441513178473,0.18718971056965822,0.04740556620686244,1048.7869055529106,286.82698462295696,1.9227708579780365,467.54016080550434,28.399098464563668,28.399098464563668,0.32173873855988394,434.6681401439673,302.61931101264344,0.7701055921239893,13021,7,0.0,0.8827991732866568,4.630391071753495e-10,0.0,False,False,False,0.0,8,0,0,,50.0,C,False,,cascade_only,0.0,0.0,0,False,/mnt/c/Users/Gamze/Desktop/projects/AstroTransit/outputs_discovery/json/TIC_238432056_S17.json,/mnt/c/Users/Gamze/Desktop/projects/AstroTransit/outputs_discovery/targets/TIC_238432056/figures,238432056,NOVEL_CANDIDATE,WATCHLIST,moderate candidate,SMALL_COOL_CORE,62,watchlist; class C; snr>=20; multi-transit; moderate odd-even mismatch; small-cool-core
TIC 83959472,TESS,TESS,17,83959472,0.811567,0.89,5223.0,9.6831,4.56881,0.555252893670364,33.5339825229705,9.607345608051974,31.694354788350942,1934.5744363182814,9.594121341602673,3.4005704746648338,9.668669177189093,0.8577410532801265,confirmed,True,9.706017820272947,0.009594121341602672,1769.7121371535484,3.5529240609546147,0.0018137876131401054,1813.7876131401053,0.019150070052920562,0.0,0.47955521123832456,22.522503787071795,88.77995064590588,0.0,-1.0,-5.909906761843751,1.000093220475958,1.697106686982524,0.1512374349964424,0.0856620985385566,709.0756600209581,59.92958815450522,2.3479942670114835,366.7251830317649,9.668669177189093,9.668669177189093,0.0998094921309913,2885.035109213919,917.9179631790638,0.7794704441895973,13078,3,2884.7769083668713,0.9851572396471222,0.0,0.0,False,False,False,37.00451492028023,8,0,0,,100.0,A,False,,map,57930.85857989593,0.0,0,False,/mnt/c/Users/Gamze/Desktop/projects/AstroTransit/outputs_discovery/json/TIC_83959472_S17.json,/mnt/c/Users/Gamze/Desktop/projects/AstroTransit/outputs_discovery/targets/TIC_83959472/figures,83959472,NOVEL_CANDIDATE,REJECT,low quality or likely false positive,SMALL_COOL_CORE,60,class A; snr>=7.5; 3+ transits; small-cool-core
TIC 439949948,TESS,TESS,17,439949948,0.61088,0.61,3947.0,7.4218,4.65149,1.42084507877455,45.8103759730057,13.432545592665582,15.395588019243053,550.7238590236607,6.7198919810645,4.024779863534333,7.9693993731543165,,confirmed,True,6.741638752115444,0.006719891981064501,1767.9826196909917,1.4125353905163567,0.0005883174971367255,588.3174971367256,0.011407905900717719,0.0,0.33709685869619427,20.80669690908717,89.07168963814225,0.3874789467296425,0.13324389418959715,-7.539557742431018,1.000010377043541,0.7609852432817136,0.0678150979822609,0.059235889492045266,559.0586091384658,23.157962187468975,3.773481964618608,130.14031703963013,7.9693993731543165,7.9693993731543165,0.08877284557912359,653.9697860554218,160.46104695467878,0.7798879466124904,13085,3,653.8180529809633,0.972937024022885,1.8903492392224985e-10,0.0,False,False,False,0.0,8,0,0,,100.0,A,False,,map,77380.5994582484,0.0,0,False,/mnt/c/Users/Gamze/Desktop/projects/AstroTransit/outputs_discovery/json/TIC_439949948_S17.json,/mnt/c/Users/Gamze/Desktop/projects/AstroTransit/outputs_discovery/targets/TIC_439949948/figures,439949948,NOVEL_CANDIDATE,REJECT,low quality or likely false positive,SMALL_COOL_CORE,60,class A; snr>=7.5; 3+ transits; small-cool-core
TIC 117929446,TESS,TESS,57,117929446,0.791644,0.87,5148.0,8.8397,4.58053,0.252424732418509,27.8863309497249,13.73499345223351,9.313968471451947,536.2397019597065,13.721846342541944,7.843974818609029,7.90884832835533,1.5559612643952367,confirmed,True,13.794193046854224,0.013721846342541944,2855.8198197114443,1.8559155537010446,0.00041175353195255227,411.7535319525523,0.00912422145948117,0.0,0.0,29.088797526271897,90.0,0.999999989876502,1.0,-8.452483832293506,1.0000124251717395,0.7887513953703436,0.07028947490494683,0.1074653856684032,616.2741009221679,34.195318150538846,2.472917584608725,83.2514172416567,7.90884832835533,7.90884832835533,0.068867643305209,577.2033911223566,147.0857218537398,0.8685082197051183,17979,3,577.0918617289703,0.9971949909246022,0.0,0.0,False,False,False,21.05291847454005,8,0,0,,100.0,A,False,,map,108567.19177105284,0.0,0,False,/mnt/c/Users/Gamze/Desktop/projects/AstroTransit/outputs_discovery/json/TIC_117929446_S57.json,/mnt/c/Users/Gamze/Desktop/projects/AstroTransit/outputs_discovery/targets/TIC_117929446/figures,117929446,NOVEL_CANDIDATE,REJECT,low quality or likely false positive,SMALL_COOL_CORE,52,class A; snr>=7.5; 3+ transits; moderate odd-even mismatch; small-cool-core
TIC 407335307,TESS,TESS,17,407335307,1.382,1.302,6437.0,8.86001,4.27166,0.830414815120056,33.9507261916887,22.107501004170558,8.809868315696884,327.11891592118735,11.044582975073727,6.487067977902635,6.654236669469434,,confirmed,True,11.215595029090204,0.011044582975073727,1767.3009377508522,2.2748923295101746,0.00039254028922186546,392.54028922186546,0.011534120884848892,0.0,0.6271538809885783,16.491851203869434,87.82062447564665,0.3429617863429149,0.28659371714633947,-8.521500288179535,1.0000154953086713,1.7406319066445635,0.15511617911420178,0.10708201267238818,1019.9619839361592,256.5706188498533,0.6956119254548705,133.03594458630738,6.654236669469434,6.654236669469434,0.08066617807430942,609.132448354855,145.52550301177317,0.7798876199996752,13085,3,608.8759467469501,0.9889478408729453,1.8903492392224985e-10,0.0,False,False,False,18.68013899697374,8,0,0,,100.0,A,False,,map,78314.18507542652,0.0,0,False,/mnt/c/Users/Gamze/Desktop/projects/AstroTransit/outputs_discovery/json/TIC_407335307_S17.json,/mnt/c/Users/Gamze/Desktop/projects/AstroTransit/outputs_discovery/targets/TIC_407335307/figures,407335307,NOVEL_CANDIDATE,REJECT,low quality or likely false positive,SMALL_COOL_SECOND_LOOK,45,class A; snr>=5.5; 3+ transits; small-cool-second-look
TIC 354532520,TESS,TESS,17,354532520,0.777686,0.93,5387.58,8.8917,4.62494,1.75274831724477,32.8700967936002,9.914722251460761,8.139251666186025,520.0175600890144,9.905661988751918,4.378015241781347,6.401414369732828,0.22156663354949127,confirmed,True,9.956765640188243,0.009905661988751919,1766.752651975667,1.7783866865270475,0.00035550651491544905,355.50651491544903,0.008478147048695787,0.0,0.34779401174186975,24.364263039806634,89.1820887093243,0.21953556520195797,0.025306547847046963,-8.239350389261931,1.000017412108437,0.7199786595598588,0.06416080176881135,0.08841741708869807,704.7444714272846,58.47869764363227,2.788369154872219,71.87897737930908,6.401414369732828,6.401414369732828,0.06346758096821888,621.9905104982762,124.65999212007574,0.7699876153859777,13019,3,621.9169241079791,0.9943890450439996,0.0,0.0,False,False,False,21.871966313202762,8,0,0,,100.0,A,False,,map,77642.06227143995,0.0,0,False,/mnt/c/Users/Gamze/Desktop/projects/AstroTransit/outputs_discovery/json/TIC_354532520_S17.json,/mnt/c/Users/Gamze/Desktop/projects/AstroTransit/outputs_discovery/targets/TIC_354532520/figures,354532520,NOVEL_CANDIDATE,REJECT,low quality or likely false positive,SMALL_COOL_SECOND_LOOK,45,class A; snr>=5.5; 3+ transits; small-cool-second-look
TIC 258876865,TESS,TESS,57,258876865,1.1021,0.92,5336.0,8.3951,4.31742,1.82562870267991,20.965071872026,20.7780616249909,16.483233765912924,2871.5572347303155,12.829658717848526,3.951255563566481,6.148336231905738,1.1324975344381996,period_mismatch,False,12.829658717848526,0.04468601647327475,2853.8704914247764,1.9831349781954977,0.0002944987079328554,294.4987079328554,0.015432946252763818,0.0,0.0,0.0,0.0,0.0,0.0,0.0,1.0,1.8573093470945639,0.16551387358500905,0.10432074087512695,764.9722971790212,81.18089087914434,0.969181206117698,238.17583004069678,6.148336231905738,6.148336231905738,0.05368676900654562,555.7753231890063,121.49903255923361,0.8436776746037463,17465,3,0.0,0.9973993634424659,3.780698478444997e-10,0.02857142857142857,False,False,False,4.936094295304727,7,0,1,,50.0,C,False,,cascade_only,0.0,0.0,0,False,/mnt/c/Users/Gamze/Desktop/projects/AstroTransit/outputs_discovery/json/TIC_258876865_S57.json,/mnt/c/Users/Gamze/Desktop/projects/AstroTransit/outputs_discovery/targets/TIC_258876865/figures,258876865,NOVEL_CANDIDATE,WATCHLIST,moderate candidate,SMALL_COOL_SECOND_LOOK,40,watchlist; class C; snr>=5.5; 3+ transits; small-cool-second-look
TIC 432549056,TESS,TESS,17,432549056,0.904996,1.05,5818.89,9.4349,4.54596,0.223411248490263,37.8652115256967,0.5827517153922405,20.868236302505878,350.46478986178187,0.5828608266767652,5.139534357424278,13.141919190281753,0.41226657982484816,confirmed,True,0.5821358050054575,0.0005828608266767652,1765.0627967041037,1.3067766507961753,0.0003655886877547143,365.58868775471433,0.019921593610749116,0.0,0.23083789113124703,3.2981261264104305,85.98655156029305,0.3712119367228781,0.4221147079058843,-8.035961468929047,1.0000619499922323,1.96872535442829,0.17544269614869687,0.01386896201476816,2073.223939387154,4379.815755005175,1.9976963854440017,396.86989199184,13.141919190281753,13.141919190281753,0.14820717901057312,848.4035629668291,284.80168716650877,0.7789339922900007,13069,40,842.1919573100474,0.9948482383861966,4.42317486067465e-10,0.23809523809523808,False,False,False,348.82596986041125,7,1,0,secondary_eclipse,100.0,A,False,,map,73976.58613385739,0.0,0,False,/mnt/c/Users/Gamze/Desktop/projects/AstroTransit/outputs_discovery/json/TIC_432549056_S17.json,/mnt/c/Users/Gamze/Desktop/projects/AstroTransit/outputs_discovery/targets/TIC_432549056/figures,432549056,NOVEL_CANDIDATE,FOLLOWUP,strong candidate,SMALL_HOT,82,followup; class A; snr>=10; multi-transit; small-hot
TIC 407335667,TESS,TESS,17,407335667,1.29608,1.34,6518.68,9.18941,4.33991,0.833820334473554,33.1061379735533,0.5362012089913787,25.730130312662194,311.4524702553245,1.6243493514365996,4.634790144995823,12.887892937985075,0.7330999026957236,confirmed,True,1.6486232691067877,0.0016243493514365996,1765.7622291922169,2.981591974344144,0.00034735419069253926,347.35419069253925,0.018049933884903238,0.0,0.5572845466579217,4.946868029169042,83.53166934007254,0.8787974095817875,-1.0,-7.9745734731830265,1.0000389031704353,2.5545936173207857,0.22765226788942433,0.03011252688047604,1886.2822734285257,3001.219194403139,0.8679396628626342,325.8001132493781,12.887892937985075,12.887892937985075,0.1424797850758027,755.4065651208964,307.0829932440114,0.7799473104503418,13086,14,752.0473751158319,0.999902241187963,5.671047717667496e-10,0.0,False,False,False,0.0,8,0,0,,100.0,A,False,,map,75559.63894862116,0.0,0,False,/mnt/c/Users/Gamze/Desktop/projects/AstroTransit/outputs_discovery/json/TIC_407335667_S17.json,/mnt/c/Users/Gamze/Desktop/projects/AstroTransit/outputs_discovery/targets/TIC_407335667/figures,407335667,NOVEL_CANDIDATE,FOLLOWUP,strong candidate,SMALL_HOT,82,followup; class A; snr>=10; multi-transit; small-hot
TIC 405266660,TESS,TESS,42,405266660,1.2474,1.39,6622.0,9.1496,4.38907,0.326324807320059,11.5600869328819,0.9705803740849209,22.51178769169917,359.82653777255626,0.9680167325237223,2.820900688063697,12.831414200209776,1.2722247479754947,confirmed,True,0.9718776864441111,0.0009680167325237224,2448.5498237029683,1.8482296284989932,0.00036213287274833306,362.13287274833306,0.012958857095058687,0.0,0.3134734293864992,3.684642392624472,85.11962365462813,0.2623687621238467,0.19606354050036978,-7.954551485120194,1.0000246687343488,1.765171222947689,0.15730299699826172,0.021431076764275952,2228.305680529182,5844.805334673969,1.0098985411912582,167.93197721015287,12.831414200209776,12.831414200209776,0.16547541197176835,764.4750920775763,325.56330824456927,0.6688744295519364,11090,24,763.0042382630651,0.9786367931115282,1.1652895320764922e-09,0.014285714285714285,False,False,False,0.0,7,0,1,,100.0,A,False,,map,63885.13452209628,0.0,0,False,/mnt/c/Users/Gamze/Desktop/projects/AstroTransit/outputs_discovery/json/TIC_405266660_S42.json,/mnt/c/Users/Gamze/Desktop/projects/AstroTransit/outputs_discovery/targets/TIC_405266660/figures,405266660,NOVEL_CANDIDATE,FOLLOWUP,strong candidate,SMALL_HOT,82,followup; class A; snr>=10; multi-transit; small-hot
TIC 405609794,TESS,TESS,17,405609794,1.50092,1.227,6279.0,8.61823,4.1742,0.787630407107367,45.1251077098187,0.3119396093031674,45.11276243950564,747.8836955974177,0.6241561852804289,13.368816064305886,11.533275611612684,0.24941064641376,confirmed,True,0.6237712075123029,0.000624156185280429,1764.8133330590877,1.0984018003493214,0.00030681753153283253,306.8175315328325,0.016653129621675995,0.0,0.0,2.192436733258472,90.0,0.0,-1.0,-6.915926447600549,1.00005417184851,2.729403885166467,0.2432304614837403,0.015296652057862715,2743.3156331366704,13426.848701248726,0.5117432140400744,277.32672619634246,11.533275611612684,11.533275611612684,0.08138485202236372,1144.2517409732486,435.8476762796415,0.7798879213747135,13085,38,1140.3524233398405,0.9893094392193723,3.019112907648731e-09,0.23809523809523808,False,False,False,194.259522588891,7,1,0,secondary_eclipse,100.0,A,False,,map,70102.09409771617,0.0,0,False,/mnt/c/Users/Gamze/Desktop/projects/AstroTransit/outputs_discovery/json/TIC_405609794_S17.json,/mnt/c/Users/Gamze/Desktop/projects/AstroTransit/outputs_discovery/targets/TIC_405609794/figures,405609794,NOVEL_CANDIDATE,FOLLOWUP,strong candidate,SMALL_HOT,82,followup; class A; snr>=10; multi-transit; small-hot
TIC 282721706,TESS,TESS,57,282721706,1.63713,1.783,7637.0,8.34015,4.26105,1.88044910777594,24.3212065401314,0.3538496825214651,21.405659702060216,153.87143355649613,0.7080558381319516,10.201836193180636,10.76642346005236,0.6150485052637179,confirmed,True,0.7064615731199552,0.0007080558381319516,2854.0110035809116,1.508121804662795,0.0001657479825848407,165.74798258484068,0.011541221675939897,0.0,0.7051240861648326,2.476394670554871,73.45680162375415,0.18638989388773522,-0.033114892812939785,-7.884893539786646,1.0000155903332648,2.0632380952111147,0.18386518637875585,0.018825251839474515,3141.222457946961,23081.59182107164,0.5730361313588851,133.1997977731849,10.76642346005236,10.76642346005236,0.0922527993571595,564.5095977300031,163.51035700206202,0.868508102128451,17979,40,562.9235570986469,0.9867171055730454,7.0823795433680045e-09,0.23809523809523808,False,False,False,121.14597198775724,7,1,0,secondary_eclipse,100.0,A,False,,map,109014.56116825754,0.0,0,False,/mnt/c/Users/Gamze/Desktop/projects/AstroTransit/outputs_discovery/json/TIC_282721706_S57.json,/mnt/c/Users/Gamze/Desktop/projects/AstroTransit/outputs_discovery/targets/TIC_282721706/figures,282721706,NOVEL_CANDIDATE,FOLLOWUP,strong candidate,SMALL_HOT,82,followup; class A; snr>=10; multi-transit; small-hot
TIC 359043182,TESS,TESS,85,359043182,0.0,0.0,6850.0,9.55653,0.0,1.39348570922979,64.0879173533794,0.3426146345159016,21.52926562564202,726.2432859990175,0.6855222816920876,7.850910694192895,9.514747345072562,0.47116328757365056,confirmed,True,0.6853280299528005,0.0006855222816920877,3611.066916248019,0.6949907981403417,0.00026801756080874206,268.0175608087421,0.01361932352849405,0.0,0.016200888552069408,3.2720652688907177,89.71631179245627,0.0,-0.012127913058212297,-7.28177894946963,1.0000175458812313,1.4872019115952457,0.13253179906525642,0.015213541176070275,2449.5151589032916,8534.76381789042,1.4101982251593173,185.4859733737916,9.514747345072562,9.514747345072562,0.0578974997334738,1122.4010525965061,261.96343295074354,0.6828208156432749,12527,37,1120.0317429845788,0.990314586554017,4.814451384914187e-10,0.014285714285714285,False,False,False,0.0,7,0,1,,100.0,A,False,,map,67336.80096642241,0.0,0,False,/mnt/c/Users/Gamze/Desktop/projects/AstroTransit/outputs_discovery/json/TIC_359043182_S85.json,/mnt/c/Users/Gamze/Desktop/projects/AstroTransit/outputs_discovery/targets/TIC_359043182/figures,359043182,NOVEL_CANDIDATE,REJECT,low quality or likely false positive,SMALL_HOT,52,class A; snr>=7.5; multi-transit; small-hot
TIC 378474491,TESS,TESS,52,378474491,2.12147,1.369,6580.0,9.42581,3.9212,0.346652355144198,70.7694340295712,0.39519899235646755,15.08905810346904,192.4377509503472,1.1880963759757703,5.556436636910929,8.911920729536499,0.5514911426480837,confirmed,True,1.1774640541539343,0.0011880963759757703,2719.446225107309,2.256483171828412,0.00021496749620153466,214.96749620153466,0.011277591887941852,0.0,0.5029361276796877,2.4710011259604694,78.25622559355214,0.42190312013161674,0.37140486205127854,-8.80417401430099,1.0000251847365353,2.6125683865091194,0.23281868167696523,0.02423246377939667,2715.502906264551,12890.56844999496,0.20219617129101394,127.18407879097187,8.911920729536499,8.911920729536499,0.08133442456661562,798.4924554498498,208.93751791291638,0.8715261765245768,15331,21,796.9226796409804,0.9605358743871972,1.7733047726438876e-09,0.0,False,False,False,0.0,8,0,0,,100.0,A,False,,map,87638.13437074379,0.0,0,False,/mnt/c/Users/Gamze/Desktop/projects/AstroTransit/outputs_discovery/json/TIC_378474491_S52.json,/mnt/c/Users/Gamze/Desktop/projects/AstroTransit/outputs_discovery/targets/TIC_378474491/figures,378474491,NOVEL_CANDIDATE,REJECT,low quality or likely false positive,SMALL_HOT,52,class A; snr>=7.5; multi-transit; small-hot
TIC 405186695,TESS,TESS,42,405186695,1.99315,1.72,7485.0,8.5632,4.07451,1.80241952277005,6.20427794464188,0.50291463480543,18.40669097437231,186.08230602656928,1.006735111020228,8.375330835122092,8.834749560550406,1.2430139868620114,confirmed,True,1.0256493162918146,0.001006735111020228,2448.2726108455945,1.9280637435545216,0.00016615405094078106,166.15405094078108,0.007849929532417758,0.0,0.3278402233144941,2.5412879848801744,82.58787005751051,0.0,0.14311678910239928,-8.204993126649764,1.000021038825055,1.7085202886473871,0.15225455657937256,0.023849176989131728,3018.073523580451,19669.360649647104,0.3063293848405853,61.62139366392448,8.834749560550406,8.834749560550406,0.10514075834593747,548.0579927527926,151.0867474821111,0.6686933203134774,11087,23,547.6576946588244,0.9991250001190234,1.7592307027305165e-09,0.2523809523809524,False,False,False,167.85326565815774,6,1,1,secondary_eclipse,100.0,A,False,,map,67529.24911760143,0.0,0,False,/mnt/c/Users/Gamze/Desktop/projects/AstroTransit/outputs_discovery/json/TIC_405186695_S42.json,/mnt/c/Users/Gamze/Desktop/projects/AstroTransit/outputs_discovery/targets/TIC_405186695/figures,405186695,NOVEL_CANDIDATE,REJECT,low quality or likely false positive,SMALL_HOT,52,class A; snr>=7.5; multi-transit; small-hot
TIC 201891971,TESS,TESS,17,201891971,1.63174,1.732,7509.0,9.2028,4.25131,2.96177315659021,50.989260609338,0.39956523539981903,19.135330964111738,739.7015088751457,0.6653969054401913,5.737865420159804,8.347195082718688,0.9900986126907453,period_mismatch,False,0.6653969054401913,0.0006362964988235742,1765.3549655125248,0.24065987367556071,0.00010127059166031849,101.27059166031849,0.009050005027914768,0.0,0.0,0.0,0.0,0.0,0.0,0.0,1.0,1.6125536722016132,0.14370250441443067,0.017914353155011026,3160.9071264158238,23665.622033887314,0.5621797161923324,81.90259100528257,8.347195082718688,8.347195082718688,0.014123006723482202,974.7953446938051,187.41527194444635,0.7760119749598242,12857,34,0.0,0.9961254317598602,2.3124701723236e-09,0.0,False,False,False,0.0,8,0,0,,50.0,C,False,,cascade_only,0.0,0.0,0,False,/mnt/c/Users/Gamze/Desktop/projects/AstroTransit/outputs_discovery/json/TIC_201891971_S17.json,/mnt/c/Users/Gamze/Desktop/projects/AstroTransit/outputs_discovery/targets/TIC_201891971/figures,201891971,NOVEL_CANDIDATE,WATCHLIST,moderate candidate,SMALL_HOT,47,watchlist; class C; snr>=7.5; multi-transit; small-hot
TIC 201744712,TESS,TESS,57,201744712,2.10452,1.04,5789.53,7.6144,3.80879,2.01954453390598,53.7962499557196,0.8698713202242145,100.07090827106875,533.1871939412425,0.869501043867612,10.729508026588341,61.440094955913516,0.8952845927218591,confirmed,True,0.8693827147971539,0.000869501043867612,2853.7191574405847,2.1791669658244195,0.000608543781411286,608.543781411286,0.02292649210596673,0.0,0.0,1.845776173085026,90.0,0.4039166746334784,0.047910193602824204,-8.373821322167661,1.000084885431325,5.2687193523429485,0.4695212190703425,0.01806271785976771,2756.341381572216,13683.68294364376,0.15734550150149046,525.6240402849548,61.440094955913516,61.440094955913516,0.5806719023352443,433.5797966032027,268.01037933454137,0.8685077931004178,17979,33,377.4319336554574,0.9776397910697727,4.643002237382831e-09,0.0,False,False,False,20.82585353246902,8,0,0,,100.0,A,False,,map,116201.91617987098,0.0,0,False,/mnt/c/Users/Gamze/Desktop/projects/AstroTransit/outputs_discovery/json/TIC_201744712_S57.json,/mnt/c/Users/Gamze/Desktop/projects/AstroTransit/outputs_discovery/targets/TIC_201744712/figures,201744712,NOVEL_CANDIDATE,FOLLOWUP,strong candidate,STANDARD_FOLLOWUP,80,followup; class A; snr>=20; multi-transit; standard-followup
TIC 257501838,TESS,TESS,42,257501838,1.38279,1.37,6589.76,8.7253,4.29327,0.52698956128204,0.415341895335463,0.33328832097793026,52.65925745593415,522.569436237852,0.6654594094013546,10.360779751183943,24.015912575014315,1.157146091810346,confirmed,True,0.6652034601779061,0.0006654594094013546,2447.827735287093,1.3095215439894072,0.0006231770592436403,623.1770592436403,0.024615523184213523,0.0,0.0,2.576553987999503,90.0,0.12304725948639483,0.015772011717621354,-7.711598711742319,1.0000822359961583,3.716889920847947,0.3312301472293721,0.016564354121108026,2655.615389410687,11790.4855013926,0.7306881099615384,605.9239816325534,24.015912575014315,24.015912575014315,0.3085510391446607,721.3566545799338,396.2669630024152,0.6813898018924167,11459,35,692.4330039874889,0.9910223615135636,6.175728683856631e-09,0.0857142857142857,False,False,False,195.29167039655792,6,0,2,,100.0,A,False,,map,67108.36724528819,0.0,0,False,/mnt/c/Users/Gamze/Desktop/projects/AstroTransit/outputs_discovery/json/TIC_257501838_S42.json,/mnt/c/Users/Gamze/Desktop/projects/AstroTransit/outputs_discovery/targets/TIC_257501838/figures,257501838,NOVEL_CANDIDATE,FOLLOWUP,strong candidate,STANDARD_FOLLOWUP,80,followup; class A; snr>=20; multi-transit; standard-followup
TIC 238302153,TESS,TESS,57,238302153,1.54374,1.578,7105.0,8.71501,4.25903,0.834706780462336,23.518745129923,1.181231130410158,64.86620265843186,655.8694143248279,1.189956568743276,1.8890874469659626,23.42796508330825,0.819620765211127,confirmed,True,1.1923131424238784,0.001189956568743276,2853.88947892968,2.996272702206188,0.0006286316544868997,628.6316544868997,0.025936086340890785,0.0,0.0,3.564154245006743,90.0,0.2263365481863119,-0.21217409872059872,-7.072265860367593,1.0001134321519072,4.37212931747462,0.389621718257019,0.025620869911075293,2432.5341296443626,8300.547726332414,0.6048736844584804,672.6805746821416,23.42796508330825,23.42796508330825,0.20625594515780854,1007.0511033195909,834.8206952486635,0.8685081579268595,17979,24,988.0797512884733,0.9899206649970892,2.8947660488210773e-09,0.0,False,False,False,0.0,8,0,0,,100.0,A,False,,map,98898.47965979141,0.0,0,False,/mnt/c/Users/Gamze/Desktop/projects/AstroTransit/outputs_discovery/json/TIC_238302153_S57.json,/mnt/c/Users/Gamze/Desktop/projects/AstroTransit/outputs_discovery/targets/TIC_238302153/figures,238302153,NOVEL_CANDIDATE,FOLLOWUP,strong candidate,STANDARD_FOLLOWUP,80,followup; class A; snr>=20; multi-transit; standard-followup
TIC 395321135,TESS,TESS,83,395321135,2.44447,1.402,6654.0,6.95515,3.80845,1.17193722294838,14.9652338604104,2.547601756252157,28.407259664010514,166.84899830177181,2.5506431676629693,0.7581824561447961,21.69027687023153,0.0778049642538136,confirmed,True,2.5582162447379666,0.0025506431676629695,3560.8526652286573,6.395414307719103,0.00015442134625009984,154.42134625009984,0.012077269858844077,0.0,0.0,3.597261456327052,90.0,0.17924456982503784,0.4130091611109514,-8.756541930014915,1.0000141908008924,3.2237984372517747,0.2872883657434546,0.04097372898230973,2266.872657925173,6260.074165781478,0.13535491867098626,145.86044724334363,21.69027687023153,21.69027687023153,0.1936728799987393,268.9078597678963,92.82874111783413,0.9658224631259729,17323,10,265.0130729411956,0.9889345191304814,1.0957505202978325e-09,0.0,False,False,False,0.0,8,0,0,,100.0,A,False,,map,118087.02249563158,0.0,0,False,/mnt/c/Users/Gamze/Desktop/projects/AstroTransit/outputs_discovery/json/TIC_395321135_S83.json,/mnt/c/Users/Gamze/Desktop/projects/AstroTransit/outputs_discovery/targets/TIC_395321135/figures,395321135,NOVEL_CANDIDATE,FOLLOWUP,strong candidate,STANDARD_FOLLOWUP,80,followup; class A; snr>=20; multi-transit; standard-followup
TIC 439951000,TESS,TESS,17,439951000,1.62658,1.753,7561.0,8.13098,4.2593,1.42019300407865,44.4686739568385,0.4219141418023768,51.898100336695165,402.6886732625412,0.8435192054949988,10.36242346236444,20.343102267074656,0.2862985625536502,confirmed,True,0.8436522746449802,0.0008435192054949989,1765.2116441951248,1.8679816536035647,0.00035416879007144075,354.16879007144075,0.018286037974720313,0.0,0.0,2.7851981754191493,90.0,0.31942829419083535,0.4366656973901855,-7.8158313657751535,1.0000563335812596,3.2479508128322143,0.28944070145686285,0.02107014920097434,2930.136576413302,17475.21132956541,0.5744282575266286,334.3791848129133,20.343102267074656,20.343102267074656,0.21676646053465984,566.251209658412,242.0602956895934,0.7794111028168969,13077,28,553.5392692716222,0.9919197564227342,2.5042668651986822e-09,0.23809523809523808,False,False,False,357.54149897027077,7,1,0,secondary_eclipse,100.0,A,False,,map,79509.88438925853,0.0,0,False,/mnt/c/Users/Gamze/Desktop/projects/AstroTransit/outputs_discovery/json/TIC_439951000_S17.json,/mnt/c/Users/Gamze/Desktop/projects/AstroTransit/outputs_discovery/targets/TIC_439951000/figures,439951000,NOVEL_CANDIDATE,FOLLOWUP,strong candidate,STANDARD_FOLLOWUP,80,followup; class A; snr>=20; multi-transit; standard-followup
TIC 427687054,TESS,TESS,83,427687054,2.02557,1.72,7479.0,9.4506,4.0605,0.694641457335847,16.0940008619799,0.3354809915104101,120.91760650255937,2881.635324454179,1.0060322063041192,10.506542521730204,10.337632306835857,0.33835670601087253,confirmed,True,1.0064762932728135,0.0010060322063041192,3559.7544717662254,2.325739488421793,0.0005909815790936523,590.9815790936524,0.020059344090899222,0.0,0.557261957613321,2.4994496354625158,77.11741279711083,0.0,-1.0,-6.031375716106866,1.0000737664872548,4.4368871484881565,0.39539260369017576,0.023551026073566593,3059.264039583741,20765.32959283886,0.2918548011446085,402.3772853570935,10.337632306835857,10.337632306835857,0.07365038926028608,2518.838016634401,1102.8341509941322,0.9658782348363908,17324,25,2515.9093378533635,0.9836959661172361,4.722090886087376e-10,0.0,False,False,False,0.0,8,0,0,,100.0,A,False,,map,79104.7725753979,0.0,0,False,/mnt/c/Users/Gamze/Desktop/projects/AstroTransit/outputs_discovery/json/TIC_427687054_S83.json,/mnt/c/Users/Gamze/Desktop/projects/AstroTransit/outputs_discovery/targets/TIC_427687054/figures,427687054,NOVEL_CANDIDATE,FOLLOWUP,strong candidate,STANDARD_FOLLOWUP,75,followup; class A; snr>=10; multi-transit; standard-followup
TIC 357392128,TESS,TESS,42,357392128,1.04373,1.07,5885.0,9.0591,4.43028,2.3724692705331,12.3803589798309,14.260943437746844,43.775226771661536,1784.9664919720176,7.130882929728723,3.6351006968909854,19.866787838369653,,confirmed,True,7.117845817611846,0.0071308829297287235,2453.5751869811866,3.7870970332322758,0.0017857031071129015,1785.7031071129015,0.04308883419545823,0.0,0.00020313349273859652,15.279513910718004,89.9992382812778,0.14521069208666787,0.1255535864355262,-6.733731562372483,1.0000154775010213,4.910970314243318,0.43764046147882535,0.07407272033528976,974.3525370420929,213.66602123097192,1.3270871428161508,1856.6476323236907,19.866787838369653,19.866787838369653,0.23277962607195682,1376.799432796489,620.6194241646656,0.6688744364675022,11090,3,1352.449626522553,0.9724448080341862,0.0,0.014285714285714285,False,False,False,0.0,7,0,1,,100.0,A,False,,map,57525.60198929049,0.0,0,False,/mnt/c/Users/Gamze/Desktop/projects/AstroTransit/outputs_discovery/json/TIC_357392128_S42.json,/mnt/c/Users/Gamze/Desktop/projects/AstroTransit/outputs_discovery/targets/TIC_357392128/figures,357392128,NOVEL_CANDIDATE,FOLLOWUP,strong candidate,STANDARD_FOLLOWUP,70,followup; class A; snr>=10; 3+ transits; standard-followup
TIC 357391170,TESS,TESS,57,357391170,1.75801,1.18,6171.53,9.6585,4.01991,2.45596058671226,16.6639407041462,12.966583997469586,11.689443395708375,550.0061984894389,12.972644997845073,6.948498885371983,10.317366804218103,0.5797808841872613,confirmed,True,13.09675922212644,0.012972644997845074,2856.3135229678337,3.978312311707284,0.0005678750052718895,567.8750052718894,0.026279900507542666,0.0,0.9878384908892367,13.966875382958294,85.94424169612358,0.35380266728590365,-0.03600270230698946,-8.52823363711446,1.000001610669224,5.044980083809938,0.4495827241363106,0.11491266119182571,1064.6927357244244,304.62682593736923,0.30626554954704505,690.6331706863414,10.317366804218103,10.317366804218103,0.09260386983254859,869.7737172960276,214.5408571904711,0.8685083837673903,17979,3,869.4076325737209,0.9900901875539776,3.780698478444997e-10,0.0,False,False,False,22.877378033747675,8,0,0,,100.0,A,False,,map,101200.10022043585,0.0,0,False,/mnt/c/Users/Gamze/Desktop/projects/AstroTransit/outputs_discovery/json/TIC_357391170_S57.json,/mnt/c/Users/Gamze/Desktop/projects/AstroTransit/outputs_discovery/targets/TIC_357391170/figures,357391170,NOVEL_CANDIDATE,FOLLOWUP,strong candidate,STANDARD_FOLLOWUP,70,followup; class A; snr>=10; 3+ transits; standard-followup
TIC 326682209,TESS,TESS,57,326682209,1.14755,1.09,5965.0,7.2731,4.35595,1.9670231497224,55.5770423444705,14.109682399392126,38.73421721789387,678.8342903063516,14.133447236601423,7.854927018645436,24.114892742708037,4.853347913377817,confirmed,True,16.523799524489437,0.014133447236601423,2863.2495410162755,5.425026532123482,0.0006184853976289872,618.4853976289872,0.01621902656158789,0.0,0.9667642888393715,22.063624508905885,87.48866041630424,0.3152283371275678,0.4424115055814801,-8.074265002857603,1.0000055837936837,2.0324075549557215,0.1811177269152199,0.1306712649235876,779.6701836865803,87.60213409615578,1.0171659410923535,263.05682260549344,24.114892742708037,24.114892742708037,0.21028389821465018,400.7761234793962,148.74201360542148,0.8685078074113433,17979,2,400.67453782479265,0.9894079604920365,0.0,0.2631578947368421,False,False,True,52.33065943510695,6,1,0,odd_even_mismatch,100.0,A,False,,map,115132.57657935157,0.0,0,False,/mnt/c/Users/Gamze/Desktop/projects/AstroTransit/outputs_discovery/json/TIC_326682209_S57.json,/mnt/c/Users/Gamze/Desktop/projects/AstroTransit/outputs_discovery/targets/TIC_326682209/figures,326682209,NOVEL_CANDIDATE,FOLLOWUP,strong candidate,STANDARD_FOLLOWUP,20,followup; class A; snr>=20; binary-suspect; high odd-even mismatch; standard-followup
TIC 611061025,TESS,TESS,42,611061025,1.22076,0.925,5352.0,9.77105,4.23095,0.0509774720912577,1.77148428578312,9.637007510458078,24.66181743664541,1640.7719792354003,9.624822009793508,4.654680297808101,16.38368549446343,3.809255768657167,confirmed,True,9.641133547973636,0.009624822009793508,2451.6385347946984,3.1513383847874534,0.0017218158296734565,1721.8158296734564,0.03880958509492297,0.0,0.6225916338920175,15.199162778373951,87.65238015356573,0.6573869158139671,0.6642970177597879,-6.847041239179548,1.0000555082481504,5.173490889531104,0.46103494736757483,0.08638346645919996,887.4025109575797,147.01227374690936,0.7170195957390466,1506.1838952400674,16.38368549446343,16.38368549446343,0.18425298687391742,1505.704259884155,734.3990633865391,0.6705722487392307,11263,3,1485.045271992239,0.9460767910786283,3.780698478444997e-10,0.28095238095238095,False,False,True,42.95223236017165,5,1,2,odd_even_mismatch,100.0,A,False,,map,57371.19006969821,0.0,0,False,/mnt/c/Users/Gamze/Desktop/projects/AstroTransit/outputs_discovery/json/TIC_611061025_S42.json,/mnt/c/Users/Gamze/Desktop/projects/AstroTransit/outputs_discovery/targets/TIC_611061025/figures,611061025,NOVEL_CANDIDATE,FOLLOWUP,strong candidate,STANDARD_FOLLOWUP,20,followup; class A; snr>=10; 3+ transits; binary-suspect; high odd-even mismatch; standard-followup
