target_id,label,reference,notes
100097716,false_positive,"TESS FOP Working Group disposition 'APC' via NASA Exoplanet Archive TESS FOP WG catalog snapshot (benchmarks/toi_catalog.csv, accessed 2026-09-08)",TOI 354.01
1001477809,false_positive,"TESS FOP Working Group disposition 'FP' via NASA Exoplanet Archive TESS FOP WG catalog snapshot (benchmarks/toi_catalog.csv, accessed 2026-09-08)",TOI 3864.01
100263315,false_positive,"TESS FOP Working Group disposition 'APC' via NASA Exoplanet Archive TESS FOP WG catalog snapshot (benchmarks/toi_catalog.csv, accessed 2026-09-08)",TOI 6775.01
100267480,false_positive,"TESS FOP Working Group disposition 'FP' via NASA Exoplanet Archive TESS FOP WG catalog snapshot (benchmarks/toi_catalog.csv, accessed 2026-09-08)",TOI 2341.01
100504381,false_positive,"TESS FOP Working Group disposition 'FA' via NASA Exoplanet Archive TESS FOP WG catalog snapshot (benchmarks/toi_catalog.csv, accessed 2026-09-08)",TOI 2231.01
100589632,false_positive,"TESS FOP Working Group disposition 'FP' via NASA Exoplanet Archive TESS FOP WG catalog snapshot (benchmarks/toi_catalog.csv, accessed 2026-09-08)",TOI 2342.01
100780304,false_positive,"TESS FOP Working Group disposition 'APC' via NASA Exoplanet Archive TESS FOP WG catalog snapshot (benchmarks/toi_catalog.csv, accessed 2026-09-08)",TOI 2725.01
101230735,false_positive,"TESS FOP Working Group disposition 'APC' via NASA Exoplanet Archive TESS FOP WG catalog snapshot (benchmarks/toi_catalog.csv, accessed 2026-09-08)",TOI 1060.01
101395259,false_positive,"TESS FOP Working Group disposition 'FP' via NASA Exoplanet Archive TESS FOP WG catalog snapshot (benchmarks/toi_catalog.csv, accessed 2026-09-08)",TOI 623.01
101497191,false_positive,"TESS FOP Working Group disposition 'FP' via NASA Exoplanet Archive TESS FOP WG catalog snapshot (benchmarks/toi_catalog.csv, accessed 2026-09-08)",TOI 690.01
101643582,false_positive,"TESS FOP Working Group disposition 'APC' via NASA Exoplanet Archive TESS FOP WG catalog snapshot (benchmarks/toi_catalog.csv, accessed 2026-09-08)",TOI 3882.01
101929303,false_positive,"TESS FOP Working Group disposition 'FP' via NASA Exoplanet Archive TESS FOP WG catalog snapshot (benchmarks/toi_catalog.csv, accessed 2026-09-08)",TOI 1171.01
102195674,false_positive,"TESS FOP Working Group disposition 'APC' via NASA Exoplanet Archive TESS FOP WG catalog snapshot (benchmarks/toi_catalog.csv, accessed 2026-09-08)",TOI 668.01
102283403,false_positive,"TESS FOP Working Group disposition 'FA' via NASA Exoplanet Archive TESS FOP WG catalog snapshot (benchmarks/toi_catalog.csv, accessed 2026-09-08)",TOI 896.01
102542376,false_positive,"TESS FOP Working Group disposition 'APC' via NASA Exoplanet Archive TESS FOP WG catalog snapshot (benchmarks/toi_catalog.csv, accessed 2026-09-08)",TOI 4713.01
103245940,false_positive,"TESS FOP Working Group disposition 'FP' via NASA Exoplanet Archive TESS FOP WG catalog snapshot (benchmarks/toi_catalog.csv, accessed 2026-09-08)",TOI 2967.01
103604037,false_positive,"TESS FOP Working Group disposition 'FA' via NASA Exoplanet Archive TESS FOP WG catalog snapshot (benchmarks/toi_catalog.csv, accessed 2026-09-08)",TOI 4583.01
103865797,false_positive,"TESS FOP Working Group disposition 'FP' via NASA Exoplanet Archive TESS FOP WG catalog snapshot (benchmarks/toi_catalog.csv, accessed 2026-09-08)",TOI 5695.01
104022675,false_positive,"TESS FOP Working Group disposition 'FP' via NASA Exoplanet Archive TESS FOP WG catalog snapshot (benchmarks/toi_catalog.csv, accessed 2026-09-08)",TOI 3110.01
104195270,false_positive,"TESS FOP Working Group disposition 'FP' via NASA Exoplanet Archive TESS FOP WG catalog snapshot (benchmarks/toi_catalog.csv, accessed 2026-09-08)",TOI 6696.01
105387356,false_positive,"TESS FOP Working Group disposition 'FP' via NASA Exoplanet Archive TESS FOP WG catalog snapshot (benchmarks/toi_catalog.csv, accessed 2026-09-08)",TOI 5231.01
10552342,false_positive,"TESS FOP Working Group disposition 'FP' via NASA Exoplanet Archive TESS FOP WG catalog snapshot (benchmarks/toi_catalog.csv, accessed 2026-09-08)",TOI 7373.01
105801221,false_positive,"TESS FOP Working Group disposition 'FP' via NASA Exoplanet Archive TESS FOP WG catalog snapshot (benchmarks/toi_catalog.csv, accessed 2026-09-08)",TOI 2812.01
106114491,false_positive,"TESS FOP Working Group disposition 'FP' via NASA Exoplanet Archive TESS FOP WG catalog snapshot (benchmarks/toi_catalog.csv, accessed 2026-09-08)",TOI 5876.01
106224626,false_positive,"TESS FOP Working Group disposition 'FP' via NASA Exoplanet Archive TESS FOP WG catalog snapshot (benchmarks/toi_catalog.csv, accessed 2026-09-08)",TOI 3524.01
106997505,false_positive,"TESS FOP Working Group disposition 'FP' via NASA Exoplanet Archive TESS FOP WG catalog snapshot (benchmarks/toi_catalog.csv, accessed 2026-09-08)",TOI 1003.01
107728509,false_positive,"TESS FOP Working Group disposition 'FP' via NASA Exoplanet Archive TESS FOP WG catalog snapshot (benchmarks/toi_catalog.csv, accessed 2026-09-08)",TOI 4397.01
108645766,false_positive,"TESS FOP Working Group disposition 'FP' via NASA Exoplanet Archive TESS FOP WG catalog snapshot (benchmarks/toi_catalog.csv, accessed 2026-09-08)",TOI 497.01
108835813,false_positive,"TESS FOP Working Group disposition 'FP' via NASA Exoplanet Archive TESS FOP WG catalog snapshot (benchmarks/toi_catalog.csv, accessed 2026-09-08)",TOI 992.01
108939482,false_positive,"TESS FOP Working Group disposition 'FP' via NASA Exoplanet Archive TESS FOP WG catalog snapshot (benchmarks/toi_catalog.csv, accessed 2026-09-08)",TOI 4217.01
10974783,false_positive,"TESS FOP Working Group disposition 'FA' via NASA Exoplanet Archive TESS FOP WG catalog snapshot (benchmarks/toi_catalog.csv, accessed 2026-09-08)",TOI 4020.01
1100766816,false_positive,"TESS FOP Working Group disposition 'FP' via NASA Exoplanet Archive TESS FOP WG catalog snapshot (benchmarks/toi_catalog.csv, accessed 2026-09-08)",TOI 2052.01
1101909431,false_positive,"TESS FOP Working Group disposition 'FP' via NASA Exoplanet Archive TESS FOP WG catalog snapshot (benchmarks/toi_catalog.csv, accessed 2026-09-08)",TOI 3921.01
1103432,false_positive,"TESS FOP Working Group disposition 'APC' via NASA Exoplanet Archive TESS FOP WG catalog snapshot (benchmarks/toi_catalog.csv, accessed 2026-09-08)",TOI 565.01
110428269,false_positive,"TESS FOP Working Group disposition 'FP' via NASA Exoplanet Archive TESS FOP WG catalog snapshot (benchmarks/toi_catalog.csv, accessed 2026-09-08)",TOI 1138.01
110936761,false_positive,"TESS FOP Working Group disposition 'FP' via NASA Exoplanet Archive TESS FOP WG catalog snapshot (benchmarks/toi_catalog.csv, accessed 2026-09-08)",TOI 5791.01
11111899,false_positive,"TESS FOP Working Group disposition 'FP' via NASA Exoplanet Archive TESS FOP WG catalog snapshot (benchmarks/toi_catalog.csv, accessed 2026-09-08)",TOI 1313.01
112037203,false_positive,"TESS FOP Working Group disposition 'FP' via NASA Exoplanet Archive TESS FOP WG catalog snapshot (benchmarks/toi_catalog.csv, accessed 2026-09-08)",TOI 3253.01
1122079,false_positive,"TESS FOP Working Group disposition 'APC' via NASA Exoplanet Archive TESS FOP WG catalog snapshot (benchmarks/toi_catalog.csv, accessed 2026-09-08)",TOI 3859.01
112395568,false_positive,"TESS FOP Working Group disposition 'FP' via NASA Exoplanet Archive TESS FOP WG catalog snapshot (benchmarks/toi_catalog.csv, accessed 2026-09-08)",TOI 1053.01
112989868,false_positive,"TESS FOP Working Group disposition 'APC' via NASA Exoplanet Archive TESS FOP WG catalog snapshot (benchmarks/toi_catalog.csv, accessed 2026-09-08)",TOI 6805.01
113295476,false_positive,"TESS FOP Working Group disposition 'FP' via NASA Exoplanet Archive TESS FOP WG catalog snapshot (benchmarks/toi_catalog.csv, accessed 2026-09-08)",TOI 4233.01
1133072,false_positive,"TESS FOP Working Group disposition 'FP' via NASA Exoplanet Archive TESS FOP WG catalog snapshot (benchmarks/toi_catalog.csv, accessed 2026-09-08)",TOI 566.01
113553629,false_positive,"TESS FOP Working Group disposition 'FP' via NASA Exoplanet Archive TESS FOP WG catalog snapshot (benchmarks/toi_catalog.csv, accessed 2026-09-08)",TOI 988.01
113919944,false_positive,"TESS FOP Working Group disposition 'FP' via NASA Exoplanet Archive TESS FOP WG catalog snapshot (benchmarks/toi_catalog.csv, accessed 2026-09-08)",TOI 5353.01
114103134,false_positive,"TESS FOP Working Group disposition 'FP' via NASA Exoplanet Archive TESS FOP WG catalog snapshot (benchmarks/toi_catalog.csv, accessed 2026-09-08)",TOI 2829.01
114103136,false_positive,"TESS FOP Working Group disposition 'FP' via NASA Exoplanet Archive TESS FOP WG catalog snapshot (benchmarks/toi_catalog.csv, accessed 2026-09-08)",TOI 4219.01
114516994,false_positive,"TESS FOP Working Group disposition 'APC' via NASA Exoplanet Archive TESS FOP WG catalog snapshot (benchmarks/toi_catalog.csv, accessed 2026-09-08)",TOI 5132.01
115242351,false_positive,"TESS FOP Working Group disposition 'FP' via NASA Exoplanet Archive TESS FOP WG catalog snapshot (benchmarks/toi_catalog.csv, accessed 2026-09-08)",TOI 297.01
115446313,false_positive,"TESS FOP Working Group disposition 'FP' via NASA Exoplanet Archive TESS FOP WG catalog snapshot (benchmarks/toi_catalog.csv, accessed 2026-09-08)",TOI 2284.01
115457180,false_positive,"TESS FOP Working Group disposition 'APC' via NASA Exoplanet Archive TESS FOP WG catalog snapshot (benchmarks/toi_catalog.csv, accessed 2026-09-08)",TOI 3731.01
115564354,false_positive,"TESS FOP Working Group disposition 'FP' via NASA Exoplanet Archive TESS FOP WG catalog snapshot (benchmarks/toi_catalog.csv, accessed 2026-09-08)",TOI 5418.01
115628210,false_positive,"TESS FOP Working Group disposition 'APC' via NASA Exoplanet Archive TESS FOP WG catalog snapshot (benchmarks/toi_catalog.csv, accessed 2026-09-08)",TOI 5409.01
115771549,false_positive,"TESS FOP Working Group disposition 'APC' via NASA Exoplanet Archive TESS FOP WG catalog snapshot (benchmarks/toi_catalog.csv, accessed 2026-09-08)",TOI 1409.01
116257066,false_positive,"TESS FOP Working Group disposition 'FP' via NASA Exoplanet Archive TESS FOP WG catalog snapshot (benchmarks/toi_catalog.csv, accessed 2026-09-08)",TOI 3728.01
116483734,false_positive,"TESS FOP Working Group disposition 'APC' via NASA Exoplanet Archive TESS FOP WG catalog snapshot (benchmarks/toi_catalog.csv, accessed 2026-09-08)",TOI 1412.01
116608612,false_positive,"TESS FOP Working Group disposition 'FP' via NASA Exoplanet Archive TESS FOP WG catalog snapshot (benchmarks/toi_catalog.csv, accessed 2026-09-08)",TOI 1649.01
117068362,false_positive,"TESS FOP Working Group disposition 'FP' via NASA Exoplanet Archive TESS FOP WG catalog snapshot (benchmarks/toi_catalog.csv, accessed 2026-09-08)",TOI 6152.01
117072799,false_positive,"TESS FOP Working Group disposition 'APC' via NASA Exoplanet Archive TESS FOP WG catalog snapshot (benchmarks/toi_catalog.csv, accessed 2026-09-08)",TOI 6156.01
117256577,false_positive,"TESS FOP Working Group disposition 'FP' via NASA Exoplanet Archive TESS FOP WG catalog snapshot (benchmarks/toi_catalog.csv, accessed 2026-09-08)",TOI 1156.01
117322779,false_positive,"TESS FOP Working Group disposition 'FP' via NASA Exoplanet Archive TESS FOP WG catalog snapshot (benchmarks/toi_catalog.csv, accessed 2026-09-08)",TOI 1558.01
117689799,false_positive,"TESS FOP Working Group disposition 'FP' via NASA Exoplanet Archive TESS FOP WG catalog snapshot (benchmarks/toi_catalog.csv, accessed 2026-09-08)",TOI 3504.01
117789567,false_positive,"TESS FOP Working Group disposition 'APC' via NASA Exoplanet Archive TESS FOP WG catalog snapshot (benchmarks/toi_catalog.csv, accessed 2026-09-08)",TOI 1149.01
117843067,false_positive,"TESS FOP Working Group disposition 'FP' via NASA Exoplanet Archive TESS FOP WG catalog snapshot (benchmarks/toi_catalog.csv, accessed 2026-09-08)",TOI 2469.01
117843365,false_positive,"TESS FOP Working Group disposition 'APC' via NASA Exoplanet Archive TESS FOP WG catalog snapshot (benchmarks/toi_catalog.csv, accessed 2026-09-08)",TOI 4693.01
117979455,false_positive,"TESS FOP Working Group disposition 'APC' via NASA Exoplanet Archive TESS FOP WG catalog snapshot (benchmarks/toi_catalog.csv, accessed 2026-09-08)",TOI 422.01
117979694,false_positive,"TESS FOP Working Group disposition 'FP' via NASA Exoplanet Archive TESS FOP WG catalog snapshot (benchmarks/toi_catalog.csv, accessed 2026-09-08)",TOI 424.01
117979850,false_positive,"TESS FOP Working Group disposition 'APC' via NASA Exoplanet Archive TESS FOP WG catalog snapshot (benchmarks/toi_catalog.csv, accessed 2026-09-08)",TOI 428.01
118021229,false_positive,"TESS FOP Working Group disposition 'FP' via NASA Exoplanet Archive TESS FOP WG catalog snapshot (benchmarks/toi_catalog.csv, accessed 2026-09-08)",TOI 614.01
118301361,false_positive,"TESS FOP Working Group disposition 'FP' via NASA Exoplanet Archive TESS FOP WG catalog snapshot (benchmarks/toi_catalog.csv, accessed 2026-09-08)",TOI 1604.01
118308828,false_positive,"TESS FOP Working Group disposition 'FP' via NASA Exoplanet Archive TESS FOP WG catalog snapshot (benchmarks/toi_catalog.csv, accessed 2026-09-08)",TOI 4265.01
118329434,false_positive,"TESS FOP Working Group disposition 'APC' via NASA Exoplanet Archive TESS FOP WG catalog snapshot (benchmarks/toi_catalog.csv, accessed 2026-09-08)",TOI 3430.01
118586896,false_positive,"TESS FOP Working Group disposition 'APC' via NASA Exoplanet Archive TESS FOP WG catalog snapshot (benchmarks/toi_catalog.csv, accessed 2026-09-08)",TOI 365.01
119081096,false_positive,"TESS FOP Working Group disposition 'FP' via NASA Exoplanet Archive TESS FOP WG catalog snapshot (benchmarks/toi_catalog.csv, accessed 2026-09-08)",TOI 716.01
11996814,false_positive,"TESS FOP Working Group disposition 'FP' via NASA Exoplanet Archive TESS FOP WG catalog snapshot (benchmarks/toi_catalog.csv, accessed 2026-09-08)",TOI 2022.01
120269103,false_positive,"TESS FOP Working Group disposition 'FP' via NASA Exoplanet Archive TESS FOP WG catalog snapshot (benchmarks/toi_catalog.csv, accessed 2026-09-08)",TOI 886.01
12036590,false_positive,"TESS FOP Working Group disposition 'FP' via NASA Exoplanet Archive TESS FOP WG catalog snapshot (benchmarks/toi_catalog.csv, accessed 2026-09-08)",TOI 2598.01
120585579,false_positive,"TESS FOP Working Group disposition 'FP' via NASA Exoplanet Archive TESS FOP WG catalog snapshot (benchmarks/toi_catalog.csv, accessed 2026-09-08)",TOI 242.01
120602501,false_positive,"TESS FOP Working Group disposition 'FP' via NASA Exoplanet Archive TESS FOP WG catalog snapshot (benchmarks/toi_catalog.csv, accessed 2026-09-08)",TOI 1366.01
120723776,false_positive,"TESS FOP Working Group disposition 'FP' via NASA Exoplanet Archive TESS FOP WG catalog snapshot (benchmarks/toi_catalog.csv, accessed 2026-09-08)",TOI 3109.01
121338379,false_positive,"TESS FOP Working Group disposition 'APC' via NASA Exoplanet Archive TESS FOP WG catalog snapshot (benchmarks/toi_catalog.csv, accessed 2026-09-08)",TOI 498.01
121966220,false_positive,"TESS FOP Working Group disposition 'FP' via NASA Exoplanet Archive TESS FOP WG catalog snapshot (benchmarks/toi_catalog.csv, accessed 2026-09-08)",TOI 1688.01
122220263,false_positive,"TESS FOP Working Group disposition 'FP' via NASA Exoplanet Archive TESS FOP WG catalog snapshot (benchmarks/toi_catalog.csv, accessed 2026-09-08)",TOI 1134.01
122262940,false_positive,"TESS FOP Working Group disposition 'FP' via NASA Exoplanet Archive TESS FOP WG catalog snapshot (benchmarks/toi_catalog.csv, accessed 2026-09-08)",TOI 606.01
122485078,false_positive,"TESS FOP Working Group disposition 'FP' via NASA Exoplanet Archive TESS FOP WG catalog snapshot (benchmarks/toi_catalog.csv, accessed 2026-09-08)",TOI 1650.01
122981686,false_positive,"TESS FOP Working Group disposition 'APC' via NASA Exoplanet Archive TESS FOP WG catalog snapshot (benchmarks/toi_catalog.csv, accessed 2026-09-08)",TOI 6439.01
123041007,false_positive,"TESS FOP Working Group disposition 'APC' via NASA Exoplanet Archive TESS FOP WG catalog snapshot (benchmarks/toi_catalog.csv, accessed 2026-09-08)",TOI 5245.01
123106490,false_positive,"TESS FOP Working Group disposition 'FP' via NASA Exoplanet Archive TESS FOP WG catalog snapshot (benchmarks/toi_catalog.csv, accessed 2026-09-08)",TOI 2874.01
1234810324,false_positive,"TESS FOP Working Group disposition 'APC' via NASA Exoplanet Archive TESS FOP WG catalog snapshot (benchmarks/toi_catalog.csv, accessed 2026-09-08)",TOI 4415.01
123702439,false_positive,"TESS FOP Working Group disposition 'APC' via NASA Exoplanet Archive TESS FOP WG catalog snapshot (benchmarks/toi_catalog.csv, accessed 2026-09-08)",TOI 499.01
123898871,false_positive,"TESS FOP Working Group disposition 'APC' via NASA Exoplanet Archive TESS FOP WG catalog snapshot (benchmarks/toi_catalog.csv, accessed 2026-09-08)",TOI 630.01
124095888,false_positive,"TESS FOP Working Group disposition 'FP' via NASA Exoplanet Archive TESS FOP WG catalog snapshot (benchmarks/toi_catalog.csv, accessed 2026-09-08)",TOI 2358.01
124543547,false_positive,"TESS FOP Working Group disposition 'FP' via NASA Exoplanet Archive TESS FOP WG catalog snapshot (benchmarks/toi_catalog.csv, accessed 2026-09-08)",TOI 898.01
124573902,false_positive,"TESS FOP Working Group disposition 'APC' via NASA Exoplanet Archive TESS FOP WG catalog snapshot (benchmarks/toi_catalog.csv, accessed 2026-09-08)",TOI 7388.01
124702477,false_positive,"TESS FOP Working Group disposition 'FP' via NASA Exoplanet Archive TESS FOP WG catalog snapshot (benchmarks/toi_catalog.csv, accessed 2026-09-08)",TOI 2511.01
124709665,false_positive,"TESS FOP Working Group disposition 'FP' via NASA Exoplanet Archive TESS FOP WG catalog snapshot (benchmarks/toi_catalog.csv, accessed 2026-09-08)",TOI 1002.01
125260728,false_positive,"TESS FOP Working Group disposition 'APC' via NASA Exoplanet Archive TESS FOP WG catalog snapshot (benchmarks/toi_catalog.csv, accessed 2026-09-08)",TOI 7578.01
125405602,false_positive,"TESS FOP Working Group disposition 'FA' via NASA Exoplanet Archive TESS FOP WG catalog snapshot (benchmarks/toi_catalog.csv, accessed 2026-09-08)",TOI 821.01
125442121,false_positive,"TESS FOP Working Group disposition 'APC' via NASA Exoplanet Archive TESS FOP WG catalog snapshot (benchmarks/toi_catalog.csv, accessed 2026-09-08)",TOI 1414.01
125735470,false_positive,"TESS FOP Working Group disposition 'APC' via NASA Exoplanet Archive TESS FOP WG catalog snapshot (benchmarks/toi_catalog.csv, accessed 2026-09-08)",TOI 1606.01
125894957,false_positive,"TESS FOP Working Group disposition 'FP' via NASA Exoplanet Archive TESS FOP WG catalog snapshot (benchmarks/toi_catalog.csv, accessed 2026-09-08)",TOI 972.01
126171392,false_positive,"TESS FOP Working Group disposition 'FP' via NASA Exoplanet Archive TESS FOP WG catalog snapshot (benchmarks/toi_catalog.csv, accessed 2026-09-08)",TOI 5899.01
126357909,false_positive,"TESS FOP Working Group disposition 'FP' via NASA Exoplanet Archive TESS FOP WG catalog snapshot (benchmarks/toi_catalog.csv, accessed 2026-09-08)",TOI 4232.01
126733133,false_positive,"TESS FOP Working Group disposition 'FP' via NASA Exoplanet Archive TESS FOP WG catalog snapshot (benchmarks/toi_catalog.csv, accessed 2026-09-08)",TOI 570.01
126737992,false_positive,"TESS FOP Working Group disposition 'APC' via NASA Exoplanet Archive TESS FOP WG catalog snapshot (benchmarks/toi_catalog.csv, accessed 2026-09-08)",TOI 4180.01
126772538,false_positive,"TESS FOP Working Group disposition 'FP' via NASA Exoplanet Archive TESS FOP WG catalog snapshot (benchmarks/toi_catalog.csv, accessed 2026-09-08)",TOI 4808.01
126864892,false_positive,"TESS FOP Working Group disposition 'APC' via NASA Exoplanet Archive TESS FOP WG catalog snapshot (benchmarks/toi_catalog.csv, accessed 2026-09-08)",TOI 4212.01
127315102,false_positive,"TESS FOP Working Group disposition 'FP' via NASA Exoplanet Archive TESS FOP WG catalog snapshot (benchmarks/toi_catalog.csv, accessed 2026-09-08)",TOI 1946.01
127425841,false_positive,"TESS FOP Working Group disposition 'FP' via NASA Exoplanet Archive TESS FOP WG catalog snapshot (benchmarks/toi_catalog.csv, accessed 2026-09-08)",TOI 1545.01
127476180,false_positive,"TESS FOP Working Group disposition 'FP' via NASA Exoplanet Archive TESS FOP WG catalog snapshot (benchmarks/toi_catalog.csv, accessed 2026-09-08)",TOI 981.01
127793615,false_positive,"TESS FOP Working Group disposition 'FP' via NASA Exoplanet Archive TESS FOP WG catalog snapshot (benchmarks/toi_catalog.csv, accessed 2026-09-08)",TOI 1980.01
127957099,false_positive,"TESS FOP Working Group disposition 'APC' via NASA Exoplanet Archive TESS FOP WG catalog snapshot (benchmarks/toi_catalog.csv, accessed 2026-09-08)",TOI 5426.01
128449971,false_positive,"TESS FOP Working Group disposition 'APC' via NASA Exoplanet Archive TESS FOP WG catalog snapshot (benchmarks/toi_catalog.csv, accessed 2026-09-08)",TOI 1938.01
128463355,false_positive,"TESS FOP Working Group disposition 'FP' via NASA Exoplanet Archive TESS FOP WG catalog snapshot (benchmarks/toi_catalog.csv, accessed 2026-09-08)",TOI 593.01
128501004,false_positive,"TESS FOP Working Group disposition 'FP' via NASA Exoplanet Archive TESS FOP WG catalog snapshot (benchmarks/toi_catalog.csv, accessed 2026-09-08)",TOI 1426.01
128790976,false_positive,"TESS FOP Working Group disposition 'APC' via NASA Exoplanet Archive TESS FOP WG catalog snapshot (benchmarks/toi_catalog.csv, accessed 2026-09-08)",TOI 1124.01
129107501,false_positive,"TESS FOP Working Group disposition 'FP' via NASA Exoplanet Archive TESS FOP WG catalog snapshot (benchmarks/toi_catalog.csv, accessed 2026-09-08)",TOI 6133.01
129319156,false_positive,"TESS FOP Working Group disposition 'FP' via NASA Exoplanet Archive TESS FOP WG catalog snapshot (benchmarks/toi_catalog.csv, accessed 2026-09-08)",TOI 1089.01
129372561,false_positive,"TESS FOP Working Group disposition 'APC' via NASA Exoplanet Archive TESS FOP WG catalog snapshot (benchmarks/toi_catalog.csv, accessed 2026-09-08)",TOI 2672.01
12938488,false_positive,"TESS FOP Working Group disposition 'APC' via NASA Exoplanet Archive TESS FOP WG catalog snapshot (benchmarks/toi_catalog.csv, accessed 2026-09-08)",TOI 5977.01
129432342,false_positive,"TESS FOP Working Group disposition 'FP' via NASA Exoplanet Archive TESS FOP WG catalog snapshot (benchmarks/toi_catalog.csv, accessed 2026-09-08)",TOI 2230.01
129539786,false_positive,"TESS FOP Working Group disposition 'FP' via NASA Exoplanet Archive TESS FOP WG catalog snapshot (benchmarks/toi_catalog.csv, accessed 2026-09-08)",TOI 1367.01
129756316,false_positive,"TESS FOP Working Group disposition 'APC' via NASA Exoplanet Archive TESS FOP WG catalog snapshot (benchmarks/toi_catalog.csv, accessed 2026-09-08)",TOI 6036.01
129839175,false_positive,"TESS FOP Working Group disposition 'APC' via NASA Exoplanet Archive TESS FOP WG catalog snapshot (benchmarks/toi_catalog.csv, accessed 2026-09-08)",TOI 2440.01
129881395,false_positive,"TESS FOP Working Group disposition 'FP' via NASA Exoplanet Archive TESS FOP WG catalog snapshot (benchmarks/toi_catalog.csv, accessed 2026-09-08)",TOI 3381.01
129991079,false_positive,"TESS FOP Working Group disposition 'FA' via NASA Exoplanet Archive TESS FOP WG catalog snapshot (benchmarks/toi_catalog.csv, accessed 2026-09-08)",TOI 1602.01
130191319,false_positive,"TESS FOP Working Group disposition 'FP' via NASA Exoplanet Archive TESS FOP WG catalog snapshot (benchmarks/toi_catalog.csv, accessed 2026-09-08)",TOI 3379.01
13023738,false_positive,"TESS FOP Working Group disposition 'FP' via NASA Exoplanet Archive TESS FOP WG catalog snapshot (benchmarks/toi_catalog.csv, accessed 2026-09-08)",TOI 360.01
130611752,false_positive,"TESS FOP Working Group disposition 'FP' via NASA Exoplanet Archive TESS FOP WG catalog snapshot (benchmarks/toi_catalog.csv, accessed 2026-09-08)",TOI 2760.01
130981260,false_positive,"TESS FOP Working Group disposition 'APC' via NASA Exoplanet Archive TESS FOP WG catalog snapshot (benchmarks/toi_catalog.csv, accessed 2026-09-08)",TOI 4177.01
131036011,false_positive,"TESS FOP Working Group disposition 'FP' via NASA Exoplanet Archive TESS FOP WG catalog snapshot (benchmarks/toi_catalog.csv, accessed 2026-09-08)",TOI 3372.01
131081852,false_positive,"TESS FOP Working Group disposition 'FP' via NASA Exoplanet Archive TESS FOP WG catalog snapshot (benchmarks/toi_catalog.csv, accessed 2026-09-08)",TOI 758.01
131419878,false_positive,"TESS FOP Working Group disposition 'FP' via NASA Exoplanet Archive TESS FOP WG catalog snapshot (benchmarks/toi_catalog.csv, accessed 2026-09-08)",TOI 720.01
131581522,false_positive,"TESS FOP Working Group disposition 'FP' via NASA Exoplanet Archive TESS FOP WG catalog snapshot (benchmarks/toi_catalog.csv, accessed 2026-09-08)",TOI 2816.01
131581531,false_positive,"TESS FOP Working Group disposition 'FP' via NASA Exoplanet Archive TESS FOP WG catalog snapshot (benchmarks/toi_catalog.csv, accessed 2026-09-08)",TOI 3347.01
131979339,false_positive,"TESS FOP Working Group disposition 'FP' via NASA Exoplanet Archive TESS FOP WG catalog snapshot (benchmarks/toi_catalog.csv, accessed 2026-09-08)",TOI 586.01
132320310,false_positive,"TESS FOP Working Group disposition 'FP' via NASA Exoplanet Archive TESS FOP WG catalog snapshot (benchmarks/toi_catalog.csv, accessed 2026-09-08)",TOI 3436.01
132534906,false_positive,"TESS FOP Working Group disposition 'FP' via NASA Exoplanet Archive TESS FOP WG catalog snapshot (benchmarks/toi_catalog.csv, accessed 2026-09-08)",TOI 4849.01
133505138,false_positive,"TESS FOP Working Group disposition 'FP' via NASA Exoplanet Archive TESS FOP WG catalog snapshot (benchmarks/toi_catalog.csv, accessed 2026-09-08)",TOI 4359.01
133654092,false_positive,"TESS FOP Working Group disposition 'FP' via NASA Exoplanet Archive TESS FOP WG catalog snapshot (benchmarks/toi_catalog.csv, accessed 2026-09-08)",TOI 975.01
134315574,false_positive,"TESS FOP Working Group disposition 'FP' via NASA Exoplanet Archive TESS FOP WG catalog snapshot (benchmarks/toi_catalog.csv, accessed 2026-09-08)",TOI 2759.01
134396419,false_positive,"TESS FOP Working Group disposition 'FP' via NASA Exoplanet Archive TESS FOP WG catalog snapshot (benchmarks/toi_catalog.csv, accessed 2026-09-08)",TOI 600.01
134404603,false_positive,"TESS FOP Working Group disposition 'APC' via NASA Exoplanet Archive TESS FOP WG catalog snapshot (benchmarks/toi_catalog.csv, accessed 2026-09-08)",TOI 609.01
13499636,false_positive,"TESS FOP Working Group disposition 'FA' via NASA Exoplanet Archive TESS FOP WG catalog snapshot (benchmarks/toi_catalog.csv, accessed 2026-09-08)",TOI 1275.01
135083444,false_positive,"TESS FOP Working Group disposition 'FP' via NASA Exoplanet Archive TESS FOP WG catalog snapshot (benchmarks/toi_catalog.csv, accessed 2026-09-08)",TOI 1795.01
136274063,false_positive,"TESS FOP Working Group disposition 'APC' via NASA Exoplanet Archive TESS FOP WG catalog snapshot (benchmarks/toi_catalog.csv, accessed 2026-09-08)",TOI 1094.01
13684720,false_positive,"TESS FOP Working Group disposition 'APC' via NASA Exoplanet Archive TESS FOP WG catalog snapshot (benchmarks/toi_catalog.csv, accessed 2026-09-08)",TOI 1433.01
136848581,false_positive,"TESS FOP Working Group disposition 'FP' via NASA Exoplanet Archive TESS FOP WG catalog snapshot (benchmarks/toi_catalog.csv, accessed 2026-09-08)",TOI 1314.01
136971594,false_positive,"TESS FOP Working Group disposition 'FP' via NASA Exoplanet Archive TESS FOP WG catalog snapshot (benchmarks/toi_catalog.csv, accessed 2026-09-08)",TOI 1368.01
137157546,false_positive,"TESS FOP Working Group disposition 'FP' via NASA Exoplanet Archive TESS FOP WG catalog snapshot (benchmarks/toi_catalog.csv, accessed 2026-09-08)",TOI 4148.01
137284119,false_positive,"TESS FOP Working Group disposition 'FP' via NASA Exoplanet Archive TESS FOP WG catalog snapshot (benchmarks/toi_catalog.csv, accessed 2026-09-08)",TOI 1315.01
137500798,false_positive,"TESS FOP Working Group disposition 'FP' via NASA Exoplanet Archive TESS FOP WG catalog snapshot (benchmarks/toi_catalog.csv, accessed 2026-09-08)",TOI 1705.01
137543637,false_positive,"TESS FOP Working Group disposition 'FP' via NASA Exoplanet Archive TESS FOP WG catalog snapshot (benchmarks/toi_catalog.csv, accessed 2026-09-08)",TOI 5576.01
138017750,false_positive,"TESS FOP Working Group disposition 'FP' via NASA Exoplanet Archive TESS FOP WG catalog snapshot (benchmarks/toi_catalog.csv, accessed 2026-09-08)",TOI 1608.01
138361973,false_positive,"TESS FOP Working Group disposition 'FP' via NASA Exoplanet Archive TESS FOP WG catalog snapshot (benchmarks/toi_catalog.csv, accessed 2026-09-08)",TOI 1166.01
138497780,false_positive,"TESS FOP Working Group disposition 'FP' via NASA Exoplanet Archive TESS FOP WG catalog snapshot (benchmarks/toi_catalog.csv, accessed 2026-09-08)",TOI 3808.01
138968089,false_positive,"TESS FOP Working Group disposition 'FP' via NASA Exoplanet Archive TESS FOP WG catalog snapshot (benchmarks/toi_catalog.csv, accessed 2026-09-08)",TOI 1429.01
139118482,false_positive,"TESS FOP Working Group disposition 'FP' via NASA Exoplanet Archive TESS FOP WG catalog snapshot (benchmarks/toi_catalog.csv, accessed 2026-09-08)",TOI 3914.01
139198430,false_positive,"TESS FOP Working Group disposition 'APC' via NASA Exoplanet Archive TESS FOP WG catalog snapshot (benchmarks/toi_catalog.csv, accessed 2026-09-08)",TOI 1891.01
139285736,false_positive,"TESS FOP Working Group disposition 'FP' via NASA Exoplanet Archive TESS FOP WG catalog snapshot (benchmarks/toi_catalog.csv, accessed 2026-09-08)",TOI 377.01
139771134,false_positive,"TESS FOP Working Group disposition 'APC' via NASA Exoplanet Archive TESS FOP WG catalog snapshot (benchmarks/toi_catalog.csv, accessed 2026-09-08)",TOI 1889.01
139853601,false_positive,"TESS FOP Working Group disposition 'FP' via NASA Exoplanet Archive TESS FOP WG catalog snapshot (benchmarks/toi_catalog.csv, accessed 2026-09-08)",TOI 1010.01
1400212743,false_positive,"TESS FOP Working Group disposition 'FP' via NASA Exoplanet Archive TESS FOP WG catalog snapshot (benchmarks/toi_catalog.csv, accessed 2026-09-08)",TOI 2113.01
140068425,false_positive,"TESS FOP Working Group disposition 'APC' via NASA Exoplanet Archive TESS FOP WG catalog snapshot (benchmarks/toi_catalog.csv, accessed 2026-09-08)",TOI 140.01
1400770435,false_positive,"TESS FOP Working Group disposition 'FP' via NASA Exoplanet Archive TESS FOP WG catalog snapshot (benchmarks/toi_catalog.csv, accessed 2026-09-08)",TOI 1344.01
140284353,false_positive,"TESS FOP Working Group disposition 'APC' via NASA Exoplanet Archive TESS FOP WG catalog snapshot (benchmarks/toi_catalog.csv, accessed 2026-09-08)",TOI 2695.01
1405997635,false_positive,"TESS FOP Working Group disposition 'FP' via NASA Exoplanet Archive TESS FOP WG catalog snapshot (benchmarks/toi_catalog.csv, accessed 2026-09-08)",TOI 4414.01
140706664,false_positive,"TESS FOP Working Group disposition 'FP' via NASA Exoplanet Archive TESS FOP WG catalog snapshot (benchmarks/toi_catalog.csv, accessed 2026-09-08)",TOI 1020.01
140760434,false_positive,"TESS FOP Working Group disposition 'APC' via NASA Exoplanet Archive TESS FOP WG catalog snapshot (benchmarks/toi_catalog.csv, accessed 2026-09-08)",TOI 1229.01
140830390,false_positive,"TESS FOP Working Group disposition 'FP' via NASA Exoplanet Archive TESS FOP WG catalog snapshot (benchmarks/toi_catalog.csv, accessed 2026-09-08)",TOI 1072.01
14091633,false_positive,"TESS FOP Working Group disposition 'APC' via NASA Exoplanet Archive TESS FOP WG catalog snapshot (benchmarks/toi_catalog.csv, accessed 2026-09-08)",TOI 447.01
141227133,false_positive,"TESS FOP Working Group disposition 'FP' via NASA Exoplanet Archive TESS FOP WG catalog snapshot (benchmarks/toi_catalog.csv, accessed 2026-09-08)",TOI 617.01
141405814,false_positive,"TESS FOP Working Group disposition 'FP' via NASA Exoplanet Archive TESS FOP WG catalog snapshot (benchmarks/toi_catalog.csv, accessed 2026-09-08)",TOI 4225.01
141412823,false_positive,"TESS FOP Working Group disposition 'FP' via NASA Exoplanet Archive TESS FOP WG catalog snapshot (benchmarks/toi_catalog.csv, accessed 2026-09-08)",TOI 4421.01
141482386,false_positive,"TESS FOP Working Group disposition 'FP' via NASA Exoplanet Archive TESS FOP WG catalog snapshot (benchmarks/toi_catalog.csv, accessed 2026-09-08)",TOI 1024.01
141616639,false_positive,"TESS FOP Working Group disposition 'FP' via NASA Exoplanet Archive TESS FOP WG catalog snapshot (benchmarks/toi_catalog.csv, accessed 2026-09-08)",TOI 4126.01
141631253,false_positive,"TESS FOP Working Group disposition 'FP' via NASA Exoplanet Archive TESS FOP WG catalog snapshot (benchmarks/toi_catalog.csv, accessed 2026-09-08)",TOI 2987.01
141663460,false_positive,"TESS FOP Working Group disposition 'FP' via NASA Exoplanet Archive TESS FOP WG catalog snapshot (benchmarks/toi_catalog.csv, accessed 2026-09-08)",TOI 2066.01
141663464,false_positive,"TESS FOP Working Group disposition 'FP' via NASA Exoplanet Archive TESS FOP WG catalog snapshot (benchmarks/toi_catalog.csv, accessed 2026-09-08)",TOI 1962.01
141776043,false_positive,"TESS FOP Working Group disposition 'FP' via NASA Exoplanet Archive TESS FOP WG catalog snapshot (benchmarks/toi_catalog.csv, accessed 2026-09-08)",TOI 962.01
141985686,false_positive,"TESS FOP Working Group disposition 'FA' via NASA Exoplanet Archive TESS FOP WG catalog snapshot (benchmarks/toi_catalog.csv, accessed 2026-09-08)",TOI 5702.01
142087638,false_positive,"TESS FOP Working Group disposition 'FP' via NASA Exoplanet Archive TESS FOP WG catalog snapshot (benchmarks/toi_catalog.csv, accessed 2026-09-08)","TOI 2404.02, 2404.03"
142090065,false_positive,"TESS FOP Working Group disposition 'FP' via NASA Exoplanet Archive TESS FOP WG catalog snapshot (benchmarks/toi_catalog.csv, accessed 2026-09-08)",TOI 1715.01
142757891,false_positive,"TESS FOP Working Group disposition 'APC' via NASA Exoplanet Archive TESS FOP WG catalog snapshot (benchmarks/toi_catalog.csv, accessed 2026-09-08)",TOI 7599.01
142918609,false_positive,"TESS FOP Working Group disposition 'FP' via NASA Exoplanet Archive TESS FOP WG catalog snapshot (benchmarks/toi_catalog.csv, accessed 2026-09-08)",TOI 996.01
142938659,false_positive,"TESS FOP Working Group disposition 'FP' via NASA Exoplanet Archive TESS FOP WG catalog snapshot (benchmarks/toi_catalog.csv, accessed 2026-09-08)",TOI 4668.01
143022742,false_positive,"TESS FOP Working Group disposition 'FA' via NASA Exoplanet Archive TESS FOP WG catalog snapshot (benchmarks/toi_catalog.csv, accessed 2026-09-08)","TOI 4323.01, 4323.02"
143032776,false_positive,"TESS FOP Working Group disposition 'FP' via NASA Exoplanet Archive TESS FOP WG catalog snapshot (benchmarks/toi_catalog.csv, accessed 2026-09-08)",TOI 4863.01
143059017,false_positive,"TESS FOP Working Group disposition 'APC' via NASA Exoplanet Archive TESS FOP WG catalog snapshot (benchmarks/toi_catalog.csv, accessed 2026-09-08)",TOI 4865.01
143257766,false_positive,"TESS FOP Working Group disposition 'FP' via NASA Exoplanet Archive TESS FOP WG catalog snapshot (benchmarks/toi_catalog.csv, accessed 2026-09-08)",TOI 1120.01
143271144,false_positive,"TESS FOP Working Group disposition 'APC' via NASA Exoplanet Archive TESS FOP WG catalog snapshot (benchmarks/toi_catalog.csv, accessed 2026-09-08)",TOI 541.01
143282930,false_positive,"TESS FOP Working Group disposition 'APC' via NASA Exoplanet Archive TESS FOP WG catalog snapshot (benchmarks/toi_catalog.csv, accessed 2026-09-08)",TOI 2509.01
143350972,false_positive,"TESS FOP Working Group disposition 'FP' via NASA Exoplanet Archive TESS FOP WG catalog snapshot (benchmarks/toi_catalog.csv, accessed 2026-09-08)",TOI 440.01
143526444,false_positive,"TESS FOP Working Group disposition 'FP' via NASA Exoplanet Archive TESS FOP WG catalog snapshot (benchmarks/toi_catalog.csv, accessed 2026-09-08)",TOI 803.01
143994283,false_positive,"TESS FOP Working Group disposition 'FP' via NASA Exoplanet Archive TESS FOP WG catalog snapshot (benchmarks/toi_catalog.csv, accessed 2026-09-08)",TOI 1021.01
144000801,false_positive,"TESS FOP Working Group disposition 'APC' via NASA Exoplanet Archive TESS FOP WG catalog snapshot (benchmarks/toi_catalog.csv, accessed 2026-09-08)",TOI 2302.01
144043410,false_positive,"TESS FOP Working Group disposition 'FP' via NASA Exoplanet Archive TESS FOP WG catalog snapshot (benchmarks/toi_catalog.csv, accessed 2026-09-08)",TOI 2554.01
144138509,false_positive,"TESS FOP Working Group disposition 'FA' via NASA Exoplanet Archive TESS FOP WG catalog snapshot (benchmarks/toi_catalog.csv, accessed 2026-09-08)",TOI 729.01
144276942,false_positive,"TESS FOP Working Group disposition 'APC' via NASA Exoplanet Archive TESS FOP WG catalog snapshot (benchmarks/toi_catalog.csv, accessed 2026-09-08)",TOI 361.01
144327080,false_positive,"TESS FOP Working Group disposition 'APC' via NASA Exoplanet Archive TESS FOP WG catalog snapshot (benchmarks/toi_catalog.csv, accessed 2026-09-08)",TOI 6806.01
144336525,false_positive,"TESS FOP Working Group disposition 'APC' via NASA Exoplanet Archive TESS FOP WG catalog snapshot (benchmarks/toi_catalog.csv, accessed 2026-09-08)",TOI 326.01
144440290,false_positive,"TESS FOP Working Group disposition 'FP' via NASA Exoplanet Archive TESS FOP WG catalog snapshot (benchmarks/toi_catalog.csv, accessed 2026-09-08)",TOI 222.01
144441148,false_positive,"TESS FOP Working Group disposition 'APC' via NASA Exoplanet Archive TESS FOP WG catalog snapshot (benchmarks/toi_catalog.csv, accessed 2026-09-08)",TOI 1837.01
144956678,false_positive,"TESS FOP Working Group disposition 'FP' via NASA Exoplanet Archive TESS FOP WG catalog snapshot (benchmarks/toi_catalog.csv, accessed 2026-09-08)",TOI 596.01
1449640,false_positive,"TESS FOP Working Group disposition 'APC' via NASA Exoplanet Archive TESS FOP WG catalog snapshot (benchmarks/toi_catalog.csv, accessed 2026-09-08)",TOI 446.01
144970275,false_positive,"TESS FOP Working Group disposition 'FP' via NASA Exoplanet Archive TESS FOP WG catalog snapshot (benchmarks/toi_catalog.csv, accessed 2026-09-08)",TOI 3423.01
1449756,false_positive,"TESS FOP Working Group disposition 'FP' via NASA Exoplanet Archive TESS FOP WG catalog snapshot (benchmarks/toi_catalog.csv, accessed 2026-09-08)",TOI 2480.01
145027461,false_positive,"TESS FOP Working Group disposition 'FP' via NASA Exoplanet Archive TESS FOP WG catalog snapshot (benchmarks/toi_catalog.csv, accessed 2026-09-08)",TOI 604.01
145982812,false_positive,"TESS FOP Working Group disposition 'FP' via NASA Exoplanet Archive TESS FOP WG catalog snapshot (benchmarks/toi_catalog.csv, accessed 2026-09-08)",TOI 599.01
146165619,false_positive,"TESS FOP Working Group disposition 'APC' via NASA Exoplanet Archive TESS FOP WG catalog snapshot (benchmarks/toi_catalog.csv, accessed 2026-09-08)",TOI 2377.01
146208651,false_positive,"TESS FOP Working Group disposition 'FP' via NASA Exoplanet Archive TESS FOP WG catalog snapshot (benchmarks/toi_catalog.csv, accessed 2026-09-08)",TOI 597.01
146244533,false_positive,"TESS FOP Working Group disposition 'FP' via NASA Exoplanet Archive TESS FOP WG catalog snapshot (benchmarks/toi_catalog.csv, accessed 2026-09-08)",TOI 3358.01
146261607,false_positive,"TESS FOP Working Group disposition 'FP' via NASA Exoplanet Archive TESS FOP WG catalog snapshot (benchmarks/toi_catalog.csv, accessed 2026-09-08)",TOI 591.01
146434840,false_positive,"TESS FOP Working Group disposition 'FP' via NASA Exoplanet Archive TESS FOP WG catalog snapshot (benchmarks/toi_catalog.csv, accessed 2026-09-08)",TOI 956.01
146438872,false_positive,"TESS FOP Working Group disposition 'APC' via NASA Exoplanet Archive TESS FOP WG catalog snapshot (benchmarks/toi_catalog.csv, accessed 2026-09-08)",TOI 948.01
146463781,false_positive,"TESS FOP Working Group disposition 'FP' via NASA Exoplanet Archive TESS FOP WG catalog snapshot (benchmarks/toi_catalog.csv, accessed 2026-09-08)",TOI 636.01
146467673,false_positive,"TESS FOP Working Group disposition 'APC' via NASA Exoplanet Archive TESS FOP WG catalog snapshot (benchmarks/toi_catalog.csv, accessed 2026-09-08)",TOI 2694.01
146467675,false_positive,"TESS FOP Working Group disposition 'FP' via NASA Exoplanet Archive TESS FOP WG catalog snapshot (benchmarks/toi_catalog.csv, accessed 2026-09-08)",TOI 955.01
146776480,false_positive,"TESS FOP Working Group disposition 'APC' via NASA Exoplanet Archive TESS FOP WG catalog snapshot (benchmarks/toi_catalog.csv, accessed 2026-09-08)",TOI 2605.01
146836153,false_positive,"TESS FOP Working Group disposition 'FP' via NASA Exoplanet Archive TESS FOP WG catalog snapshot (benchmarks/toi_catalog.csv, accessed 2026-09-08)",TOI 2879.01
146846569,false_positive,"TESS FOP Working Group disposition 'FP' via NASA Exoplanet Archive TESS FOP WG catalog snapshot (benchmarks/toi_catalog.csv, accessed 2026-09-08)",TOI 734.01
147340931,false_positive,"TESS FOP Working Group disposition 'FP' via NASA Exoplanet Archive TESS FOP WG catalog snapshot (benchmarks/toi_catalog.csv, accessed 2026-09-08)",TOI 1992.01
147437399,false_positive,"TESS FOP Working Group disposition 'APC' via NASA Exoplanet Archive TESS FOP WG catalog snapshot (benchmarks/toi_catalog.csv, accessed 2026-09-08)",TOI 2756.01
147576037,false_positive,"TESS FOP Working Group disposition 'FP' via NASA Exoplanet Archive TESS FOP WG catalog snapshot (benchmarks/toi_catalog.csv, accessed 2026-09-08)",TOI 1157.01
147660201,false_positive,"TESS FOP Working Group disposition 'FP' via NASA Exoplanet Archive TESS FOP WG catalog snapshot (benchmarks/toi_catalog.csv, accessed 2026-09-08)",TOI 670.01
147895461,false_positive,"TESS FOP Working Group disposition 'FP' via NASA Exoplanet Archive TESS FOP WG catalog snapshot (benchmarks/toi_catalog.csv, accessed 2026-09-08)",TOI 5258.01
148228019,false_positive,"TESS FOP Working Group disposition 'APC' via NASA Exoplanet Archive TESS FOP WG catalog snapshot (benchmarks/toi_catalog.csv, accessed 2026-09-08)",TOI 527.01
148233571,false_positive,"TESS FOP Working Group disposition 'FP' via NASA Exoplanet Archive TESS FOP WG catalog snapshot (benchmarks/toi_catalog.csv, accessed 2026-09-08)",TOI 2754.01
148523092,false_positive,"TESS FOP Working Group disposition 'FP' via NASA Exoplanet Archive TESS FOP WG catalog snapshot (benchmarks/toi_catalog.csv, accessed 2026-09-08)",TOI 6764.01
148659924,false_positive,"TESS FOP Working Group disposition 'FP' via NASA Exoplanet Archive TESS FOP WG catalog snapshot (benchmarks/toi_catalog.csv, accessed 2026-09-08)",TOI 983.01
148914726,false_positive,"TESS FOP Working Group disposition 'APC' via NASA Exoplanet Archive TESS FOP WG catalog snapshot (benchmarks/toi_catalog.csv, accessed 2026-09-08)",TOI 1179.01
149010208,false_positive,"TESS FOP Working Group disposition 'APC' via NASA Exoplanet Archive TESS FOP WG catalog snapshot (benchmarks/toi_catalog.csv, accessed 2026-09-08)",TOI 243.01
149126400,false_positive,"TESS FOP Working Group disposition 'FP' via NASA Exoplanet Archive TESS FOP WG catalog snapshot (benchmarks/toi_catalog.csv, accessed 2026-09-08)",TOI 4569.01
149282072,false_positive,"TESS FOP Working Group disposition 'FP' via NASA Exoplanet Archive TESS FOP WG catalog snapshot (benchmarks/toi_catalog.csv, accessed 2026-09-08)",TOI 4461.01
149301575,false_positive,"TESS FOP Working Group disposition 'APC' via NASA Exoplanet Archive TESS FOP WG catalog snapshot (benchmarks/toi_catalog.csv, accessed 2026-09-08)",TOI 809.01
149394317,false_positive,"TESS FOP Working Group disposition 'APC' via NASA Exoplanet Archive TESS FOP WG catalog snapshot (benchmarks/toi_catalog.csv, accessed 2026-09-08)",TOI 2653.01
149539158,false_positive,"TESS FOP Working Group disposition 'FA' via NASA Exoplanet Archive TESS FOP WG catalog snapshot (benchmarks/toi_catalog.csv, accessed 2026-09-08)",TOI 2607.01
149577217,false_positive,"TESS FOP Working Group disposition 'APC' via NASA Exoplanet Archive TESS FOP WG catalog snapshot (benchmarks/toi_catalog.csv, accessed 2026-09-08)",TOI 1850.01
149601557,false_positive,"TESS FOP Working Group disposition 'FP' via NASA Exoplanet Archive TESS FOP WG catalog snapshot (benchmarks/toi_catalog.csv, accessed 2026-09-08)",TOI 1033.01
150167117,false_positive,"TESS FOP Working Group disposition 'APC' via NASA Exoplanet Archive TESS FOP WG catalog snapshot (benchmarks/toi_catalog.csv, accessed 2026-09-08)",TOI 919.01
150247134,false_positive,"TESS FOP Working Group disposition 'FA' via NASA Exoplanet Archive TESS FOP WG catalog snapshot (benchmarks/toi_catalog.csv, accessed 2026-09-08)",TOI 718.01
150271680,false_positive,"TESS FOP Working Group disposition 'FP' via NASA Exoplanet Archive TESS FOP WG catalog snapshot (benchmarks/toi_catalog.csv, accessed 2026-09-08)",TOI 735.01
150902766,false_positive,"TESS FOP Working Group disposition 'APC' via NASA Exoplanet Archive TESS FOP WG catalog snapshot (benchmarks/toi_catalog.csv, accessed 2026-09-08)",TOI 6235.01
151284882,false_positive,"TESS FOP Working Group disposition 'APC' via NASA Exoplanet Archive TESS FOP WG catalog snapshot (benchmarks/toi_catalog.csv, accessed 2026-09-08)",TOI 2595.01
151681127,false_positive,"TESS FOP Working Group disposition 'APC' via NASA Exoplanet Archive TESS FOP WG catalog snapshot (benchmarks/toi_catalog.csv, accessed 2026-09-08)",TOI 671.01
151728428,false_positive,"TESS FOP Working Group disposition 'FP' via NASA Exoplanet Archive TESS FOP WG catalog snapshot (benchmarks/toi_catalog.csv, accessed 2026-09-08)",TOI 5850.01
151930063,false_positive,"TESS FOP Working Group disposition 'FP' via NASA Exoplanet Archive TESS FOP WG catalog snapshot (benchmarks/toi_catalog.csv, accessed 2026-09-08)",TOI 2872.01
151959065,false_positive,"TESS FOP Working Group disposition 'FP' via NASA Exoplanet Archive TESS FOP WG catalog snapshot (benchmarks/toi_catalog.csv, accessed 2026-09-08)",TOI 673.01
152147232,false_positive,"TESS FOP Working Group disposition 'APC' via NASA Exoplanet Archive TESS FOP WG catalog snapshot (benchmarks/toi_catalog.csv, accessed 2026-09-08)",TOI 759.01
15247229,false_positive,"TESS FOP Working Group disposition 'FP' via NASA Exoplanet Archive TESS FOP WG catalog snapshot (benchmarks/toi_catalog.csv, accessed 2026-09-08)",TOI 1188.01
152685831,false_positive,"TESS FOP Working Group disposition 'FP' via NASA Exoplanet Archive TESS FOP WG catalog snapshot (benchmarks/toi_catalog.csv, accessed 2026-09-08)",TOI 3402.01
152714791,false_positive,"TESS FOP Working Group disposition 'FP' via NASA Exoplanet Archive TESS FOP WG catalog snapshot (benchmarks/toi_catalog.csv, accessed 2026-09-08)",TOI 2249.01
152800085,false_positive,"TESS FOP Working Group disposition 'APC' via NASA Exoplanet Archive TESS FOP WG catalog snapshot (benchmarks/toi_catalog.csv, accessed 2026-09-08)",TOI 2325.01
153027658,false_positive,"TESS FOP Working Group disposition 'FP' via NASA Exoplanet Archive TESS FOP WG catalog snapshot (benchmarks/toi_catalog.csv, accessed 2026-09-08)",TOI 914.01
153077621,false_positive,"TESS FOP Working Group disposition 'APC' via NASA Exoplanet Archive TESS FOP WG catalog snapshot (benchmarks/toi_catalog.csv, accessed 2026-09-08)",TOI 454.01
153197346,false_positive,"TESS FOP Working Group disposition 'FP' via NASA Exoplanet Archive TESS FOP WG catalog snapshot (benchmarks/toi_catalog.csv, accessed 2026-09-08)",TOI 3399.01
153651591,false_positive,"TESS FOP Working Group disposition 'FP' via NASA Exoplanet Archive TESS FOP WG catalog snapshot (benchmarks/toi_catalog.csv, accessed 2026-09-08)",TOI 607.01
153696322,false_positive,"TESS FOP Working Group disposition 'APC' via NASA Exoplanet Archive TESS FOP WG catalog snapshot (benchmarks/toi_catalog.csv, accessed 2026-09-08)",TOI 7573.01
153949511,false_positive,"TESS FOP Working Group disposition 'FA' via NASA Exoplanet Archive TESS FOP WG catalog snapshot (benchmarks/toi_catalog.csv, accessed 2026-09-08)",TOI 1277.01
154459165,false_positive,"TESS FOP Working Group disposition 'FP' via NASA Exoplanet Archive TESS FOP WG catalog snapshot (benchmarks/toi_catalog.csv, accessed 2026-09-08)",TOI 611.01
154840461,false_positive,"TESS FOP Working Group disposition 'APC' via NASA Exoplanet Archive TESS FOP WG catalog snapshot (benchmarks/toi_catalog.csv, accessed 2026-09-08)",TOI 1153.01
154867950,false_positive,"TESS FOP Working Group disposition 'FP' via NASA Exoplanet Archive TESS FOP WG catalog snapshot (benchmarks/toi_catalog.csv, accessed 2026-09-08)",TOI 1652.01
154927364,false_positive,"TESS FOP Working Group disposition 'FP' via NASA Exoplanet Archive TESS FOP WG catalog snapshot (benchmarks/toi_catalog.csv, accessed 2026-09-08)",TOI 1647.01
155001079,false_positive,"TESS FOP Working Group disposition 'APC' via NASA Exoplanet Archive TESS FOP WG catalog snapshot (benchmarks/toi_catalog.csv, accessed 2026-09-08)",TOI 2434.01
155005217,false_positive,"TESS FOP Working Group disposition 'FP' via NASA Exoplanet Archive TESS FOP WG catalog snapshot (benchmarks/toi_catalog.csv, accessed 2026-09-08)",TOI 1369.01
155044736,false_positive,"TESS FOP Working Group disposition 'FP' via NASA Exoplanet Archive TESS FOP WG catalog snapshot (benchmarks/toi_catalog.csv, accessed 2026-09-08)",TOI 1015.01
155114483,false_positive,"TESS FOP Working Group disposition 'FP' via NASA Exoplanet Archive TESS FOP WG catalog snapshot (benchmarks/toi_catalog.csv, accessed 2026-09-08)",TOI 1370.01
155491828,false_positive,"TESS FOP Working Group disposition 'FP' via NASA Exoplanet Archive TESS FOP WG catalog snapshot (benchmarks/toi_catalog.csv, accessed 2026-09-08)",TOI 2555.01
15565627,false_positive,"TESS FOP Working Group disposition 'FP' via NASA Exoplanet Archive TESS FOP WG catalog snapshot (benchmarks/toi_catalog.csv, accessed 2026-09-08)",TOI 1316.01
155807906,false_positive,"TESS FOP Working Group disposition 'FP' via NASA Exoplanet Archive TESS FOP WG catalog snapshot (benchmarks/toi_catalog.csv, accessed 2026-09-08)",TOI 2871.01
155947004,false_positive,"TESS FOP Working Group disposition 'FP' via NASA Exoplanet Archive TESS FOP WG catalog snapshot (benchmarks/toi_catalog.csv, accessed 2026-09-08)",TOI 3975.01
155986102,false_positive,"TESS FOP Working Group disposition 'FP' via NASA Exoplanet Archive TESS FOP WG catalog snapshot (benchmarks/toi_catalog.csv, accessed 2026-09-08)",TOI 337.01
155995204,false_positive,"TESS FOP Working Group disposition 'FP' via NASA Exoplanet Archive TESS FOP WG catalog snapshot (benchmarks/toi_catalog.csv, accessed 2026-09-08)",TOI 384.01
156115721,false_positive,"TESS FOP Working Group disposition 'FP' via NASA Exoplanet Archive TESS FOP WG catalog snapshot (benchmarks/toi_catalog.csv, accessed 2026-09-08)",TOI 1006.01
156215204,false_positive,"TESS FOP Working Group disposition 'APC' via NASA Exoplanet Archive TESS FOP WG catalog snapshot (benchmarks/toi_catalog.csv, accessed 2026-09-08)",TOI 4122.01
156678143,false_positive,"TESS FOP Working Group disposition 'FP' via NASA Exoplanet Archive TESS FOP WG catalog snapshot (benchmarks/toi_catalog.csv, accessed 2026-09-08)",TOI 7519.01
156816238,false_positive,"TESS FOP Working Group disposition 'FP' via NASA Exoplanet Archive TESS FOP WG catalog snapshot (benchmarks/toi_catalog.csv, accessed 2026-09-08)",TOI 3845.01
15682927,false_positive,"TESS FOP Working Group disposition 'FP' via NASA Exoplanet Archive TESS FOP WG catalog snapshot (benchmarks/toi_catalog.csv, accessed 2026-09-08)",TOI 5886.01
156991337,false_positive,"TESS FOP Working Group disposition 'FP' via NASA Exoplanet Archive TESS FOP WG catalog snapshot (benchmarks/toi_catalog.csv, accessed 2026-09-08)",TOI 691.01
157528286,false_positive,"TESS FOP Working Group disposition 'FP' via NASA Exoplanet Archive TESS FOP WG catalog snapshot (benchmarks/toi_catalog.csv, accessed 2026-09-08)",TOI 4235.01
157568289,false_positive,"TESS FOP Working Group disposition 'FP' via NASA Exoplanet Archive TESS FOP WG catalog snapshot (benchmarks/toi_catalog.csv, accessed 2026-09-08)",TOI 645.01
15827263,false_positive,"TESS FOP Working Group disposition 'FP' via NASA Exoplanet Archive TESS FOP WG catalog snapshot (benchmarks/toi_catalog.csv, accessed 2026-09-08)",TOI 6645.01
158276040,false_positive,"TESS FOP Working Group disposition 'APC' via NASA Exoplanet Archive TESS FOP WG catalog snapshot (benchmarks/toi_catalog.csv, accessed 2026-09-08)",TOI 1192.01
158381418,false_positive,"TESS FOP Working Group disposition 'APC' via NASA Exoplanet Archive TESS FOP WG catalog snapshot (benchmarks/toi_catalog.csv, accessed 2026-09-08)",TOI 6975.01
158551257,false_positive,"TESS FOP Working Group disposition 'FP' via NASA Exoplanet Archive TESS FOP WG catalog snapshot (benchmarks/toi_catalog.csv, accessed 2026-09-08)",TOI 4433.01
158555987,false_positive,"TESS FOP Working Group disposition 'FP' via NASA Exoplanet Archive TESS FOP WG catalog snapshot (benchmarks/toi_catalog.csv, accessed 2026-09-08)",TOI 4594.01
158657991,false_positive,"TESS FOP Working Group disposition 'APC' via NASA Exoplanet Archive TESS FOP WG catalog snapshot (benchmarks/toi_catalog.csv, accessed 2026-09-08)",TOI 7014.01
158916431,false_positive,"TESS FOP Working Group disposition 'FP' via NASA Exoplanet Archive TESS FOP WG catalog snapshot (benchmarks/toi_catalog.csv, accessed 2026-09-08)",TOI 2146.01
158978373,false_positive,"TESS FOP Working Group disposition 'APC' via NASA Exoplanet Archive TESS FOP WG catalog snapshot (benchmarks/toi_catalog.csv, accessed 2026-09-08)",TOI 823.01
159244568,false_positive,"TESS FOP Working Group disposition 'FA' via NASA Exoplanet Archive TESS FOP WG catalog snapshot (benchmarks/toi_catalog.csv, accessed 2026-09-08)",TOI 2078.01
159334269,false_positive,"TESS FOP Working Group disposition 'FP' via NASA Exoplanet Archive TESS FOP WG catalog snapshot (benchmarks/toi_catalog.csv, accessed 2026-09-08)",TOI 4068.01
159510109,false_positive,"TESS FOP Working Group disposition 'FP' via NASA Exoplanet Archive TESS FOP WG catalog snapshot (benchmarks/toi_catalog.csv, accessed 2026-09-08)",TOI 1141.01
160003961,false_positive,"TESS FOP Working Group disposition 'APC' via NASA Exoplanet Archive TESS FOP WG catalog snapshot (benchmarks/toi_catalog.csv, accessed 2026-09-08)",TOI 2335.01
160074939,false_positive,"TESS FOP Working Group disposition 'FA' via NASA Exoplanet Archive TESS FOP WG catalog snapshot (benchmarks/toi_catalog.csv, accessed 2026-09-08)",TOI 230.01
160162987,false_positive,"TESS FOP Working Group disposition 'FP' via NASA Exoplanet Archive TESS FOP WG catalog snapshot (benchmarks/toi_catalog.csv, accessed 2026-09-08)",TOI 2167.01
160222069,false_positive,"TESS FOP Working Group disposition 'APC' via NASA Exoplanet Archive TESS FOP WG catalog snapshot (benchmarks/toi_catalog.csv, accessed 2026-09-08)",TOI 854.01
160268701,false_positive,"TESS FOP Working Group disposition 'FP' via NASA Exoplanet Archive TESS FOP WG catalog snapshot (benchmarks/toi_catalog.csv, accessed 2026-09-08)",TOI 1143.01
16076354,false_positive,"TESS FOP Working Group disposition 'APC' via NASA Exoplanet Archive TESS FOP WG catalog snapshot (benchmarks/toi_catalog.csv, accessed 2026-09-08)",TOI 3806.01
16102323,false_positive,"TESS FOP Working Group disposition 'FP' via NASA Exoplanet Archive TESS FOP WG catalog snapshot (benchmarks/toi_catalog.csv, accessed 2026-09-08)",TOI 1164.01
161156159,false_positive,"TESS FOP Working Group disposition 'FP' via NASA Exoplanet Archive TESS FOP WG catalog snapshot (benchmarks/toi_catalog.csv, accessed 2026-09-08)",TOI 1988.01
161169240,false_positive,"TESS FOP Working Group disposition 'APC' via NASA Exoplanet Archive TESS FOP WG catalog snapshot (benchmarks/toi_catalog.csv, accessed 2026-09-08)",TOI 6667.01
161450762,false_positive,"TESS FOP Working Group disposition 'FP' via NASA Exoplanet Archive TESS FOP WG catalog snapshot (benchmarks/toi_catalog.csv, accessed 2026-09-08)",TOI 1155.01
161477033,false_positive,"TESS FOP Working Group disposition 'FA' via NASA Exoplanet Archive TESS FOP WG catalog snapshot (benchmarks/toi_catalog.csv, accessed 2026-09-08)",TOI 553.01
161687209,false_positive,"TESS FOP Working Group disposition 'FP' via NASA Exoplanet Archive TESS FOP WG catalog snapshot (benchmarks/toi_catalog.csv, accessed 2026-09-08)",TOI 7137.01
16187321,false_positive,"TESS FOP Working Group disposition 'FP' via NASA Exoplanet Archive TESS FOP WG catalog snapshot (benchmarks/toi_catalog.csv, accessed 2026-09-08)",TOI 3542.01
162130054,false_positive,"TESS FOP Working Group disposition 'APC' via NASA Exoplanet Archive TESS FOP WG catalog snapshot (benchmarks/toi_catalog.csv, accessed 2026-09-08)",TOI 1371.01
162246865,false_positive,"TESS FOP Working Group disposition 'FP' via NASA Exoplanet Archive TESS FOP WG catalog snapshot (benchmarks/toi_catalog.csv, accessed 2026-09-08)",TOI 1984.01
162362398,false_positive,"TESS FOP Working Group disposition 'APC' via NASA Exoplanet Archive TESS FOP WG catalog snapshot (benchmarks/toi_catalog.csv, accessed 2026-09-08)",TOI 760.01
162577466,false_positive,"TESS FOP Working Group disposition 'FP' via NASA Exoplanet Archive TESS FOP WG catalog snapshot (benchmarks/toi_catalog.csv, accessed 2026-09-08)",TOI 4067.01
162729620,false_positive,"TESS FOP Working Group disposition 'FP' via NASA Exoplanet Archive TESS FOP WG catalog snapshot (benchmarks/toi_catalog.csv, accessed 2026-09-08)",TOI 6585.01
164150539,false_positive,"TESS FOP Working Group disposition 'FP' via NASA Exoplanet Archive TESS FOP WG catalog snapshot (benchmarks/toi_catalog.csv, accessed 2026-09-08)",TOI 1372.01
164249928,false_positive,"TESS FOP Working Group disposition 'APC' via NASA Exoplanet Archive TESS FOP WG catalog snapshot (benchmarks/toi_catalog.csv, accessed 2026-09-08)",TOI 6797.01
165412561,false_positive,"TESS FOP Working Group disposition 'APC' via NASA Exoplanet Archive TESS FOP WG catalog snapshot (benchmarks/toi_catalog.csv, accessed 2026-09-08)",TOI 3908.01
165523947,false_positive,"TESS FOP Working Group disposition 'FP' via NASA Exoplanet Archive TESS FOP WG catalog snapshot (benchmarks/toi_catalog.csv, accessed 2026-09-08)",TOI 1317.01
165551882,false_positive,"TESS FOP Working Group disposition 'FA' via NASA Exoplanet Archive TESS FOP WG catalog snapshot (benchmarks/toi_catalog.csv, accessed 2026-09-08)",TOI 1633.01
165885558,false_positive,"TESS FOP Working Group disposition 'APC' via NASA Exoplanet Archive TESS FOP WG catalog snapshot (benchmarks/toi_catalog.csv, accessed 2026-09-08)",TOI 3844.01
166184426,false_positive,"TESS FOP Working Group disposition 'FP' via NASA Exoplanet Archive TESS FOP WG catalog snapshot (benchmarks/toi_catalog.csv, accessed 2026-09-08)",TOI 1955.01
166190643,false_positive,"TESS FOP Working Group disposition 'FP' via NASA Exoplanet Archive TESS FOP WG catalog snapshot (benchmarks/toi_catalog.csv, accessed 2026-09-08)",TOI 5942.01
166697854,false_positive,"TESS FOP Working Group disposition 'FP' via NASA Exoplanet Archive TESS FOP WG catalog snapshot (benchmarks/toi_catalog.csv, accessed 2026-09-08)",TOI 300.01
167009792,false_positive,"TESS FOP Working Group disposition 'FP' via NASA Exoplanet Archive TESS FOP WG catalog snapshot (benchmarks/toi_catalog.csv, accessed 2026-09-08)",TOI 1941.01
167031605,false_positive,"TESS FOP Working Group disposition 'FP' via NASA Exoplanet Archive TESS FOP WG catalog snapshot (benchmarks/toi_catalog.csv, accessed 2026-09-08)",TOI 884.01
167098530,false_positive,"TESS FOP Working Group disposition 'FP' via NASA Exoplanet Archive TESS FOP WG catalog snapshot (benchmarks/toi_catalog.csv, accessed 2026-09-08)",TOI 1319.01
167418898,false_positive,"TESS FOP Working Group disposition 'FP' via NASA Exoplanet Archive TESS FOP WG catalog snapshot (benchmarks/toi_catalog.csv, accessed 2026-09-08)",TOI 383.01
167754523,false_positive,"TESS FOP Working Group disposition 'FP' via NASA Exoplanet Archive TESS FOP WG catalog snapshot (benchmarks/toi_catalog.csv, accessed 2026-09-08)",TOI 409.01
168405330,false_positive,"TESS FOP Working Group disposition 'APC' via NASA Exoplanet Archive TESS FOP WG catalog snapshot (benchmarks/toi_catalog.csv, accessed 2026-09-08)",TOI 2984.01
16884216,false_positive,"TESS FOP Working Group disposition 'APC' via NASA Exoplanet Archive TESS FOP WG catalog snapshot (benchmarks/toi_catalog.csv, accessed 2026-09-08)",TOI 2023.01
168871868,false_positive,"TESS FOP Working Group disposition 'FP' via NASA Exoplanet Archive TESS FOP WG catalog snapshot (benchmarks/toi_catalog.csv, accessed 2026-09-08)",TOI 2442.01
169177766,false_positive,"TESS FOP Working Group disposition 'FP' via NASA Exoplanet Archive TESS FOP WG catalog snapshot (benchmarks/toi_catalog.csv, accessed 2026-09-08)",TOI 1177.01
169187982,false_positive,"TESS FOP Working Group disposition 'FP' via NASA Exoplanet Archive TESS FOP WG catalog snapshot (benchmarks/toi_catalog.csv, accessed 2026-09-08)",TOI 3566.01
16920150,false_positive,"TESS FOP Working Group disposition 'FA' via NASA Exoplanet Archive TESS FOP WG catalog snapshot (benchmarks/toi_catalog.csv, accessed 2026-09-08)",TOI 1459.01
169532369,false_positive,"TESS FOP Working Group disposition 'FP' via NASA Exoplanet Archive TESS FOP WG catalog snapshot (benchmarks/toi_catalog.csv, accessed 2026-09-08)",TOI 425.01
169904935,false_positive,"TESS FOP Working Group disposition 'FP' via NASA Exoplanet Archive TESS FOP WG catalog snapshot (benchmarks/toi_catalog.csv, accessed 2026-09-08)",TOI 1005.01
17005768,false_positive,"TESS FOP Working Group disposition 'FP' via NASA Exoplanet Archive TESS FOP WG catalog snapshot (benchmarks/toi_catalog.csv, accessed 2026-09-08)",TOI 1460.01
170103435,false_positive,"TESS FOP Working Group disposition 'FP' via NASA Exoplanet Archive TESS FOP WG catalog snapshot (benchmarks/toi_catalog.csv, accessed 2026-09-08)",TOI 2510.01
170889511,false_positive,"TESS FOP Working Group disposition 'APC' via NASA Exoplanet Archive TESS FOP WG catalog snapshot (benchmarks/toi_catalog.csv, accessed 2026-09-08)",TOI 2666.01
17129975,false_positive,"TESS FOP Working Group disposition 'FP' via NASA Exoplanet Archive TESS FOP WG catalog snapshot (benchmarks/toi_catalog.csv, accessed 2026-09-08)",TOI 6969.01
17150865,false_positive,"TESS FOP Working Group disposition 'FP' via NASA Exoplanet Archive TESS FOP WG catalog snapshot (benchmarks/toi_catalog.csv, accessed 2026-09-08)",TOI 4634.01
1717732429,false_positive,"TESS FOP Working Group disposition 'FP' via NASA Exoplanet Archive TESS FOP WG catalog snapshot (benchmarks/toi_catalog.csv, accessed 2026-09-08)",TOI 1172.01
1718201850,false_positive,"TESS FOP Working Group disposition 'APC' via NASA Exoplanet Archive TESS FOP WG catalog snapshot (benchmarks/toi_catalog.csv, accessed 2026-09-08)",TOI 1351.01
172110606,false_positive,"TESS FOP Working Group disposition 'FP' via NASA Exoplanet Archive TESS FOP WG catalog snapshot (benchmarks/toi_catalog.csv, accessed 2026-09-08)",TOI 5135.01
172193428,false_positive,"TESS FOP Working Group disposition 'APC' via NASA Exoplanet Archive TESS FOP WG catalog snapshot (benchmarks/toi_catalog.csv, accessed 2026-09-08)",TOI 502.01
172376068,false_positive,"TESS FOP Working Group disposition 'FP' via NASA Exoplanet Archive TESS FOP WG catalog snapshot (benchmarks/toi_catalog.csv, accessed 2026-09-08)",TOI 7275.01
172464366,false_positive,"TESS FOP Working Group disposition 'FP' via NASA Exoplanet Archive TESS FOP WG catalog snapshot (benchmarks/toi_catalog.csv, accessed 2026-09-08)",TOI 478.01
172630205,false_positive,"TESS FOP Working Group disposition 'FP' via NASA Exoplanet Archive TESS FOP WG catalog snapshot (benchmarks/toi_catalog.csv, accessed 2026-09-08)",TOI 2856.01
172754786,false_positive,"TESS FOP Working Group disposition 'FP' via NASA Exoplanet Archive TESS FOP WG catalog snapshot (benchmarks/toi_catalog.csv, accessed 2026-09-08)",TOI 3561.01
172871230,false_positive,"TESS FOP Working Group disposition 'FP' via NASA Exoplanet Archive TESS FOP WG catalog snapshot (benchmarks/toi_catalog.csv, accessed 2026-09-08)",TOI 5273.01
17361,false_positive,"TESS FOP Working Group disposition 'APC' via NASA Exoplanet Archive TESS FOP WG catalog snapshot (benchmarks/toi_catalog.csv, accessed 2026-09-08)",TOI 3127.01
173860688,false_positive,"TESS FOP Working Group disposition 'FP' via NASA Exoplanet Archive TESS FOP WG catalog snapshot (benchmarks/toi_catalog.csv, accessed 2026-09-08)",TOI 3388.01
174143743,false_positive,"TESS FOP Working Group disposition 'FP' via NASA Exoplanet Archive TESS FOP WG catalog snapshot (benchmarks/toi_catalog.csv, accessed 2026-09-08)",TOI 726.01
17416749,false_positive,"TESS FOP Working Group disposition 'FP' via NASA Exoplanet Archive TESS FOP WG catalog snapshot (benchmarks/toi_catalog.csv, accessed 2026-09-08)",TOI 2118.01
175079720,false_positive,"TESS FOP Working Group disposition 'FP' via NASA Exoplanet Archive TESS FOP WG catalog snapshot (benchmarks/toi_catalog.csv, accessed 2026-09-08)",TOI 3385.01
175176327,false_positive,"TESS FOP Working Group disposition 'APC' via NASA Exoplanet Archive TESS FOP WG catalog snapshot (benchmarks/toi_catalog.csv, accessed 2026-09-08)",TOI 602.01
175180796,false_positive,"TESS FOP Working Group disposition 'FP' via NASA Exoplanet Archive TESS FOP WG catalog snapshot (benchmarks/toi_catalog.csv, accessed 2026-09-08)",TOI 816.01
175310067,false_positive,"TESS FOP Working Group disposition 'FP' via NASA Exoplanet Archive TESS FOP WG catalog snapshot (benchmarks/toi_catalog.csv, accessed 2026-09-08)",TOI 1016.01
175476629,false_positive,"TESS FOP Working Group disposition 'FP' via NASA Exoplanet Archive TESS FOP WG catalog snapshot (benchmarks/toi_catalog.csv, accessed 2026-09-08)",TOI 321.01
176148945,false_positive,"TESS FOP Working Group disposition 'APC' via NASA Exoplanet Archive TESS FOP WG catalog snapshot (benchmarks/toi_catalog.csv, accessed 2026-09-08)",TOI 3380.01
176772671,false_positive,"TESS FOP Working Group disposition 'FP' via NASA Exoplanet Archive TESS FOP WG catalog snapshot (benchmarks/toi_catalog.csv, accessed 2026-09-08)",TOI 2603.01
176778112,false_positive,"TESS FOP Working Group disposition 'FP' via NASA Exoplanet Archive TESS FOP WG catalog snapshot (benchmarks/toi_catalog.csv, accessed 2026-09-08)",TOI 408.01
176831592,false_positive,"TESS FOP Working Group disposition 'FP' via NASA Exoplanet Archive TESS FOP WG catalog snapshot (benchmarks/toi_catalog.csv, accessed 2026-09-08)",TOI 463.01
176860064,false_positive,"TESS FOP Working Group disposition 'APC' via NASA Exoplanet Archive TESS FOP WG catalog snapshot (benchmarks/toi_catalog.csv, accessed 2026-09-08)",TOI 1457.01
176957796,false_positive,"TESS FOP Working Group disposition 'FA' via NASA Exoplanet Archive TESS FOP WG catalog snapshot (benchmarks/toi_catalog.csv, accessed 2026-09-08)",TOI 137.01
176984236,false_positive,"TESS FOP Working Group disposition 'FP' via NASA Exoplanet Archive TESS FOP WG catalog snapshot (benchmarks/toi_catalog.csv, accessed 2026-09-08)",TOI 405.01
177126182,false_positive,"TESS FOP Working Group disposition 'FP' via NASA Exoplanet Archive TESS FOP WG catalog snapshot (benchmarks/toi_catalog.csv, accessed 2026-09-08)",TOI 982.01
177612321,false_positive,"TESS FOP Working Group disposition 'FP' via NASA Exoplanet Archive TESS FOP WG catalog snapshot (benchmarks/toi_catalog.csv, accessed 2026-09-08)",TOI 2845.01
177722855,false_positive,"TESS FOP Working Group disposition 'FP' via NASA Exoplanet Archive TESS FOP WG catalog snapshot (benchmarks/toi_catalog.csv, accessed 2026-09-08)",TOI 971.01
178739678,false_positive,"TESS FOP Working Group disposition 'APC' via NASA Exoplanet Archive TESS FOP WG catalog snapshot (benchmarks/toi_catalog.csv, accessed 2026-09-08)",TOI 7551.01
178959058,false_positive,"TESS FOP Working Group disposition 'FP' via NASA Exoplanet Archive TESS FOP WG catalog snapshot (benchmarks/toi_catalog.csv, accessed 2026-09-08)",TOI 4332.01
179033846,false_positive,"TESS FOP Working Group disposition 'FP' via NASA Exoplanet Archive TESS FOP WG catalog snapshot (benchmarks/toi_catalog.csv, accessed 2026-09-08)",TOI 2675.01
179155220,false_positive,"TESS FOP Working Group disposition 'FP' via NASA Exoplanet Archive TESS FOP WG catalog snapshot (benchmarks/toi_catalog.csv, accessed 2026-09-08)",TOI 964.01
179159972,false_positive,"TESS FOP Working Group disposition 'FP' via NASA Exoplanet Archive TESS FOP WG catalog snapshot (benchmarks/toi_catalog.csv, accessed 2026-09-08)",TOI 965.01
179308757,false_positive,"TESS FOP Working Group disposition 'APC' via NASA Exoplanet Archive TESS FOP WG catalog snapshot (benchmarks/toi_catalog.csv, accessed 2026-09-08)",TOI 800.01
180145006,false_positive,"TESS FOP Working Group disposition 'APC' via NASA Exoplanet Archive TESS FOP WG catalog snapshot (benchmarks/toi_catalog.csv, accessed 2026-09-08)",TOI 312.01
18017227,false_positive,"TESS FOP Working Group disposition 'FP' via NASA Exoplanet Archive TESS FOP WG catalog snapshot (benchmarks/toi_catalog.csv, accessed 2026-09-08)",TOI 3890.01
180607846,false_positive,"TESS FOP Working Group disposition 'APC' via NASA Exoplanet Archive TESS FOP WG catalog snapshot (benchmarks/toi_catalog.csv, accessed 2026-09-08)",TOI 3906.01
180652891,false_positive,"TESS FOP Working Group disposition 'APC' via NASA Exoplanet Archive TESS FOP WG catalog snapshot (benchmarks/toi_catalog.csv, accessed 2026-09-08)",TOI 1857.01
180987952,false_positive,"TESS FOP Working Group disposition 'FP' via NASA Exoplanet Archive TESS FOP WG catalog snapshot (benchmarks/toi_catalog.csv, accessed 2026-09-08)",TOI 581.01
181159386,false_positive,"TESS FOP Working Group disposition 'APC' via NASA Exoplanet Archive TESS FOP WG catalog snapshot (benchmarks/toi_catalog.csv, accessed 2026-09-08)",TOI 764.01
182470056,false_positive,"TESS FOP Working Group disposition 'FP' via NASA Exoplanet Archive TESS FOP WG catalog snapshot (benchmarks/toi_catalog.csv, accessed 2026-09-08)",TOI 2839.01
182943944,false_positive,"TESS FOP Working Group disposition 'FP' via NASA Exoplanet Archive TESS FOP WG catalog snapshot (benchmarks/toi_catalog.csv, accessed 2026-09-08)",TOI 1017.01
183593642,false_positive,"TESS FOP Working Group disposition 'APC' via NASA Exoplanet Archive TESS FOP WG catalog snapshot (benchmarks/toi_catalog.csv, accessed 2026-09-08)",TOI 355.01
183979262,false_positive,"TESS FOP Working Group disposition 'FP' via NASA Exoplanet Archive TESS FOP WG catalog snapshot (benchmarks/toi_catalog.csv, accessed 2026-09-08)",TOI 183.01
184670625,false_positive,"TESS FOP Working Group disposition 'FP' via NASA Exoplanet Archive TESS FOP WG catalog snapshot (benchmarks/toi_catalog.csv, accessed 2026-09-08)",TOI 3377.01
184679932,false_positive,"TESS FOP Working Group disposition 'FP' via NASA Exoplanet Archive TESS FOP WG catalog snapshot (benchmarks/toi_catalog.csv, accessed 2026-09-08)",TOI 1645.01
184739529,false_positive,"TESS FOP Working Group disposition 'APC' via NASA Exoplanet Archive TESS FOP WG catalog snapshot (benchmarks/toi_catalog.csv, accessed 2026-09-08)",TOI 6342.01
184869170,false_positive,"TESS FOP Working Group disposition 'FP' via NASA Exoplanet Archive TESS FOP WG catalog snapshot (benchmarks/toi_catalog.csv, accessed 2026-09-08)",TOI 5513.01
184952758,false_positive,"TESS FOP Working Group disposition 'FP' via NASA Exoplanet Archive TESS FOP WG catalog snapshot (benchmarks/toi_catalog.csv, accessed 2026-09-08)",TOI 719.01
185226925,false_positive,"TESS FOP Working Group disposition 'FP' via NASA Exoplanet Archive TESS FOP WG catalog snapshot (benchmarks/toi_catalog.csv, accessed 2026-09-08)",TOI 5257.01
185405474,false_positive,"TESS FOP Working Group disposition 'FP' via NASA Exoplanet Archive TESS FOP WG catalog snapshot (benchmarks/toi_catalog.csv, accessed 2026-09-08)",TOI 1303.01
185482513,false_positive,"TESS FOP Working Group disposition 'FP' via NASA Exoplanet Archive TESS FOP WG catalog snapshot (benchmarks/toi_catalog.csv, accessed 2026-09-08)",TOI 3375.01
18574158,false_positive,"TESS FOP Working Group disposition 'FP' via NASA Exoplanet Archive TESS FOP WG catalog snapshot (benchmarks/toi_catalog.csv, accessed 2026-09-08)",TOI 7051.01
186000935,false_positive,"TESS FOP Working Group disposition 'FP' via NASA Exoplanet Archive TESS FOP WG catalog snapshot (benchmarks/toi_catalog.csv, accessed 2026-09-08)",TOI 1304.01
186547153,false_positive,"TESS FOP Working Group disposition 'APC' via NASA Exoplanet Archive TESS FOP WG catalog snapshot (benchmarks/toi_catalog.csv, accessed 2026-09-08)",TOI 608.01
186599508,false_positive,"TESS FOP Working Group disposition 'FP' via NASA Exoplanet Archive TESS FOP WG catalog snapshot (benchmarks/toi_catalog.csv, accessed 2026-09-08)",TOI 1592.01
186715217,false_positive,"TESS FOP Working Group disposition 'APC' via NASA Exoplanet Archive TESS FOP WG catalog snapshot (benchmarks/toi_catalog.csv, accessed 2026-09-08)",TOI 6338.01
187029841,false_positive,"TESS FOP Working Group disposition 'FP' via NASA Exoplanet Archive TESS FOP WG catalog snapshot (benchmarks/toi_catalog.csv, accessed 2026-09-08)",TOI 1600.01
187333348,false_positive,"TESS FOP Working Group disposition 'APC' via NASA Exoplanet Archive TESS FOP WG catalog snapshot (benchmarks/toi_catalog.csv, accessed 2026-09-08)",TOI 5790.01
187495621,false_positive,"TESS FOP Working Group disposition 'FP' via NASA Exoplanet Archive TESS FOP WG catalog snapshot (benchmarks/toi_catalog.csv, accessed 2026-09-08)",TOI 7527.01
187532854,false_positive,"TESS FOP Working Group disposition 'FP' via NASA Exoplanet Archive TESS FOP WG catalog snapshot (benchmarks/toi_catalog.csv, accessed 2026-09-08)",TOI 6377.01
187861378,false_positive,"TESS FOP Working Group disposition 'FP' via NASA Exoplanet Archive TESS FOP WG catalog snapshot (benchmarks/toi_catalog.csv, accessed 2026-09-08)",TOI 4216.01
188593930,false_positive,"TESS FOP Working Group disposition 'FP' via NASA Exoplanet Archive TESS FOP WG catalog snapshot (benchmarks/toi_catalog.csv, accessed 2026-09-08)",TOI 320.01
188989177,false_positive,"TESS FOP Working Group disposition 'FP' via NASA Exoplanet Archive TESS FOP WG catalog snapshot (benchmarks/toi_catalog.csv, accessed 2026-09-08)",TOI 433.01
189013222,false_positive,"TESS FOP Working Group disposition 'FP' via NASA Exoplanet Archive TESS FOP WG catalog snapshot (benchmarks/toi_catalog.csv, accessed 2026-09-08)",TOI 949.01
189322727,false_positive,"TESS FOP Working Group disposition 'APC' via NASA Exoplanet Archive TESS FOP WG catalog snapshot (benchmarks/toi_catalog.csv, accessed 2026-09-08)",TOI 6111.01
189620016,false_positive,"TESS FOP Working Group disposition 'FP' via NASA Exoplanet Archive TESS FOP WG catalog snapshot (benchmarks/toi_catalog.csv, accessed 2026-09-08)",TOI 2372.01
190081497,false_positive,"TESS FOP Working Group disposition 'FP' via NASA Exoplanet Archive TESS FOP WG catalog snapshot (benchmarks/toi_catalog.csv, accessed 2026-09-08)",TOI 2671.01
190271688,false_positive,"TESS FOP Working Group disposition 'FP' via NASA Exoplanet Archive TESS FOP WG catalog snapshot (benchmarks/toi_catalog.csv, accessed 2026-09-08)",TOI 1963.01
190430205,false_positive,"TESS FOP Working Group disposition 'FP' via NASA Exoplanet Archive TESS FOP WG catalog snapshot (benchmarks/toi_catalog.csv, accessed 2026-09-08)",TOI 1374.01
190442486,false_positive,"TESS FOP Working Group disposition 'FP' via NASA Exoplanet Archive TESS FOP WG catalog snapshot (benchmarks/toi_catalog.csv, accessed 2026-09-08)",TOI 1375.01
190743990,false_positive,"TESS FOP Working Group disposition 'FP' via NASA Exoplanet Archive TESS FOP WG catalog snapshot (benchmarks/toi_catalog.csv, accessed 2026-09-08)",TOI 1376.01
190981760,false_positive,"TESS FOP Working Group disposition 'FP' via NASA Exoplanet Archive TESS FOP WG catalog snapshot (benchmarks/toi_catalog.csv, accessed 2026-09-08)",TOI 3369.01
190990336,false_positive,"TESS FOP Working Group disposition 'APC' via NASA Exoplanet Archive TESS FOP WG catalog snapshot (benchmarks/toi_catalog.csv, accessed 2026-09-08)",TOI 585.01
191146556,false_positive,"TESS FOP Working Group disposition 'FP' via NASA Exoplanet Archive TESS FOP WG catalog snapshot (benchmarks/toi_catalog.csv, accessed 2026-09-08)",TOI 1549.01
191373021,false_positive,"TESS FOP Working Group disposition 'FP' via NASA Exoplanet Archive TESS FOP WG catalog snapshot (benchmarks/toi_catalog.csv, accessed 2026-09-08)",TOI 7416.01
19155785,false_positive,"TESS FOP Working Group disposition 'FP' via NASA Exoplanet Archive TESS FOP WG catalog snapshot (benchmarks/toi_catalog.csv, accessed 2026-09-08)",TOI 4605.01
191928543,false_positive,"TESS FOP Working Group disposition 'APC' via NASA Exoplanet Archive TESS FOP WG catalog snapshot (benchmarks/toi_catalog.csv, accessed 2026-09-08)",TOI 2602.01
192372961,false_positive,"TESS FOP Working Group disposition 'FP' via NASA Exoplanet Archive TESS FOP WG catalog snapshot (benchmarks/toi_catalog.csv, accessed 2026-09-08)",TOI 1593.01
192520375,false_positive,"TESS FOP Working Group disposition 'FP' via NASA Exoplanet Archive TESS FOP WG catalog snapshot (benchmarks/toi_catalog.csv, accessed 2026-09-08)",TOI 4251.01
193628179,false_positive,"TESS FOP Working Group disposition 'FP' via NASA Exoplanet Archive TESS FOP WG catalog snapshot (benchmarks/toi_catalog.csv, accessed 2026-09-08)",TOI 5198.01
193708920,false_positive,"TESS FOP Working Group disposition 'FP' via NASA Exoplanet Archive TESS FOP WG catalog snapshot (benchmarks/toi_catalog.csv, accessed 2026-09-08)",TOI 3562.01
194179013,false_positive,"TESS FOP Working Group disposition 'FP' via NASA Exoplanet Archive TESS FOP WG catalog snapshot (benchmarks/toi_catalog.csv, accessed 2026-09-08)",TOI 3332.01
19451711,false_positive,"TESS FOP Working Group disposition 'FA' via NASA Exoplanet Archive TESS FOP WG catalog snapshot (benchmarks/toi_catalog.csv, accessed 2026-09-08)",TOI 522.01
1950736,false_positive,"TESS FOP Working Group disposition 'FP' via NASA Exoplanet Archive TESS FOP WG catalog snapshot (benchmarks/toi_catalog.csv, accessed 2026-09-08)",TOI 4610.01
195093356,false_positive,"TESS FOP Working Group disposition 'FP' via NASA Exoplanet Archive TESS FOP WG catalog snapshot (benchmarks/toi_catalog.csv, accessed 2026-09-08)",TOI 5226.01
195199644,false_positive,"TESS FOP Working Group disposition 'FP' via NASA Exoplanet Archive TESS FOP WG catalog snapshot (benchmarks/toi_catalog.csv, accessed 2026-09-08)",TOI 1321.01
196286587,false_positive,"TESS FOP Working Group disposition 'FP' via NASA Exoplanet Archive TESS FOP WG catalog snapshot (benchmarks/toi_catalog.csv, accessed 2026-09-08)",TOI 592.01
1965256662,false_positive,"TESS FOP Working Group disposition 'FP' via NASA Exoplanet Archive TESS FOP WG catalog snapshot (benchmarks/toi_catalog.csv, accessed 2026-09-08)",TOI 3565.01
1976308113,false_positive,"TESS FOP Working Group disposition 'FP' via NASA Exoplanet Archive TESS FOP WG catalog snapshot (benchmarks/toi_catalog.csv, accessed 2026-09-08)",TOI 3572.01
197650870,false_positive,"TESS FOP Working Group disposition 'FP' via NASA Exoplanet Archive TESS FOP WG catalog snapshot (benchmarks/toi_catalog.csv, accessed 2026-09-08)",TOI 1481.01
1979500576,false_positive,"TESS FOP Working Group disposition 'FP' via NASA Exoplanet Archive TESS FOP WG catalog snapshot (benchmarks/toi_catalog.csv, accessed 2026-09-08)",TOI 3627.01
197959526,false_positive,"TESS FOP Working Group disposition 'FP' via NASA Exoplanet Archive TESS FOP WG catalog snapshot (benchmarks/toi_catalog.csv, accessed 2026-09-08)",TOI 2303.01
198211976,false_positive,"TESS FOP Working Group disposition 'FA' via NASA Exoplanet Archive TESS FOP WG catalog snapshot (benchmarks/toi_catalog.csv, accessed 2026-09-08)",TOI 2283.01
198384408,false_positive,"TESS FOP Working Group disposition 'FA' via NASA Exoplanet Archive TESS FOP WG catalog snapshot (benchmarks/toi_catalog.csv, accessed 2026-09-08)",TOI 1689.01
198457103,false_positive,"TESS FOP Working Group disposition 'FA' via NASA Exoplanet Archive TESS FOP WG catalog snapshot (benchmarks/toi_catalog.csv, accessed 2026-09-08)",TOI 1488.01
198610218,false_positive,"TESS FOP Working Group disposition 'APC' via NASA Exoplanet Archive TESS FOP WG catalog snapshot (benchmarks/toi_catalog.csv, accessed 2026-09-08)",TOI 4432.01
198616607,false_positive,"TESS FOP Working Group disposition 'FP' via NASA Exoplanet Archive TESS FOP WG catalog snapshot (benchmarks/toi_catalog.csv, accessed 2026-09-08)",TOI 4116.01
1990842033,false_positive,"TESS FOP Working Group disposition 'APC' via NASA Exoplanet Archive TESS FOP WG catalog snapshot (benchmarks/toi_catalog.csv, accessed 2026-09-08)",TOI 2243.01
199162630,false_positive,"TESS FOP Working Group disposition 'FP' via NASA Exoplanet Archive TESS FOP WG catalog snapshot (benchmarks/toi_catalog.csv, accessed 2026-09-08)",TOI 6181.01
199676274,false_positive,"TESS FOP Working Group disposition 'APC' via NASA Exoplanet Archive TESS FOP WG catalog snapshot (benchmarks/toi_catalog.csv, accessed 2026-09-08)",TOI 7117.01
199688472,false_positive,"TESS FOP Working Group disposition 'FP' via NASA Exoplanet Archive TESS FOP WG catalog snapshot (benchmarks/toi_catalog.csv, accessed 2026-09-08)",TOI 1292.01
199731190,false_positive,"TESS FOP Working Group disposition 'APC' via NASA Exoplanet Archive TESS FOP WG catalog snapshot (benchmarks/toi_catalog.csv, accessed 2026-09-08)",TOI 350.01
200593988,false_positive,"TESS FOP Working Group disposition 'FP' via NASA Exoplanet Archive TESS FOP WG catalog snapshot (benchmarks/toi_catalog.csv, accessed 2026-09-08)",TOI 526.01
200606486,false_positive,"TESS FOP Working Group disposition 'APC' via NASA Exoplanet Archive TESS FOP WG catalog snapshot (benchmarks/toi_catalog.csv, accessed 2026-09-08)",TOI 6209.01
200807066,false_positive,"TESS FOP Working Group disposition 'FA' via NASA Exoplanet Archive TESS FOP WG catalog snapshot (benchmarks/toi_catalog.csv, accessed 2026-09-08)",TOI 869.01
201154493,false_positive,"TESS FOP Working Group disposition 'FP' via NASA Exoplanet Archive TESS FOP WG catalog snapshot (benchmarks/toi_catalog.csv, accessed 2026-09-08)",TOI 1594.01
201233610,false_positive,"TESS FOP Working Group disposition 'FP' via NASA Exoplanet Archive TESS FOP WG catalog snapshot (benchmarks/toi_catalog.csv, accessed 2026-09-08)",TOI 290.01
2016376984,false_positive,"TESS FOP Working Group disposition 'FA' via NASA Exoplanet Archive TESS FOP WG catalog snapshot (benchmarks/toi_catalog.csv, accessed 2026-09-08)",TOI 3920.01
20178111,false_positive,"TESS FOP Working Group disposition 'FP' via NASA Exoplanet Archive TESS FOP WG catalog snapshot (benchmarks/toi_catalog.csv, accessed 2026-09-08)",TOI 467.01
20182165,false_positive,"TESS FOP Working Group disposition 'FP' via NASA Exoplanet Archive TESS FOP WG catalog snapshot (benchmarks/toi_catalog.csv, accessed 2026-09-08)",TOI 1830.01
202428245,false_positive,"TESS FOP Working Group disposition 'FP' via NASA Exoplanet Archive TESS FOP WG catalog snapshot (benchmarks/toi_catalog.csv, accessed 2026-09-08)",TOI 5396.01
202468443,false_positive,"TESS FOP Working Group disposition 'FP' via NASA Exoplanet Archive TESS FOP WG catalog snapshot (benchmarks/toi_catalog.csv, accessed 2026-09-08)",TOI 5268.01
20303110,false_positive,"TESS FOP Working Group disposition 'FA' via NASA Exoplanet Archive TESS FOP WG catalog snapshot (benchmarks/toi_catalog.csv, accessed 2026-09-08)",TOI 3983.01
203096531,false_positive,"TESS FOP Working Group disposition 'APC' via NASA Exoplanet Archive TESS FOP WG catalog snapshot (benchmarks/toi_catalog.csv, accessed 2026-09-08)",TOI 3695.01
203144354,false_positive,"TESS FOP Working Group disposition 'APC' via NASA Exoplanet Archive TESS FOP WG catalog snapshot (benchmarks/toi_catalog.csv, accessed 2026-09-08)",TOI 5596.01
2041563029,false_positive,"TESS FOP Working Group disposition 'FP' via NASA Exoplanet Archive TESS FOP WG catalog snapshot (benchmarks/toi_catalog.csv, accessed 2026-09-08)",TOI 1427.01
204496071,false_positive,"TESS FOP Working Group disposition 'APC' via NASA Exoplanet Archive TESS FOP WG catalog snapshot (benchmarks/toi_catalog.csv, accessed 2026-09-08)",TOI 6960.01
206466531,false_positive,"TESS FOP Working Group disposition 'FP' via NASA Exoplanet Archive TESS FOP WG catalog snapshot (benchmarks/toi_catalog.csv, accessed 2026-09-08)",TOI 410.01
206498307,false_positive,"TESS FOP Working Group disposition 'FP' via NASA Exoplanet Archive TESS FOP WG catalog snapshot (benchmarks/toi_catalog.csv, accessed 2026-09-08)",TOI 2413.01
206609630,false_positive,"TESS FOP Working Group disposition 'APC' via NASA Exoplanet Archive TESS FOP WG catalog snapshot (benchmarks/toi_catalog.csv, accessed 2026-09-08)",TOI 212.01
206686292,false_positive,"TESS FOP Working Group disposition 'APC' via NASA Exoplanet Archive TESS FOP WG catalog snapshot (benchmarks/toi_catalog.csv, accessed 2026-09-08)",TOI 298.01
207081058,false_positive,"TESS FOP Working Group disposition 'APC' via NASA Exoplanet Archive TESS FOP WG catalog snapshot (benchmarks/toi_catalog.csv, accessed 2026-09-08)",TOI 121.01
207084429,false_positive,"TESS FOP Working Group disposition 'FP' via NASA Exoplanet Archive TESS FOP WG catalog snapshot (benchmarks/toi_catalog.csv, accessed 2026-09-08)",TOI 381.01
207277638,false_positive,"TESS FOP Working Group disposition 'APC' via NASA Exoplanet Archive TESS FOP WG catalog snapshot (benchmarks/toi_catalog.csv, accessed 2026-09-08)",TOI 989.01
207425203,false_positive,"TESS FOP Working Group disposition 'APC' via NASA Exoplanet Archive TESS FOP WG catalog snapshot (benchmarks/toi_catalog.csv, accessed 2026-09-08)",TOI 1865.01
207439380,false_positive,"TESS FOP Working Group disposition 'APC' via NASA Exoplanet Archive TESS FOP WG catalog snapshot (benchmarks/toi_catalog.csv, accessed 2026-09-08)",TOI 5681.01
207491214,false_positive,"TESS FOP Working Group disposition 'APC' via NASA Exoplanet Archive TESS FOP WG catalog snapshot (benchmarks/toi_catalog.csv, accessed 2026-09-08)",TOI 5659.01
207501148,false_positive,"TESS FOP Working Group disposition 'FP' via NASA Exoplanet Archive TESS FOP WG catalog snapshot (benchmarks/toi_catalog.csv, accessed 2026-09-08)",TOI 2320.01
208030798,false_positive,"TESS FOP Working Group disposition 'FP' via NASA Exoplanet Archive TESS FOP WG catalog snapshot (benchmarks/toi_catalog.csv, accessed 2026-09-08)",TOI 3440.01
20892672,false_positive,"TESS FOP Working Group disposition 'FP' via NASA Exoplanet Archive TESS FOP WG catalog snapshot (benchmarks/toi_catalog.csv, accessed 2026-09-08)",TOI 378.01
20897611,false_positive,"TESS FOP Working Group disposition 'APC' via NASA Exoplanet Archive TESS FOP WG catalog snapshot (benchmarks/toi_catalog.csv, accessed 2026-09-08)",TOI 2383.01
20988926,false_positive,"TESS FOP Working Group disposition 'FP' via NASA Exoplanet Archive TESS FOP WG catalog snapshot (benchmarks/toi_catalog.csv, accessed 2026-09-08)",TOI 5862.01
210337597,false_positive,"TESS FOP Working Group disposition 'FP' via NASA Exoplanet Archive TESS FOP WG catalog snapshot (benchmarks/toi_catalog.csv, accessed 2026-09-08)",TOI 7324.01
210445631,false_positive,"TESS FOP Working Group disposition 'APC' via NASA Exoplanet Archive TESS FOP WG catalog snapshot (benchmarks/toi_catalog.csv, accessed 2026-09-08)",TOI 1968.01
214243287,false_positive,"TESS FOP Working Group disposition 'APC' via NASA Exoplanet Archive TESS FOP WG catalog snapshot (benchmarks/toi_catalog.csv, accessed 2026-09-08)",TOI 4398.01
216935214,false_positive,"TESS FOP Working Group disposition 'APC' via NASA Exoplanet Archive TESS FOP WG catalog snapshot (benchmarks/toi_catalog.csv, accessed 2026-09-08)",TOI 902.01
21755546,false_positive,"TESS FOP Working Group disposition 'FP' via NASA Exoplanet Archive TESS FOP WG catalog snapshot (benchmarks/toi_catalog.csv, accessed 2026-09-08)",TOI 1146.01
218988652,false_positive,"TESS FOP Working Group disposition 'APC' via NASA Exoplanet Archive TESS FOP WG catalog snapshot (benchmarks/toi_catalog.csv, accessed 2026-09-08)",TOI 4783.01
219113246,false_positive,"TESS FOP Working Group disposition 'APC' via NASA Exoplanet Archive TESS FOP WG catalog snapshot (benchmarks/toi_catalog.csv, accessed 2026-09-08)",TOI 5376.01
219151731,false_positive,"TESS FOP Working Group disposition 'FP' via NASA Exoplanet Archive TESS FOP WG catalog snapshot (benchmarks/toi_catalog.csv, accessed 2026-09-08)",TOI 2483.01
219164808,false_positive,"TESS FOP Working Group disposition 'FP' via NASA Exoplanet Archive TESS FOP WG catalog snapshot (benchmarks/toi_catalog.csv, accessed 2026-09-08)",TOI 504.01
219205407,false_positive,"TESS FOP Working Group disposition 'FP' via NASA Exoplanet Archive TESS FOP WG catalog snapshot (benchmarks/toi_catalog.csv, accessed 2026-09-08)",TOI 946.01
219208037,false_positive,"TESS FOP Working Group disposition 'FP' via NASA Exoplanet Archive TESS FOP WG catalog snapshot (benchmarks/toi_catalog.csv, accessed 2026-09-08)",TOI 2452.01
219239945,false_positive,"TESS FOP Working Group disposition 'FP' via NASA Exoplanet Archive TESS FOP WG catalog snapshot (benchmarks/toi_catalog.csv, accessed 2026-09-08)",TOI 701.01
219366908,false_positive,"TESS FOP Working Group disposition 'FP' via NASA Exoplanet Archive TESS FOP WG catalog snapshot (benchmarks/toi_catalog.csv, accessed 2026-09-08)",TOI 2680.01
219379012,false_positive,"TESS FOP Working Group disposition 'FP' via NASA Exoplanet Archive TESS FOP WG catalog snapshot (benchmarks/toi_catalog.csv, accessed 2026-09-08)",TOI 397.01
219380235,false_positive,"TESS FOP Working Group disposition 'FA' via NASA Exoplanet Archive TESS FOP WG catalog snapshot (benchmarks/toi_catalog.csv, accessed 2026-09-08)",TOI 878.01
219388773,false_positive,"TESS FOP Working Group disposition 'FP' via NASA Exoplanet Archive TESS FOP WG catalog snapshot (benchmarks/toi_catalog.csv, accessed 2026-09-08)",TOI 399.01
219401954,false_positive,"TESS FOP Working Group disposition 'FA' via NASA Exoplanet Archive TESS FOP WG catalog snapshot (benchmarks/toi_catalog.csv, accessed 2026-09-08)",TOI 765.01
219431828,false_positive,"TESS FOP Working Group disposition 'APC' via NASA Exoplanet Archive TESS FOP WG catalog snapshot (benchmarks/toi_catalog.csv, accessed 2026-09-08)",TOI 5197.01
219466803,false_positive,"TESS FOP Working Group disposition 'FP' via NASA Exoplanet Archive TESS FOP WG catalog snapshot (benchmarks/toi_catalog.csv, accessed 2026-09-08)",TOI 5275.01
219467837,false_positive,"TESS FOP Working Group disposition 'FP' via NASA Exoplanet Archive TESS FOP WG catalog snapshot (benchmarks/toi_catalog.csv, accessed 2026-09-08)",TOI 5621.01
219499488,false_positive,"TESS FOP Working Group disposition 'APC' via NASA Exoplanet Archive TESS FOP WG catalog snapshot (benchmarks/toi_catalog.csv, accessed 2026-09-08)",TOI 4063.01
219751469,false_positive,"TESS FOP Working Group disposition 'FA' via NASA Exoplanet Archive TESS FOP WG catalog snapshot (benchmarks/toi_catalog.csv, accessed 2026-09-08)",TOI 1489.01
219766989,false_positive,"TESS FOP Working Group disposition 'FP' via NASA Exoplanet Archive TESS FOP WG catalog snapshot (benchmarks/toi_catalog.csv, accessed 2026-09-08)",TOI 2354.01
219821826,false_positive,"TESS FOP Working Group disposition 'FP' via NASA Exoplanet Archive TESS FOP WG catalog snapshot (benchmarks/toi_catalog.csv, accessed 2026-09-08)",TOI 2258.01
219824469,false_positive,"TESS FOP Working Group disposition 'FP' via NASA Exoplanet Archive TESS FOP WG catalog snapshot (benchmarks/toi_catalog.csv, accessed 2026-09-08)",TOI 1848.01
219924802,false_positive,"TESS FOP Working Group disposition 'APC' via NASA Exoplanet Archive TESS FOP WG catalog snapshot (benchmarks/toi_catalog.csv, accessed 2026-09-08)",TOI 3282.01
220016044,false_positive,"TESS FOP Working Group disposition 'FP' via NASA Exoplanet Archive TESS FOP WG catalog snapshot (benchmarks/toi_catalog.csv, accessed 2026-09-08)",TOI 357.01
22020459,false_positive,"TESS FOP Working Group disposition 'FP' via NASA Exoplanet Archive TESS FOP WG catalog snapshot (benchmarks/toi_catalog.csv, accessed 2026-09-08)",TOI 2936.01
220396259,false_positive,"TESS FOP Working Group disposition 'FP' via NASA Exoplanet Archive TESS FOP WG catalog snapshot (benchmarks/toi_catalog.csv, accessed 2026-09-08)",TOI 379.01
220435095,false_positive,"TESS FOP Working Group disposition 'FP' via NASA Exoplanet Archive TESS FOP WG catalog snapshot (benchmarks/toi_catalog.csv, accessed 2026-09-08)",TOI 147.01
220518305,false_positive,"TESS FOP Working Group disposition 'FP' via NASA Exoplanet Archive TESS FOP WG catalog snapshot (benchmarks/toi_catalog.csv, accessed 2026-09-08)",TOI 156.01
224313733,false_positive,"TESS FOP Working Group disposition 'FP' via NASA Exoplanet Archive TESS FOP WG catalog snapshot (benchmarks/toi_catalog.csv, accessed 2026-09-08)",TOI 1856.01
224418572,false_positive,"TESS FOP Working Group disposition 'FP' via NASA Exoplanet Archive TESS FOP WG catalog snapshot (benchmarks/toi_catalog.csv, accessed 2026-09-08)",TOI 5830.01
224600500,false_positive,"TESS FOP Working Group disposition 'FA' via NASA Exoplanet Archive TESS FOP WG catalog snapshot (benchmarks/toi_catalog.csv, accessed 2026-09-08)",TOI 1418.01
224601047,false_positive,"TESS FOP Working Group disposition 'FA' via NASA Exoplanet Archive TESS FOP WG catalog snapshot (benchmarks/toi_catalog.csv, accessed 2026-09-08)",TOI 4061.01
22843856,false_positive,"TESS FOP Working Group disposition 'FP' via NASA Exoplanet Archive TESS FOP WG catalog snapshot (benchmarks/toi_catalog.csv, accessed 2026-09-08)",TOI 1644.01
228694725,false_positive,"TESS FOP Working Group disposition 'APC' via NASA Exoplanet Archive TESS FOP WG catalog snapshot (benchmarks/toi_catalog.csv, accessed 2026-09-08)",TOI 4873.01
229091748,false_positive,"TESS FOP Working Group disposition 'FP' via NASA Exoplanet Archive TESS FOP WG catalog snapshot (benchmarks/toi_catalog.csv, accessed 2026-09-08)",TOI 382.01
229141709,false_positive,"TESS FOP Working Group disposition 'FP' via NASA Exoplanet Archive TESS FOP WG catalog snapshot (benchmarks/toi_catalog.csv, accessed 2026-09-08)",TOI 846.01
229285649,false_positive,"TESS FOP Working Group disposition 'FP' via NASA Exoplanet Archive TESS FOP WG catalog snapshot (benchmarks/toi_catalog.csv, accessed 2026-09-08)",TOI 2591.01
229384040,false_positive,"TESS FOP Working Group disposition 'FP' via NASA Exoplanet Archive TESS FOP WG catalog snapshot (benchmarks/toi_catalog.csv, accessed 2026-09-08)",TOI 897.01
229536616,false_positive,"TESS FOP Working Group disposition 'FP' via NASA Exoplanet Archive TESS FOP WG catalog snapshot (benchmarks/toi_catalog.csv, accessed 2026-09-08)",TOI 1297.01
229770036,false_positive,"TESS FOP Working Group disposition 'FP' via NASA Exoplanet Archive TESS FOP WG catalog snapshot (benchmarks/toi_catalog.csv, accessed 2026-09-08)",TOI 1348.01
229811538,false_positive,"TESS FOP Working Group disposition 'APC' via NASA Exoplanet Archive TESS FOP WG catalog snapshot (benchmarks/toi_catalog.csv, accessed 2026-09-08)",TOI 768.01
229940491,false_positive,"TESS FOP Working Group disposition 'APC' via NASA Exoplanet Archive TESS FOP WG catalog snapshot (benchmarks/toi_catalog.csv, accessed 2026-09-08)",TOI 1642.01
229951289,false_positive,"TESS FOP Working Group disposition 'FA' via NASA Exoplanet Archive TESS FOP WG catalog snapshot (benchmarks/toi_catalog.csv, accessed 2026-09-08)",TOI 1609.01
229976631,false_positive,"TESS FOP Working Group disposition 'FA' via NASA Exoplanet Archive TESS FOP WG catalog snapshot (benchmarks/toi_catalog.csv, accessed 2026-09-08)",TOI 4112.01
230017325,false_positive,"TESS FOP Working Group disposition 'FP' via NASA Exoplanet Archive TESS FOP WG catalog snapshot (benchmarks/toi_catalog.csv, accessed 2026-09-08)",TOI 1363.01
230075120,false_positive,"TESS FOP Working Group disposition 'FP' via NASA Exoplanet Archive TESS FOP WG catalog snapshot (benchmarks/toi_catalog.csv, accessed 2026-09-08)",TOI 4110.01
230086768,false_positive,"TESS FOP Working Group disposition 'FP' via NASA Exoplanet Archive TESS FOP WG catalog snapshot (benchmarks/toi_catalog.csv, accessed 2026-09-08)",TOI 1635.01
230267547,false_positive,"TESS FOP Working Group disposition 'FP' via NASA Exoplanet Archive TESS FOP WG catalog snapshot (benchmarks/toi_catalog.csv, accessed 2026-09-08)",TOI 2150.01
230386397,false_positive,"TESS FOP Working Group disposition 'FP' via NASA Exoplanet Archive TESS FOP WG catalog snapshot (benchmarks/toi_catalog.csv, accessed 2026-09-08)",TOI 2099.01
23059280,false_positive,"TESS FOP Working Group disposition 'APC' via NASA Exoplanet Archive TESS FOP WG catalog snapshot (benchmarks/toi_catalog.csv, accessed 2026-09-08)",TOI 2137.01
230840853,false_positive,"TESS FOP Working Group disposition 'APC' via NASA Exoplanet Archive TESS FOP WG catalog snapshot (benchmarks/toi_catalog.csv, accessed 2026-09-08)",TOI 3556.01
231081369,false_positive,"TESS FOP Working Group disposition 'APC' via NASA Exoplanet Archive TESS FOP WG catalog snapshot (benchmarks/toi_catalog.csv, accessed 2026-09-08)",TOI 153.01
23113034,false_positive,"TESS FOP Working Group disposition 'FP' via NASA Exoplanet Archive TESS FOP WG catalog snapshot (benchmarks/toi_catalog.csv, accessed 2026-09-08)",TOI 5075.01
23124038,false_positive,"TESS FOP Working Group disposition 'APC' via NASA Exoplanet Archive TESS FOP WG catalog snapshot (benchmarks/toi_catalog.csv, accessed 2026-09-08)",TOI 4146.01
231703293,false_positive,"TESS FOP Working Group disposition 'FP' via NASA Exoplanet Archive TESS FOP WG catalog snapshot (benchmarks/toi_catalog.csv, accessed 2026-09-08)",TOI 2632.01
231721005,false_positive,"TESS FOP Working Group disposition 'FP' via NASA Exoplanet Archive TESS FOP WG catalog snapshot (benchmarks/toi_catalog.csv, accessed 2026-09-08)",TOI 2448.01
232079930,false_positive,"TESS FOP Working Group disposition 'APC' via NASA Exoplanet Archive TESS FOP WG catalog snapshot (benchmarks/toi_catalog.csv, accessed 2026-09-08)",TOI 2305.01
232641326,false_positive,"TESS FOP Working Group disposition 'APC' via NASA Exoplanet Archive TESS FOP WG catalog snapshot (benchmarks/toi_catalog.csv, accessed 2026-09-08)",TOI 1874.01
232679662,false_positive,"TESS FOP Working Group disposition 'FP' via NASA Exoplanet Archive TESS FOP WG catalog snapshot (benchmarks/toi_catalog.csv, accessed 2026-09-08)",TOI 1305.01
232967666,false_positive,"TESS FOP Working Group disposition 'FP' via NASA Exoplanet Archive TESS FOP WG catalog snapshot (benchmarks/toi_catalog.csv, accessed 2026-09-08)",TOI 1167.01
233059608,false_positive,"TESS FOP Working Group disposition 'FA' via NASA Exoplanet Archive TESS FOP WG catalog snapshot (benchmarks/toi_catalog.csv, accessed 2026-09-08)",TOI 1250.01
233120979,false_positive,"TESS FOP Working Group disposition 'APC' via NASA Exoplanet Archive TESS FOP WG catalog snapshot (benchmarks/toi_catalog.csv, accessed 2026-09-08)",TOI 1251.01
233390838,false_positive,"TESS FOP Working Group disposition 'FP' via NASA Exoplanet Archive TESS FOP WG catalog snapshot (benchmarks/toi_catalog.csv, accessed 2026-09-08)",TOI 1341.01
233462817,false_positive,"TESS FOP Working Group disposition 'APC' via NASA Exoplanet Archive TESS FOP WG catalog snapshot (benchmarks/toi_catalog.csv, accessed 2026-09-08)",TOI 3904.01
233497719,false_positive,"TESS FOP Working Group disposition 'FP' via NASA Exoplanet Archive TESS FOP WG catalog snapshot (benchmarks/toi_catalog.csv, accessed 2026-09-08)",TOI 1877.01
233503636,false_positive,"TESS FOP Working Group disposition 'FP' via NASA Exoplanet Archive TESS FOP WG catalog snapshot (benchmarks/toi_catalog.csv, accessed 2026-09-08)",TOI 1871.01
233535738,false_positive,"TESS FOP Working Group disposition 'APC' via NASA Exoplanet Archive TESS FOP WG catalog snapshot (benchmarks/toi_catalog.csv, accessed 2026-09-08)",TOI 4106.01
233541860,false_positive,"TESS FOP Working Group disposition 'FP' via NASA Exoplanet Archive TESS FOP WG catalog snapshot (benchmarks/toi_catalog.csv, accessed 2026-09-08)",TOI 1486.01
233569098,false_positive,"TESS FOP Working Group disposition 'FP' via NASA Exoplanet Archive TESS FOP WG catalog snapshot (benchmarks/toi_catalog.csv, accessed 2026-09-08)",TOI 2148.01
233681149,false_positive,"TESS FOP Working Group disposition 'FP' via NASA Exoplanet Archive TESS FOP WG catalog snapshot (benchmarks/toi_catalog.csv, accessed 2026-09-08)",TOI 1340.01
233684293,false_positive,"TESS FOP Working Group disposition 'FA' via NASA Exoplanet Archive TESS FOP WG catalog snapshot (benchmarks/toi_catalog.csv, accessed 2026-09-08)",TOI 1791.01
233684822,false_positive,"TESS FOP Working Group disposition 'FP' via NASA Exoplanet Archive TESS FOP WG catalog snapshot (benchmarks/toi_catalog.csv, accessed 2026-09-08)",TOI 1253.01
233720539,false_positive,"TESS FOP Working Group disposition 'FP' via NASA Exoplanet Archive TESS FOP WG catalog snapshot (benchmarks/toi_catalog.csv, accessed 2026-09-08)",TOI 1815.01
233735068,false_positive,"TESS FOP Working Group disposition 'FP' via NASA Exoplanet Archive TESS FOP WG catalog snapshot (benchmarks/toi_catalog.csv, accessed 2026-09-08)",TOI 1306.01
233831759,false_positive,"TESS FOP Working Group disposition 'FA' via NASA Exoplanet Archive TESS FOP WG catalog snapshot (benchmarks/toi_catalog.csv, accessed 2026-09-08)",TOI 3614.01
23389848,false_positive,"TESS FOP Working Group disposition 'FP' via NASA Exoplanet Archive TESS FOP WG catalog snapshot (benchmarks/toi_catalog.csv, accessed 2026-09-08)",TOI 2151.01
233964642,false_positive,"TESS FOP Working Group disposition 'APC' via NASA Exoplanet Archive TESS FOP WG catalog snapshot (benchmarks/toi_catalog.csv, accessed 2026-09-08)",TOI 334.01
234282389,false_positive,"TESS FOP Working Group disposition 'FA' via NASA Exoplanet Archive TESS FOP WG catalog snapshot (benchmarks/toi_catalog.csv, accessed 2026-09-08)",TOI 2611.01
235037761,false_positive,"TESS FOP Working Group disposition 'APC' via NASA Exoplanet Archive TESS FOP WG catalog snapshot (benchmarks/toi_catalog.csv, accessed 2026-09-08)",TOI 131.01
235684392,false_positive,"TESS FOP Working Group disposition 'FP' via NASA Exoplanet Archive TESS FOP WG catalog snapshot (benchmarks/toi_catalog.csv, accessed 2026-09-08)",TOI 4053.01
235937532,false_positive,"TESS FOP Working Group disposition 'APC' via NASA Exoplanet Archive TESS FOP WG catalog snapshot (benchmarks/toi_catalog.csv, accessed 2026-09-08)",TOI 2038.01
23638678,false_positive,"TESS FOP Working Group disposition 'APC' via NASA Exoplanet Archive TESS FOP WG catalog snapshot (benchmarks/toi_catalog.csv, accessed 2026-09-08)",TOI 5694.01
23650642,false_positive,"TESS FOP Working Group disposition 'FP' via NASA Exoplanet Archive TESS FOP WG catalog snapshot (benchmarks/toi_catalog.csv, accessed 2026-09-08)",TOI 1700.01
236638487,false_positive,"TESS FOP Working Group disposition 'APC' via NASA Exoplanet Archive TESS FOP WG catalog snapshot (benchmarks/toi_catalog.csv, accessed 2026-09-08)",TOI 3590.01
236714379,false_positive,"TESS FOP Working Group disposition 'APC' via NASA Exoplanet Archive TESS FOP WG catalog snapshot (benchmarks/toi_catalog.csv, accessed 2026-09-08)",TOI 1254.01
236775063,false_positive,"TESS FOP Working Group disposition 'FP' via NASA Exoplanet Archive TESS FOP WG catalog snapshot (benchmarks/toi_catalog.csv, accessed 2026-09-08)",TOI 4052.01
236815160,false_positive,"TESS FOP Working Group disposition 'APC' via NASA Exoplanet Archive TESS FOP WG catalog snapshot (benchmarks/toi_catalog.csv, accessed 2026-09-08)",TOI 1307.01
237101326,false_positive,"TESS FOP Working Group disposition 'FP' via NASA Exoplanet Archive TESS FOP WG catalog snapshot (benchmarks/toi_catalog.csv, accessed 2026-09-08)",TOI 4051.01
237108272,false_positive,"TESS FOP Working Group disposition 'FA' via NASA Exoplanet Archive TESS FOP WG catalog snapshot (benchmarks/toi_catalog.csv, accessed 2026-09-08)",TOI 1816.01
237184773,false_positive,"TESS FOP Working Group disposition 'FA' via NASA Exoplanet Archive TESS FOP WG catalog snapshot (benchmarks/toi_catalog.csv, accessed 2026-09-08)",TOI 1152.01
237185205,false_positive,"TESS FOP Working Group disposition 'FP' via NASA Exoplanet Archive TESS FOP WG catalog snapshot (benchmarks/toi_catalog.csv, accessed 2026-09-08)",TOI 1191.01
237200747,false_positive,"TESS FOP Working Group disposition 'FP' via NASA Exoplanet Archive TESS FOP WG catalog snapshot (benchmarks/toi_catalog.csv, accessed 2026-09-08)",TOI 1270.01
237235093,false_positive,"TESS FOP Working Group disposition 'FP' via NASA Exoplanet Archive TESS FOP WG catalog snapshot (benchmarks/toi_catalog.csv, accessed 2026-09-08)",TOI 4102.01
23740089,false_positive,"TESS FOP Working Group disposition 'APC' via NASA Exoplanet Archive TESS FOP WG catalog snapshot (benchmarks/toi_catalog.csv, accessed 2026-09-08)",TOI 1849.01
237632488,false_positive,"TESS FOP Working Group disposition 'APC' via NASA Exoplanet Archive TESS FOP WG catalog snapshot (benchmarks/toi_catalog.csv, accessed 2026-09-08)",TOI 2747.01
237664324,false_positive,"TESS FOP Working Group disposition 'APC' via NASA Exoplanet Archive TESS FOP WG catalog snapshot (benchmarks/toi_catalog.csv, accessed 2026-09-08)",TOI 7572.01
237751146,false_positive,"TESS FOP Working Group disposition 'FP' via NASA Exoplanet Archive TESS FOP WG catalog snapshot (benchmarks/toi_catalog.csv, accessed 2026-09-08)",TOI 538.01
237770757,false_positive,"TESS FOP Working Group disposition 'APC' via NASA Exoplanet Archive TESS FOP WG catalog snapshot (benchmarks/toi_catalog.csv, accessed 2026-09-08)",TOI 2745.01
237808867,false_positive,"TESS FOP Working Group disposition 'FP' via NASA Exoplanet Archive TESS FOP WG catalog snapshot (benchmarks/toi_catalog.csv, accessed 2026-09-08)",TOI 881.01
237885040,false_positive,"TESS FOP Working Group disposition 'APC' via NASA Exoplanet Archive TESS FOP WG catalog snapshot (benchmarks/toi_catalog.csv, accessed 2026-09-08)",TOI 2387.01
237924601,false_positive,"TESS FOP Working Group disposition 'APC' via NASA Exoplanet Archive TESS FOP WG catalog snapshot (benchmarks/toi_catalog.csv, accessed 2026-09-08)",TOI 252.01
238020894,false_positive,"TESS FOP Working Group disposition 'APC' via NASA Exoplanet Archive TESS FOP WG catalog snapshot (benchmarks/toi_catalog.csv, accessed 2026-09-08)",TOI 2837.01
238086647,false_positive,"TESS FOP Working Group disposition 'APC' via NASA Exoplanet Archive TESS FOP WG catalog snapshot (benchmarks/toi_catalog.csv, accessed 2026-09-08)",TOI 510.01
238162973,false_positive,"TESS FOP Working Group disposition 'FP' via NASA Exoplanet Archive TESS FOP WG catalog snapshot (benchmarks/toi_catalog.csv, accessed 2026-09-08)",TOI 3435.01
238197709,false_positive,"TESS FOP Working Group disposition 'FP' via NASA Exoplanet Archive TESS FOP WG catalog snapshot (benchmarks/toi_catalog.csv, accessed 2026-09-08)",TOI 646.01
238374636,false_positive,"TESS FOP Working Group disposition 'FP' via NASA Exoplanet Archive TESS FOP WG catalog snapshot (benchmarks/toi_catalog.csv, accessed 2026-09-08)",TOI 1023.01
238597883,false_positive,"TESS FOP Working Group disposition 'FP' via NASA Exoplanet Archive TESS FOP WG catalog snapshot (benchmarks/toi_catalog.csv, accessed 2026-09-08)",TOI 1004.01
23863106,false_positive,"TESS FOP Working Group disposition 'FP' via NASA Exoplanet Archive TESS FOP WG catalog snapshot (benchmarks/toi_catalog.csv, accessed 2026-09-08)",TOI 5648.01
239136269,false_positive,"TESS FOP Working Group disposition 'FP' via NASA Exoplanet Archive TESS FOP WG catalog snapshot (benchmarks/toi_catalog.csv, accessed 2026-09-08)",TOI 3810.01
239372503,false_positive,"TESS FOP Working Group disposition 'FP' via NASA Exoplanet Archive TESS FOP WG catalog snapshot (benchmarks/toi_catalog.csv, accessed 2026-09-08)",TOI 4502.01
239541449,false_positive,"TESS FOP Working Group disposition 'FP' via NASA Exoplanet Archive TESS FOP WG catalog snapshot (benchmarks/toi_catalog.csv, accessed 2026-09-08)",TOI 5962.01
239638934,false_positive,"TESS FOP Working Group disposition 'FP' via NASA Exoplanet Archive TESS FOP WG catalog snapshot (benchmarks/toi_catalog.csv, accessed 2026-09-08)",TOI 2571.01
239722954,false_positive,"TESS FOP Working Group disposition 'FP' via NASA Exoplanet Archive TESS FOP WG catalog snapshot (benchmarks/toi_catalog.csv, accessed 2026-09-08)",TOI 5447.01
240148934,false_positive,"TESS FOP Working Group disposition 'FP' via NASA Exoplanet Archive TESS FOP WG catalog snapshot (benchmarks/toi_catalog.csv, accessed 2026-09-08)",TOI 1707.01
240450679,false_positive,"TESS FOP Working Group disposition 'APC' via NASA Exoplanet Archive TESS FOP WG catalog snapshot (benchmarks/toi_catalog.csv, accessed 2026-09-08)",TOI 1322.01
240613164,false_positive,"TESS FOP Working Group disposition 'FP' via NASA Exoplanet Archive TESS FOP WG catalog snapshot (benchmarks/toi_catalog.csv, accessed 2026-09-08)",TOI 1377.01
240849748,false_positive,"TESS FOP Working Group disposition 'APC' via NASA Exoplanet Archive TESS FOP WG catalog snapshot (benchmarks/toi_catalog.csv, accessed 2026-09-08)",TOI 5154.01
24094603,false_positive,"TESS FOP Working Group disposition 'FP' via NASA Exoplanet Archive TESS FOP WG catalog snapshot (benchmarks/toi_catalog.csv, accessed 2026-09-08)",TOI 1121.01
241065596,false_positive,"TESS FOP Working Group disposition 'FP' via NASA Exoplanet Archive TESS FOP WG catalog snapshot (benchmarks/toi_catalog.csv, accessed 2026-09-08)",TOI 1550.01
241102583,false_positive,"TESS FOP Working Group disposition 'FP' via NASA Exoplanet Archive TESS FOP WG catalog snapshot (benchmarks/toi_catalog.csv, accessed 2026-09-08)",TOI 5296.01
241173474,false_positive,"TESS FOP Working Group disposition 'APC' via NASA Exoplanet Archive TESS FOP WG catalog snapshot (benchmarks/toi_catalog.csv, accessed 2026-09-08)",TOI 1708.01
241174783,false_positive,"TESS FOP Working Group disposition 'FP' via NASA Exoplanet Archive TESS FOP WG catalog snapshot (benchmarks/toi_catalog.csv, accessed 2026-09-08)",TOI 5381.01
241196395,false_positive,"TESS FOP Working Group disposition 'APC' via NASA Exoplanet Archive TESS FOP WG catalog snapshot (benchmarks/toi_catalog.csv, accessed 2026-09-08)",TOI 1784.01
242083025,false_positive,"TESS FOP Working Group disposition 'FP' via NASA Exoplanet Archive TESS FOP WG catalog snapshot (benchmarks/toi_catalog.csv, accessed 2026-09-08)",TOI 1964.01
242460075,false_positive,"TESS FOP Working Group disposition 'FP' via NASA Exoplanet Archive TESS FOP WG catalog snapshot (benchmarks/toi_catalog.csv, accessed 2026-09-08)",TOI 3236.01
242536549,false_positive,"TESS FOP Working Group disposition 'FP' via NASA Exoplanet Archive TESS FOP WG catalog snapshot (benchmarks/toi_catalog.csv, accessed 2026-09-08)",TOI 1953.01
243153196,false_positive,"TESS FOP Working Group disposition 'FP' via NASA Exoplanet Archive TESS FOP WG catalog snapshot (benchmarks/toi_catalog.csv, accessed 2026-09-08)",TOI 5321.01
243283955,false_positive,"TESS FOP Working Group disposition 'FP' via NASA Exoplanet Archive TESS FOP WG catalog snapshot (benchmarks/toi_catalog.csv, accessed 2026-09-08)",TOI 7345.01
243333538,false_positive,"TESS FOP Working Group disposition 'FP' via NASA Exoplanet Archive TESS FOP WG catalog snapshot (benchmarks/toi_catalog.csv, accessed 2026-09-08)",TOI 4453.01
243464977,false_positive,"TESS FOP Working Group disposition 'APC' via NASA Exoplanet Archive TESS FOP WG catalog snapshot (benchmarks/toi_catalog.csv, accessed 2026-09-08)",TOI 5895.01
24364065,false_positive,"TESS FOP Working Group disposition 'FP' via NASA Exoplanet Archive TESS FOP WG catalog snapshot (benchmarks/toi_catalog.csv, accessed 2026-09-08)",TOI 1195.01
245462406,false_positive,"TESS FOP Working Group disposition 'FP' via NASA Exoplanet Archive TESS FOP WG catalog snapshot (benchmarks/toi_catalog.csv, accessed 2026-09-08)",TOI 1561.01
245947683,false_positive,"TESS FOP Working Group disposition 'FA' via NASA Exoplanet Archive TESS FOP WG catalog snapshot (benchmarks/toi_catalog.csv, accessed 2026-09-08)",TOI 950.01
247283054,false_positive,"TESS FOP Working Group disposition 'APC' via NASA Exoplanet Archive TESS FOP WG catalog snapshot (benchmarks/toi_catalog.csv, accessed 2026-09-08)",TOI 3552.01
247873937,false_positive,"TESS FOP Working Group disposition 'FP' via NASA Exoplanet Archive TESS FOP WG catalog snapshot (benchmarks/toi_catalog.csv, accessed 2026-09-08)",TOI 4738.01
248391319,false_positive,"TESS FOP Working Group disposition 'APC' via NASA Exoplanet Archive TESS FOP WG catalog snapshot (benchmarks/toi_catalog.csv, accessed 2026-09-08)",TOI 2410.01
248434716,false_positive,"TESS FOP Working Group disposition 'APC' via NASA Exoplanet Archive TESS FOP WG catalog snapshot (benchmarks/toi_catalog.csv, accessed 2026-09-08)",TOI 940.01
248434780,false_positive,"TESS FOP Working Group disposition 'APC' via NASA Exoplanet Archive TESS FOP WG catalog snapshot (benchmarks/toi_catalog.csv, accessed 2026-09-08)",TOI 2462.01
249067445,false_positive,"TESS FOP Working Group disposition 'FP' via NASA Exoplanet Archive TESS FOP WG catalog snapshot (benchmarks/toi_catalog.csv, accessed 2026-09-08)",TOI 957.01
249812036,false_positive,"TESS FOP Working Group disposition 'FP' via NASA Exoplanet Archive TESS FOP WG catalog snapshot (benchmarks/toi_catalog.csv, accessed 2026-09-08)",TOI 1378.01
249862365,false_positive,"TESS FOP Working Group disposition 'FP' via NASA Exoplanet Archive TESS FOP WG catalog snapshot (benchmarks/toi_catalog.csv, accessed 2026-09-08)",TOI 1562.01
250386181,false_positive,"TESS FOP Working Group disposition 'FP' via NASA Exoplanet Archive TESS FOP WG catalog snapshot (benchmarks/toi_catalog.csv, accessed 2026-09-08)",TOI 390.01
250484865,false_positive,"TESS FOP Working Group disposition 'FP' via NASA Exoplanet Archive TESS FOP WG catalog snapshot (benchmarks/toi_catalog.csv, accessed 2026-09-08)",TOI 895.01
250724252,false_positive,"TESS FOP Working Group disposition 'APC' via NASA Exoplanet Archive TESS FOP WG catalog snapshot (benchmarks/toi_catalog.csv, accessed 2026-09-08)",TOI 1564.01
251086776,false_positive,"TESS FOP Working Group disposition 'FA' via NASA Exoplanet Archive TESS FOP WG catalog snapshot (benchmarks/toi_catalog.csv, accessed 2026-09-08)",TOI 4312.01
251209368,false_positive,"TESS FOP Working Group disposition 'FP' via NASA Exoplanet Archive TESS FOP WG catalog snapshot (benchmarks/toi_catalog.csv, accessed 2026-09-08)",TOI 2789.01
25139786,false_positive,"TESS FOP Working Group disposition 'APC' via NASA Exoplanet Archive TESS FOP WG catalog snapshot (benchmarks/toi_catalog.csv, accessed 2026-09-08)",TOI 2311.01
252071095,false_positive,"TESS FOP Working Group disposition 'APC' via NASA Exoplanet Archive TESS FOP WG catalog snapshot (benchmarks/toi_catalog.csv, accessed 2026-09-08)",TOI 3968.01
252490659,false_positive,"TESS FOP Working Group disposition 'APC' via NASA Exoplanet Archive TESS FOP WG catalog snapshot (benchmarks/toi_catalog.csv, accessed 2026-09-08)",TOI 1379.01
252537013,false_positive,"TESS FOP Working Group disposition 'FP' via NASA Exoplanet Archive TESS FOP WG catalog snapshot (benchmarks/toi_catalog.csv, accessed 2026-09-08)",TOI 6895.01
252636888,false_positive,"TESS FOP Working Group disposition 'FP' via NASA Exoplanet Archive TESS FOP WG catalog snapshot (benchmarks/toi_catalog.csv, accessed 2026-09-08)",TOI 1539.01
253030300,false_positive,"TESS FOP Working Group disposition 'FP' via NASA Exoplanet Archive TESS FOP WG catalog snapshot (benchmarks/toi_catalog.csv, accessed 2026-09-08)",TOI 3795.01
253044312,false_positive,"TESS FOP Working Group disposition 'APC' via NASA Exoplanet Archive TESS FOP WG catalog snapshot (benchmarks/toi_catalog.csv, accessed 2026-09-08)",TOI 3869.01
253132689,false_positive,"TESS FOP Working Group disposition 'FP' via NASA Exoplanet Archive TESS FOP WG catalog snapshot (benchmarks/toi_catalog.csv, accessed 2026-09-08)",TOI 1971.01
25334160,false_positive,"TESS FOP Working Group disposition 'APC' via NASA Exoplanet Archive TESS FOP WG catalog snapshot (benchmarks/toi_catalog.csv, accessed 2026-09-08)",TOI 885.01
253434221,false_positive,"TESS FOP Working Group disposition 'APC' via NASA Exoplanet Archive TESS FOP WG catalog snapshot (benchmarks/toi_catalog.csv, accessed 2026-09-08)",TOI 4338.01
253917293,false_positive,"TESS FOP Working Group disposition 'FP' via NASA Exoplanet Archive TESS FOP WG catalog snapshot (benchmarks/toi_catalog.csv, accessed 2026-09-08)",TOI 160.01
253990973,false_positive,"TESS FOP Working Group disposition 'FP' via NASA Exoplanet Archive TESS FOP WG catalog snapshot (benchmarks/toi_catalog.csv, accessed 2026-09-08)",TOI 1061.01
254629854,false_positive,"TESS FOP Working Group disposition 'FP' via NASA Exoplanet Archive TESS FOP WG catalog snapshot (benchmarks/toi_catalog.csv, accessed 2026-09-08)",TOI 3482.01
255704097,false_positive,"TESS FOP Working Group disposition 'APC' via NASA Exoplanet Archive TESS FOP WG catalog snapshot (benchmarks/toi_catalog.csv, accessed 2026-09-08)",TOI 877.01
255735567,false_positive,"TESS FOP Working Group disposition 'APC' via NASA Exoplanet Archive TESS FOP WG catalog snapshot (benchmarks/toi_catalog.csv, accessed 2026-09-08)",TOI 5445.01
255760319,false_positive,"TESS FOP Working Group disposition 'FP' via NASA Exoplanet Archive TESS FOP WG catalog snapshot (benchmarks/toi_catalog.csv, accessed 2026-09-08)",TOI 814.01
255851356,false_positive,"TESS FOP Working Group disposition 'FP' via NASA Exoplanet Archive TESS FOP WG catalog snapshot (benchmarks/toi_catalog.csv, accessed 2026-09-08)",TOI 6542.01
255918903,false_positive,"TESS FOP Working Group disposition 'FP' via NASA Exoplanet Archive TESS FOP WG catalog snapshot (benchmarks/toi_catalog.csv, accessed 2026-09-08)",TOI 4292.01
256124756,false_positive,"TESS FOP Working Group disposition 'APC' via NASA Exoplanet Archive TESS FOP WG catalog snapshot (benchmarks/toi_catalog.csv, accessed 2026-09-08)",TOI 6637.01
256154857,false_positive,"TESS FOP Working Group disposition 'APC' via NASA Exoplanet Archive TESS FOP WG catalog snapshot (benchmarks/toi_catalog.csv, accessed 2026-09-08)",TOI 5248.01
25624952,false_positive,"TESS FOP Working Group disposition 'FP' via NASA Exoplanet Archive TESS FOP WG catalog snapshot (benchmarks/toi_catalog.csv, accessed 2026-09-08)",TOI 7417.01
256349966,false_positive,"TESS FOP Working Group disposition 'FP' via NASA Exoplanet Archive TESS FOP WG catalog snapshot (benchmarks/toi_catalog.csv, accessed 2026-09-08)",TOI 6343.01
256414077,false_positive,"TESS FOP Working Group disposition 'FP' via NASA Exoplanet Archive TESS FOP WG catalog snapshot (benchmarks/toi_catalog.csv, accessed 2026-09-08)",TOI 1566.01
256621916,false_positive,"TESS FOP Working Group disposition 'FP' via NASA Exoplanet Archive TESS FOP WG catalog snapshot (benchmarks/toi_catalog.csv, accessed 2026-09-08)",TOI 1342.01
256886630,false_positive,"TESS FOP Working Group disposition 'FP' via NASA Exoplanet Archive TESS FOP WG catalog snapshot (benchmarks/toi_catalog.csv, accessed 2026-09-08)",TOI 1323.01
257052211,false_positive,"TESS FOP Working Group disposition 'FP' via NASA Exoplanet Archive TESS FOP WG catalog snapshot (benchmarks/toi_catalog.csv, accessed 2026-09-08)",TOI 7350.01
257562160,false_positive,"TESS FOP Working Group disposition 'APC' via NASA Exoplanet Archive TESS FOP WG catalog snapshot (benchmarks/toi_catalog.csv, accessed 2026-09-08)",TOI 5320.01
258234731,false_positive,"TESS FOP Working Group disposition 'APC' via NASA Exoplanet Archive TESS FOP WG catalog snapshot (benchmarks/toi_catalog.csv, accessed 2026-09-08)",TOI 6106.01
258389327,false_positive,"TESS FOP Working Group disposition 'APC' via NASA Exoplanet Archive TESS FOP WG catalog snapshot (benchmarks/toi_catalog.csv, accessed 2026-09-08)",TOI 2271.01
258402425,false_positive,"TESS FOP Working Group disposition 'FP' via NASA Exoplanet Archive TESS FOP WG catalog snapshot (benchmarks/toi_catalog.csv, accessed 2026-09-08)",TOI 2156.01
258557847,false_positive,"TESS FOP Working Group disposition 'FP' via NASA Exoplanet Archive TESS FOP WG catalog snapshot (benchmarks/toi_catalog.csv, accessed 2026-09-08)",TOI 5742.01
258777134,false_positive,"TESS FOP Working Group disposition 'FP' via NASA Exoplanet Archive TESS FOP WG catalog snapshot (benchmarks/toi_catalog.csv, accessed 2026-09-08)",TOI 1299.01
258777137,false_positive,"TESS FOP Working Group disposition 'FP' via NASA Exoplanet Archive TESS FOP WG catalog snapshot (benchmarks/toi_catalog.csv, accessed 2026-09-08)",TOI 1183.01
258801269,false_positive,"TESS FOP Working Group disposition 'FP' via NASA Exoplanet Archive TESS FOP WG catalog snapshot (benchmarks/toi_catalog.csv, accessed 2026-09-08)",TOI 1400.01
258871793,false_positive,"TESS FOP Working Group disposition 'FP' via NASA Exoplanet Archive TESS FOP WG catalog snapshot (benchmarks/toi_catalog.csv, accessed 2026-09-08)",TOI 1843.01
259099556,false_positive,"TESS FOP Working Group disposition 'FA' via NASA Exoplanet Archive TESS FOP WG catalog snapshot (benchmarks/toi_catalog.csv, accessed 2026-09-08)",TOI 6069.01
259126549,false_positive,"TESS FOP Working Group disposition 'FP' via NASA Exoplanet Archive TESS FOP WG catalog snapshot (benchmarks/toi_catalog.csv, accessed 2026-09-08)",TOI 1401.01
259129875,false_positive,"TESS FOP Working Group disposition 'FP' via NASA Exoplanet Archive TESS FOP WG catalog snapshot (benchmarks/toi_catalog.csv, accessed 2026-09-08)",TOI 1402.01
259151170,false_positive,"TESS FOP Working Group disposition 'FP' via NASA Exoplanet Archive TESS FOP WG catalog snapshot (benchmarks/toi_catalog.csv, accessed 2026-09-08)",TOI 1567.01
259389219,false_positive,"TESS FOP Working Group disposition 'FP' via NASA Exoplanet Archive TESS FOP WG catalog snapshot (benchmarks/toi_catalog.csv, accessed 2026-09-08)",TOI 915.01
259511357,false_positive,"TESS FOP Working Group disposition 'APC' via NASA Exoplanet Archive TESS FOP WG catalog snapshot (benchmarks/toi_catalog.csv, accessed 2026-09-08)",TOI 271.01
259701242,false_positive,"TESS FOP Working Group disposition 'FP' via NASA Exoplanet Archive TESS FOP WG catalog snapshot (benchmarks/toi_catalog.csv, accessed 2026-09-08)",TOI 401.01
259863352,false_positive,"TESS FOP Working Group disposition 'FA' via NASA Exoplanet Archive TESS FOP WG catalog snapshot (benchmarks/toi_catalog.csv, accessed 2026-09-08)",TOI 1051.01
259962054,false_positive,"TESS FOP Working Group disposition 'FA' via NASA Exoplanet Archive TESS FOP WG catalog snapshot (benchmarks/toi_catalog.csv, accessed 2026-09-08)",TOI 203.01
260043723,false_positive,"TESS FOP Working Group disposition 'FP' via NASA Exoplanet Archive TESS FOP WG catalog snapshot (benchmarks/toi_catalog.csv, accessed 2026-09-08)",TOI 217.01
260271203,false_positive,"TESS FOP Working Group disposition 'FP' via NASA Exoplanet Archive TESS FOP WG catalog snapshot (benchmarks/toi_catalog.csv, accessed 2026-09-08)",TOI 207.01
260298958,false_positive,"TESS FOP Working Group disposition 'FP' via NASA Exoplanet Archive TESS FOP WG catalog snapshot (benchmarks/toi_catalog.csv, accessed 2026-09-08)",TOI 2205.01
260304296,false_positive,"TESS FOP Working Group disposition 'APC' via NASA Exoplanet Archive TESS FOP WG catalog snapshot (benchmarks/toi_catalog.csv, accessed 2026-09-08)",TOI 187.01
260476837,false_positive,"TESS FOP Working Group disposition 'FP' via NASA Exoplanet Archive TESS FOP WG catalog snapshot (benchmarks/toi_catalog.csv, accessed 2026-09-08)",TOI 935.01
260609205,false_positive,"TESS FOP Working Group disposition 'FP' via NASA Exoplanet Archive TESS FOP WG catalog snapshot (benchmarks/toi_catalog.csv, accessed 2026-09-08)",TOI 219.01
260640693,false_positive,"TESS FOP Working Group disposition 'APC' via NASA Exoplanet Archive TESS FOP WG catalog snapshot (benchmarks/toi_catalog.csv, accessed 2026-09-08)",TOI 798.01
260767135,false_positive,"TESS FOP Working Group disposition 'APC' via NASA Exoplanet Archive TESS FOP WG catalog snapshot (benchmarks/toi_catalog.csv, accessed 2026-09-08)",TOI 7254.01
260849386,false_positive,"TESS FOP Working Group disposition 'FP' via NASA Exoplanet Archive TESS FOP WG catalog snapshot (benchmarks/toi_catalog.csv, accessed 2026-09-08)",TOI 2400.01
261141602,false_positive,"TESS FOP Working Group disposition 'FP' via NASA Exoplanet Archive TESS FOP WG catalog snapshot (benchmarks/toi_catalog.csv, accessed 2026-09-08)",TOI 6989.01
261258875,false_positive,"TESS FOP Working Group disposition 'FP' via NASA Exoplanet Archive TESS FOP WG catalog snapshot (benchmarks/toi_catalog.csv, accessed 2026-09-08)",TOI 927.01
261264800,false_positive,"TESS FOP Working Group disposition 'APC' via NASA Exoplanet Archive TESS FOP WG catalog snapshot (benchmarks/toi_catalog.csv, accessed 2026-09-08)",TOI 6714.01
261369656,false_positive,"TESS FOP Working Group disposition 'APC' via NASA Exoplanet Archive TESS FOP WG catalog snapshot (benchmarks/toi_catalog.csv, accessed 2026-09-08)",TOI 1119.01
262135904,false_positive,"TESS FOP Working Group disposition 'FP' via NASA Exoplanet Archive TESS FOP WG catalog snapshot (benchmarks/toi_catalog.csv, accessed 2026-09-08)",TOI 6878.01
262330063,false_positive,"TESS FOP Working Group disposition 'APC' via NASA Exoplanet Archive TESS FOP WG catalog snapshot (benchmarks/toi_catalog.csv, accessed 2026-09-08)",TOI 947.01
262457587,false_positive,"TESS FOP Working Group disposition 'FA' via NASA Exoplanet Archive TESS FOP WG catalog snapshot (benchmarks/toi_catalog.csv, accessed 2026-09-08)",TOI 6656.01
262470965,false_positive,"TESS FOP Working Group disposition 'APC' via NASA Exoplanet Archive TESS FOP WG catalog snapshot (benchmarks/toi_catalog.csv, accessed 2026-09-08)",TOI 6802.01
262499797,false_positive,"TESS FOP Working Group disposition 'FP' via NASA Exoplanet Archive TESS FOP WG catalog snapshot (benchmarks/toi_catalog.csv, accessed 2026-09-08)",TOI 4858.01
262530780,false_positive,"TESS FOP Working Group disposition 'APC' via NASA Exoplanet Archive TESS FOP WG catalog snapshot (benchmarks/toi_catalog.csv, accessed 2026-09-08)",TOI 363.01
262530873,false_positive,"TESS FOP Working Group disposition 'FP' via NASA Exoplanet Archive TESS FOP WG catalog snapshot (benchmarks/toi_catalog.csv, accessed 2026-09-08)",TOI 304.01
262531275,false_positive,"TESS FOP Working Group disposition 'FP' via NASA Exoplanet Archive TESS FOP WG catalog snapshot (benchmarks/toi_catalog.csv, accessed 2026-09-08)",TOI 331.01
262781201,false_positive,"TESS FOP Working Group disposition 'FP' via NASA Exoplanet Archive TESS FOP WG catalog snapshot (benchmarks/toi_catalog.csv, accessed 2026-09-08)",TOI 6096.01
262880826,false_positive,"TESS FOP Working Group disposition 'APC' via NASA Exoplanet Archive TESS FOP WG catalog snapshot (benchmarks/toi_catalog.csv, accessed 2026-09-08)",TOI 3966.01
263203229,false_positive,"TESS FOP Working Group disposition 'FP' via NASA Exoplanet Archive TESS FOP WG catalog snapshot (benchmarks/toi_catalog.csv, accessed 2026-09-08)",TOI 6741.01
264303333,false_positive,"TESS FOP Working Group disposition 'FP' via NASA Exoplanet Archive TESS FOP WG catalog snapshot (benchmarks/toi_catalog.csv, accessed 2026-09-08)",TOI 2250.01
26433869,false_positive,"TESS FOP Working Group disposition 'FP' via NASA Exoplanet Archive TESS FOP WG catalog snapshot (benchmarks/toi_catalog.csv, accessed 2026-09-08)",TOI 1607.01
264460005,false_positive,"TESS FOP Working Group disposition 'FP' via NASA Exoplanet Archive TESS FOP WG catalog snapshot (benchmarks/toi_catalog.csv, accessed 2026-09-08)",TOI 4683.01
265077027,false_positive,"TESS FOP Working Group disposition 'FP' via NASA Exoplanet Archive TESS FOP WG catalog snapshot (benchmarks/toi_catalog.csv, accessed 2026-09-08)",TOI 961.01
265350422,false_positive,"TESS FOP Working Group disposition 'APC' via NASA Exoplanet Archive TESS FOP WG catalog snapshot (benchmarks/toi_catalog.csv, accessed 2026-09-08)",TOI 4792.01
265460043,false_positive,"TESS FOP Working Group disposition 'APC' via NASA Exoplanet Archive TESS FOP WG catalog snapshot (benchmarks/toi_catalog.csv, accessed 2026-09-08)",TOI 2272.01
265633507,false_positive,"TESS FOP Working Group disposition 'APC' via NASA Exoplanet Archive TESS FOP WG catalog snapshot (benchmarks/toi_catalog.csv, accessed 2026-09-08)",TOI 3233.01
26583436,false_positive,"TESS FOP Working Group disposition 'FP' via NASA Exoplanet Archive TESS FOP WG catalog snapshot (benchmarks/toi_catalog.csv, accessed 2026-09-08)",TOI 6172.01
266441563,false_positive,"TESS FOP Working Group disposition 'APC' via NASA Exoplanet Archive TESS FOP WG catalog snapshot (benchmarks/toi_catalog.csv, accessed 2026-09-08)",TOI 4771.01
266688542,false_positive,"TESS FOP Working Group disposition 'FP' via NASA Exoplanet Archive TESS FOP WG catalog snapshot (benchmarks/toi_catalog.csv, accessed 2026-09-08)",TOI 1324.01
266843799,false_positive,"TESS FOP Working Group disposition 'FP' via NASA Exoplanet Archive TESS FOP WG catalog snapshot (benchmarks/toi_catalog.csv, accessed 2026-09-08)",TOI 4300.01
267093376,false_positive,"TESS FOP Working Group disposition 'APC' via NASA Exoplanet Archive TESS FOP WG catalog snapshot (benchmarks/toi_catalog.csv, accessed 2026-09-08)",TOI 2235.01
267484653,false_positive,"TESS FOP Working Group disposition 'FP' via NASA Exoplanet Archive TESS FOP WG catalog snapshot (benchmarks/toi_catalog.csv, accessed 2026-09-08)",TOI 3610.01
267489265,false_positive,"TESS FOP Working Group disposition 'FP' via NASA Exoplanet Archive TESS FOP WG catalog snapshot (benchmarks/toi_catalog.csv, accessed 2026-09-08)",TOI 1132.01
267527924,false_positive,"TESS FOP Working Group disposition 'FP' via NASA Exoplanet Archive TESS FOP WG catalog snapshot (benchmarks/toi_catalog.csv, accessed 2026-09-08)",TOI 619.01
267561446,false_positive,"TESS FOP Working Group disposition 'FP' via NASA Exoplanet Archive TESS FOP WG catalog snapshot (benchmarks/toi_catalog.csv, accessed 2026-09-08)",TOI 1284.01
267694283,false_positive,"TESS FOP Working Group disposition 'APC' via NASA Exoplanet Archive TESS FOP WG catalog snapshot (benchmarks/toi_catalog.csv, accessed 2026-09-08)",TOI 1656.01
267867517,false_positive,"TESS FOP Working Group disposition 'FP' via NASA Exoplanet Archive TESS FOP WG catalog snapshot (benchmarks/toi_catalog.csv, accessed 2026-09-08)",TOI 3608.01
268042363,false_positive,"TESS FOP Working Group disposition 'FP' via NASA Exoplanet Archive TESS FOP WG catalog snapshot (benchmarks/toi_catalog.csv, accessed 2026-09-08)",TOI 2828.01
268371979,false_positive,"TESS FOP Working Group disposition 'FP' via NASA Exoplanet Archive TESS FOP WG catalog snapshot (benchmarks/toi_catalog.csv, accessed 2026-09-08)",TOI 977.01
268372005,false_positive,"TESS FOP Working Group disposition 'FP' via NASA Exoplanet Archive TESS FOP WG catalog snapshot (benchmarks/toi_catalog.csv, accessed 2026-09-08)",TOI 4715.01
268405086,false_positive,"TESS FOP Working Group disposition 'FP' via NASA Exoplanet Archive TESS FOP WG catalog snapshot (benchmarks/toi_catalog.csv, accessed 2026-09-08)",TOI 5574.01
268439377,false_positive,"TESS FOP Working Group disposition 'FP' via NASA Exoplanet Archive TESS FOP WG catalog snapshot (benchmarks/toi_catalog.csv, accessed 2026-09-08)",TOI 4829.01
268727719,false_positive,"TESS FOP Working Group disposition 'FP' via NASA Exoplanet Archive TESS FOP WG catalog snapshot (benchmarks/toi_catalog.csv, accessed 2026-09-08)",TOI 7173.01
268914377,false_positive,"TESS FOP Working Group disposition 'FP' via NASA Exoplanet Archive TESS FOP WG catalog snapshot (benchmarks/toi_catalog.csv, accessed 2026-09-08)",TOI 2610.01
269077474,false_positive,"TESS FOP Working Group disposition 'FP' via NASA Exoplanet Archive TESS FOP WG catalog snapshot (benchmarks/toi_catalog.csv, accessed 2026-09-08)",TOI 2717.01
269238073,false_positive,"TESS FOP Working Group disposition 'FP' via NASA Exoplanet Archive TESS FOP WG catalog snapshot (benchmarks/toi_catalog.csv, accessed 2026-09-08)",TOI 1520.01
269269740,false_positive,"TESS FOP Working Group disposition 'FP' via NASA Exoplanet Archive TESS FOP WG catalog snapshot (benchmarks/toi_catalog.csv, accessed 2026-09-08)",TOI 3549.01
269343479,false_positive,"TESS FOP Working Group disposition 'APC' via NASA Exoplanet Archive TESS FOP WG catalog snapshot (benchmarks/toi_catalog.csv, accessed 2026-09-08)",TOI 7037.01
269424395,false_positive,"TESS FOP Working Group disposition 'FP' via NASA Exoplanet Archive TESS FOP WG catalog snapshot (benchmarks/toi_catalog.csv, accessed 2026-09-08)",TOI 2042.01
269450900,false_positive,"TESS FOP Working Group disposition 'FP' via NASA Exoplanet Archive TESS FOP WG catalog snapshot (benchmarks/toi_catalog.csv, accessed 2026-09-08)",TOI 1127.01
269509393,false_positive,"TESS FOP Working Group disposition 'FP' via NASA Exoplanet Archive TESS FOP WG catalog snapshot (benchmarks/toi_catalog.csv, accessed 2026-09-08)",TOI 1513.01
269892793,false_positive,"TESS FOP Working Group disposition 'FP' via NASA Exoplanet Archive TESS FOP WG catalog snapshot (benchmarks/toi_catalog.csv, accessed 2026-09-08)",TOI 1636.01
270238522,false_positive,"TESS FOP Working Group disposition 'FP' via NASA Exoplanet Archive TESS FOP WG catalog snapshot (benchmarks/toi_catalog.csv, accessed 2026-09-08)",TOI 1514.01
270333769,false_positive,"TESS FOP Working Group disposition 'FP' via NASA Exoplanet Archive TESS FOP WG catalog snapshot (benchmarks/toi_catalog.csv, accessed 2026-09-08)",TOI 2044.01
270406298,false_positive,"TESS FOP Working Group disposition 'APC' via NASA Exoplanet Archive TESS FOP WG catalog snapshot (benchmarks/toi_catalog.csv, accessed 2026-09-08)",TOI 5325.01
270435047,false_positive,"TESS FOP Working Group disposition 'FA' via NASA Exoplanet Archive TESS FOP WG catalog snapshot (benchmarks/toi_catalog.csv, accessed 2026-09-08)",TOI 3964.01
270456887,false_positive,"TESS FOP Working Group disposition 'APC' via NASA Exoplanet Archive TESS FOP WG catalog snapshot (benchmarks/toi_catalog.csv, accessed 2026-09-08)",TOI 6456.01
270507305,false_positive,"TESS FOP Working Group disposition 'APC' via NASA Exoplanet Archive TESS FOP WG catalog snapshot (benchmarks/toi_catalog.csv, accessed 2026-09-08)",TOI 827.01
270515566,false_positive,"TESS FOP Working Group disposition 'APC' via NASA Exoplanet Archive TESS FOP WG catalog snapshot (benchmarks/toi_catalog.csv, accessed 2026-09-08)",TOI 2159.01
270841724,false_positive,"TESS FOP Working Group disposition 'FP' via NASA Exoplanet Archive TESS FOP WG catalog snapshot (benchmarks/toi_catalog.csv, accessed 2026-09-08)",TOI 590.01
271042173,false_positive,"TESS FOP Working Group disposition 'FP' via NASA Exoplanet Archive TESS FOP WG catalog snapshot (benchmarks/toi_catalog.csv, accessed 2026-09-08)",TOI 3557.01
271167979,false_positive,"TESS FOP Working Group disposition 'FP' via NASA Exoplanet Archive TESS FOP WG catalog snapshot (benchmarks/toi_catalog.csv, accessed 2026-09-08)",TOI 3548.01
271439193,false_positive,"TESS FOP Working Group disposition 'FP' via NASA Exoplanet Archive TESS FOP WG catalog snapshot (benchmarks/toi_catalog.csv, accessed 2026-09-08)",TOI 3963.01
271491157,false_positive,"TESS FOP Working Group disposition 'APC' via NASA Exoplanet Archive TESS FOP WG catalog snapshot (benchmarks/toi_catalog.csv, accessed 2026-09-08)",TOI 2234.01
271581073,false_positive,"TESS FOP Working Group disposition 'FP' via NASA Exoplanet Archive TESS FOP WG catalog snapshot (benchmarks/toi_catalog.csv, accessed 2026-09-08)",TOI 1101.01
271596418,false_positive,"TESS FOP Working Group disposition 'FP' via NASA Exoplanet Archive TESS FOP WG catalog snapshot (benchmarks/toi_catalog.csv, accessed 2026-09-08)",TOI 868.01
271722899,false_positive,"TESS FOP Working Group disposition 'FP' via NASA Exoplanet Archive TESS FOP WG catalog snapshot (benchmarks/toi_catalog.csv, accessed 2026-09-08)",TOI 920.01
271900960,false_positive,"TESS FOP Working Group disposition 'FP' via NASA Exoplanet Archive TESS FOP WG catalog snapshot (benchmarks/toi_catalog.csv, accessed 2026-09-08)",TOI 389.01
27194429,false_positive,"TESS FOP Working Group disposition 'APC' via NASA Exoplanet Archive TESS FOP WG catalog snapshot (benchmarks/toi_catalog.csv, accessed 2026-09-08)",TOI 1831.01
272049972,false_positive,"TESS FOP Working Group disposition 'FP' via NASA Exoplanet Archive TESS FOP WG catalog snapshot (benchmarks/toi_catalog.csv, accessed 2026-09-08)",TOI 1519.01
272050287,false_positive,"TESS FOP Working Group disposition 'FP' via NASA Exoplanet Archive TESS FOP WG catalog snapshot (benchmarks/toi_catalog.csv, accessed 2026-09-08)",TOI 6039.01
272086159,false_positive,"TESS FOP Working Group disposition 'FP' via NASA Exoplanet Archive TESS FOP WG catalog snapshot (benchmarks/toi_catalog.csv, accessed 2026-09-08)",TOI 176.01
272146465,false_positive,"TESS FOP Working Group disposition 'APC' via NASA Exoplanet Archive TESS FOP WG catalog snapshot (benchmarks/toi_catalog.csv, accessed 2026-09-08)",TOI 5323.01
27244707,false_positive,"TESS FOP Working Group disposition 'FP' via NASA Exoplanet Archive TESS FOP WG catalog snapshot (benchmarks/toi_catalog.csv, accessed 2026-09-08)",TOI 3759.01
272625214,false_positive,"TESS FOP Working Group disposition 'FP' via NASA Exoplanet Archive TESS FOP WG catalog snapshot (benchmarks/toi_catalog.csv, accessed 2026-09-08)",TOI 1613.01
272635712,false_positive,"TESS FOP Working Group disposition 'APC' via NASA Exoplanet Archive TESS FOP WG catalog snapshot (benchmarks/toi_catalog.csv, accessed 2026-09-08)",TOI 1349.01
272828463,false_positive,"TESS FOP Working Group disposition 'FP' via NASA Exoplanet Archive TESS FOP WG catalog snapshot (benchmarks/toi_catalog.csv, accessed 2026-09-08)",TOI 1509.01
273069412,false_positive,"TESS FOP Working Group disposition 'FP' via NASA Exoplanet Archive TESS FOP WG catalog snapshot (benchmarks/toi_catalog.csv, accessed 2026-09-08)",TOI 7332.01
273774284,false_positive,"TESS FOP Working Group disposition 'FP' via NASA Exoplanet Archive TESS FOP WG catalog snapshot (benchmarks/toi_catalog.csv, accessed 2026-09-08)",TOI 5910.01
274002141,false_positive,"TESS FOP Working Group disposition 'FP' via NASA Exoplanet Archive TESS FOP WG catalog snapshot (benchmarks/toi_catalog.csv, accessed 2026-09-08)",TOI 6368.01
274122380,false_positive,"TESS FOP Working Group disposition 'FP' via NASA Exoplanet Archive TESS FOP WG catalog snapshot (benchmarks/toi_catalog.csv, accessed 2026-09-08)",TOI 5262.01
274138511,false_positive,"TESS FOP Working Group disposition 'FP' via NASA Exoplanet Archive TESS FOP WG catalog snapshot (benchmarks/toi_catalog.csv, accessed 2026-09-08)",TOI 506.01
274170255,false_positive,"TESS FOP Working Group disposition 'FP' via NASA Exoplanet Archive TESS FOP WG catalog snapshot (benchmarks/toi_catalog.csv, accessed 2026-09-08)",TOI 1380.01
274193763,false_positive,"TESS FOP Working Group disposition 'APC' via NASA Exoplanet Archive TESS FOP WG catalog snapshot (benchmarks/toi_catalog.csv, accessed 2026-09-08)",TOI 2428.01
274411493,false_positive,"TESS FOP Working Group disposition 'APC' via NASA Exoplanet Archive TESS FOP WG catalog snapshot (benchmarks/toi_catalog.csv, accessed 2026-09-08)",TOI 7088.01
274599700,false_positive,"TESS FOP Working Group disposition 'FP' via NASA Exoplanet Archive TESS FOP WG catalog snapshot (benchmarks/toi_catalog.csv, accessed 2026-09-08)",TOI 2317.01
274662200,false_positive,"TESS FOP Working Group disposition 'FP' via NASA Exoplanet Archive TESS FOP WG catalog snapshot (benchmarks/toi_catalog.csv, accessed 2026-09-08)",TOI 1285.01
274762761,false_positive,"TESS FOP Working Group disposition 'FP' via NASA Exoplanet Archive TESS FOP WG catalog snapshot (benchmarks/toi_catalog.csv, accessed 2026-09-08)",TOI 1256.01
274942910,false_positive,"TESS FOP Working Group disposition 'FP' via NASA Exoplanet Archive TESS FOP WG catalog snapshot (benchmarks/toi_catalog.csv, accessed 2026-09-08)",TOI 1325.01
275111900,false_positive,"TESS FOP Working Group disposition 'FP' via NASA Exoplanet Archive TESS FOP WG catalog snapshot (benchmarks/toi_catalog.csv, accessed 2026-09-08)",TOI 1326.01
275248683,false_positive,"TESS FOP Working Group disposition 'FP' via NASA Exoplanet Archive TESS FOP WG catalog snapshot (benchmarks/toi_catalog.csv, accessed 2026-09-08)",TOI 717.01
275384718,false_positive,"TESS FOP Working Group disposition 'FP' via NASA Exoplanet Archive TESS FOP WG catalog snapshot (benchmarks/toi_catalog.csv, accessed 2026-09-08)",TOI 1996.01
275501623,false_positive,"TESS FOP Working Group disposition 'FP' via NASA Exoplanet Archive TESS FOP WG catalog snapshot (benchmarks/toi_catalog.csv, accessed 2026-09-08)",TOI 1358.01
275562670,false_positive,"TESS FOP Working Group disposition 'FP' via NASA Exoplanet Archive TESS FOP WG catalog snapshot (benchmarks/toi_catalog.csv, accessed 2026-09-08)",TOI 3472.01
2760710,false_positive,"TESS FOP Working Group disposition 'FA' via NASA Exoplanet Archive TESS FOP WG catalog snapshot (benchmarks/toi_catalog.csv, accessed 2026-09-08)",TOI 227.01
276360911,false_positive,"TESS FOP Working Group disposition 'FA' via NASA Exoplanet Archive TESS FOP WG catalog snapshot (benchmarks/toi_catalog.csv, accessed 2026-09-08)",TOI 1382.01
276376289,false_positive,"TESS FOP Working Group disposition 'APC' via NASA Exoplanet Archive TESS FOP WG catalog snapshot (benchmarks/toi_catalog.csv, accessed 2026-09-08)",TOI 5906.01
276380902,false_positive,"TESS FOP Working Group disposition 'FP' via NASA Exoplanet Archive TESS FOP WG catalog snapshot (benchmarks/toi_catalog.csv, accessed 2026-09-08)",TOI 1525.01
27677846,false_positive,"TESS FOP Working Group disposition 'FP' via NASA Exoplanet Archive TESS FOP WG catalog snapshot (benchmarks/toi_catalog.csv, accessed 2026-09-08)",TOI 1657.01
277014266,false_positive,"TESS FOP Working Group disposition 'FP' via NASA Exoplanet Archive TESS FOP WG catalog snapshot (benchmarks/toi_catalog.csv, accessed 2026-09-08)",TOI 1308.01
277099925,false_positive,"TESS FOP Working Group disposition 'FA' via NASA Exoplanet Archive TESS FOP WG catalog snapshot (benchmarks/toi_catalog.csv, accessed 2026-09-08)",TOI 796.01
277103955,false_positive,"TESS FOP Working Group disposition 'FP' via NASA Exoplanet Archive TESS FOP WG catalog snapshot (benchmarks/toi_catalog.csv, accessed 2026-09-08)",TOI 284.01
277507814,false_positive,"TESS FOP Working Group disposition 'APC' via NASA Exoplanet Archive TESS FOP WG catalog snapshot (benchmarks/toi_catalog.csv, accessed 2026-09-08)",TOI 1286.01
277683130,false_positive,"TESS FOP Working Group disposition 'APC' via NASA Exoplanet Archive TESS FOP WG catalog snapshot (benchmarks/toi_catalog.csv, accessed 2026-09-08)",TOI 138.01
277871306,false_positive,"TESS FOP Working Group disposition 'FP' via NASA Exoplanet Archive TESS FOP WG catalog snapshot (benchmarks/toi_catalog.csv, accessed 2026-09-08)",TOI 2664.01
277987172,false_positive,"TESS FOP Working Group disposition 'FP' via NASA Exoplanet Archive TESS FOP WG catalog snapshot (benchmarks/toi_catalog.csv, accessed 2026-09-08)",TOI 5887.01
278199349,false_positive,"TESS FOP Working Group disposition 'FP' via NASA Exoplanet Archive TESS FOP WG catalog snapshot (benchmarks/toi_catalog.csv, accessed 2026-09-08)",TOI 922.01
27844066,false_positive,"TESS FOP Working Group disposition 'FP' via NASA Exoplanet Archive TESS FOP WG catalog snapshot (benchmarks/toi_catalog.csv, accessed 2026-09-08)",TOI 3536.01
278726770,false_positive,"TESS FOP Working Group disposition 'FP' via NASA Exoplanet Archive TESS FOP WG catalog snapshot (benchmarks/toi_catalog.csv, accessed 2026-09-08)",TOI 6654.01
278866211,false_positive,"TESS FOP Working Group disposition 'FP' via NASA Exoplanet Archive TESS FOP WG catalog snapshot (benchmarks/toi_catalog.csv, accessed 2026-09-08)",TOI 189.01
278968371,false_positive,"TESS FOP Working Group disposition 'FP' via NASA Exoplanet Archive TESS FOP WG catalog snapshot (benchmarks/toi_catalog.csv, accessed 2026-09-08)",TOI 3508.01
279177746,false_positive,"TESS FOP Working Group disposition 'FP' via NASA Exoplanet Archive TESS FOP WG catalog snapshot (benchmarks/toi_catalog.csv, accessed 2026-09-08)",TOI 1353.01
279212407,false_positive,"TESS FOP Working Group disposition 'FP' via NASA Exoplanet Archive TESS FOP WG catalog snapshot (benchmarks/toi_catalog.csv, accessed 2026-09-08)",TOI 2117.01
279251651,false_positive,"TESS FOP Working Group disposition 'FP' via NASA Exoplanet Archive TESS FOP WG catalog snapshot (benchmarks/toi_catalog.csv, accessed 2026-09-08)",TOI 419.01
279327604,false_positive,"TESS FOP Working Group disposition 'APC' via NASA Exoplanet Archive TESS FOP WG catalog snapshot (benchmarks/toi_catalog.csv, accessed 2026-09-08)",TOI 2489.01
279605855,false_positive,"TESS FOP Working Group disposition 'FP' via NASA Exoplanet Archive TESS FOP WG catalog snapshot (benchmarks/toi_catalog.csv, accessed 2026-09-08)",TOI 4048.01
279740441,false_positive,"TESS FOP Working Group disposition 'FP' via NASA Exoplanet Archive TESS FOP WG catalog snapshot (benchmarks/toi_catalog.csv, accessed 2026-09-08)",TOI 273.01
279851358,false_positive,"TESS FOP Working Group disposition 'APC' via NASA Exoplanet Archive TESS FOP WG catalog snapshot (benchmarks/toi_catalog.csv, accessed 2026-09-08)",TOI 6366.01
279982557,false_positive,"TESS FOP Working Group disposition 'FP' via NASA Exoplanet Archive TESS FOP WG catalog snapshot (benchmarks/toi_catalog.csv, accessed 2026-09-08)",TOI 2097.01
279989567,false_positive,"TESS FOP Working Group disposition 'FP' via NASA Exoplanet Archive TESS FOP WG catalog snapshot (benchmarks/toi_catalog.csv, accessed 2026-09-08)",TOI 2744.01
279999655,false_positive,"TESS FOP Working Group disposition 'FP' via NASA Exoplanet Archive TESS FOP WG catalog snapshot (benchmarks/toi_catalog.csv, accessed 2026-09-08)",TOI 959.01
280212554,false_positive,"TESS FOP Working Group disposition 'FP' via NASA Exoplanet Archive TESS FOP WG catalog snapshot (benchmarks/toi_catalog.csv, accessed 2026-09-08)",TOI 2743.01
280307604,false_positive,"TESS FOP Working Group disposition 'FP' via NASA Exoplanet Archive TESS FOP WG catalog snapshot (benchmarks/toi_catalog.csv, accessed 2026-09-08)",TOI 4800.01
280830734,false_positive,"TESS FOP Working Group disposition 'APC' via NASA Exoplanet Archive TESS FOP WG catalog snapshot (benchmarks/toi_catalog.csv, accessed 2026-09-08)",TOI 188.01
281100535,false_positive,"TESS FOP Working Group disposition 'APC' via NASA Exoplanet Archive TESS FOP WG catalog snapshot (benchmarks/toi_catalog.csv, accessed 2026-09-08)",TOI 5687.01
281710229,false_positive,"TESS FOP Working Group disposition 'APC' via NASA Exoplanet Archive TESS FOP WG catalog snapshot (benchmarks/toi_catalog.csv, accessed 2026-09-08)",TOI 308.01
281716779,false_positive,"TESS FOP Working Group disposition 'APC' via NASA Exoplanet Archive TESS FOP WG catalog snapshot (benchmarks/toi_catalog.csv, accessed 2026-09-08)",TOI 4739.01
281979481,false_positive,"TESS FOP Working Group disposition 'FP' via NASA Exoplanet Archive TESS FOP WG catalog snapshot (benchmarks/toi_catalog.csv, accessed 2026-09-08)",TOI 274.01
282091493,false_positive,"TESS FOP Working Group disposition 'FP' via NASA Exoplanet Archive TESS FOP WG catalog snapshot (benchmarks/toi_catalog.csv, accessed 2026-09-08)",TOI 3468.01
282498590,false_positive,"TESS FOP Working Group disposition 'FP' via NASA Exoplanet Archive TESS FOP WG catalog snapshot (benchmarks/toi_catalog.csv, accessed 2026-09-08)",TOI 2492.01
282935857,false_positive,"TESS FOP Working Group disposition 'APC' via NASA Exoplanet Archive TESS FOP WG catalog snapshot (benchmarks/toi_catalog.csv, accessed 2026-09-08)",TOI 5276.01
283015592,false_positive,"TESS FOP Working Group disposition 'FP' via NASA Exoplanet Archive TESS FOP WG catalog snapshot (benchmarks/toi_catalog.csv, accessed 2026-09-08)",TOI 4000.01
283474780,false_positive,"TESS FOP Working Group disposition 'APC' via NASA Exoplanet Archive TESS FOP WG catalog snapshot (benchmarks/toi_catalog.csv, accessed 2026-09-08)",TOI 1490.01
283702603,false_positive,"TESS FOP Working Group disposition 'FP' via NASA Exoplanet Archive TESS FOP WG catalog snapshot (benchmarks/toi_catalog.csv, accessed 2026-09-08)",TOI 3424.01
283759999,false_positive,"TESS FOP Working Group disposition 'APC' via NASA Exoplanet Archive TESS FOP WG catalog snapshot (benchmarks/toi_catalog.csv, accessed 2026-09-08)",TOI 5883.01
284050395,false_positive,"TESS FOP Working Group disposition 'FP' via NASA Exoplanet Archive TESS FOP WG catalog snapshot (benchmarks/toi_catalog.csv, accessed 2026-09-08)",TOI 1568.01
284254253,false_positive,"TESS FOP Working Group disposition 'FP' via NASA Exoplanet Archive TESS FOP WG catalog snapshot (benchmarks/toi_catalog.csv, accessed 2026-09-08)",TOI 3466.01
284288080,false_positive,"TESS FOP Working Group disposition 'FP' via NASA Exoplanet Archive TESS FOP WG catalog snapshot (benchmarks/toi_catalog.csv, accessed 2026-09-08)",TOI 889.01
284288093,false_positive,"TESS FOP Working Group disposition 'APC' via NASA Exoplanet Archive TESS FOP WG catalog snapshot (benchmarks/toi_catalog.csv, accessed 2026-09-08)",TOI 2766.01
284305328,false_positive,"TESS FOP Working Group disposition 'FP' via NASA Exoplanet Archive TESS FOP WG catalog snapshot (benchmarks/toi_catalog.csv, accessed 2026-09-08)",TOI 4019.01
284450803,false_positive,"TESS FOP Working Group disposition 'FP' via NASA Exoplanet Archive TESS FOP WG catalog snapshot (benchmarks/toi_catalog.csv, accessed 2026-09-08)",TOI 1142.01
284528889,false_positive,"TESS FOP Working Group disposition 'FP' via NASA Exoplanet Archive TESS FOP WG catalog snapshot (benchmarks/toi_catalog.csv, accessed 2026-09-08)",TOI 3999.01
284564230,false_positive,"TESS FOP Working Group disposition 'FP' via NASA Exoplanet Archive TESS FOP WG catalog snapshot (benchmarks/toi_catalog.csv, accessed 2026-09-08)",TOI 2162.01
284592754,false_positive,"TESS FOP Working Group disposition 'APC' via NASA Exoplanet Archive TESS FOP WG catalog snapshot (benchmarks/toi_catalog.csv, accessed 2026-09-08)",TOI 5643.01
284613259,false_positive,"TESS FOP Working Group disposition 'APC' via NASA Exoplanet Archive TESS FOP WG catalog snapshot (benchmarks/toi_catalog.csv, accessed 2026-09-08)",TOI 7557.01
284660935,false_positive,"TESS FOP Working Group disposition 'APC' via NASA Exoplanet Archive TESS FOP WG catalog snapshot (benchmarks/toi_catalog.csv, accessed 2026-09-08)",TOI 5253.01
284747017,false_positive,"TESS FOP Working Group disposition 'FP' via NASA Exoplanet Archive TESS FOP WG catalog snapshot (benchmarks/toi_catalog.csv, accessed 2026-09-08)",TOI 3746.01
285212983,false_positive,"TESS FOP Working Group disposition 'APC' via NASA Exoplanet Archive TESS FOP WG catalog snapshot (benchmarks/toi_catalog.csv, accessed 2026-09-08)",TOI 7616.01
285233023,false_positive,"TESS FOP Working Group disposition 'FP' via NASA Exoplanet Archive TESS FOP WG catalog snapshot (benchmarks/toi_catalog.csv, accessed 2026-09-08)",TOI 6298.01
285524410,false_positive,"TESS FOP Working Group disposition 'FP' via NASA Exoplanet Archive TESS FOP WG catalog snapshot (benchmarks/toi_catalog.csv, accessed 2026-09-08)",TOI 2848.01
285542903,false_positive,"TESS FOP Working Group disposition 'FP' via NASA Exoplanet Archive TESS FOP WG catalog snapshot (benchmarks/toi_catalog.csv, accessed 2026-09-08)",TOI 2060.01
285543785,false_positive,"TESS FOP Working Group disposition 'APC' via NASA Exoplanet Archive TESS FOP WG catalog snapshot (benchmarks/toi_catalog.csv, accessed 2026-09-08)",TOI 1528.01
285666479,false_positive,"TESS FOP Working Group disposition 'FP' via NASA Exoplanet Archive TESS FOP WG catalog snapshot (benchmarks/toi_catalog.csv, accessed 2026-09-08)",TOI 1569.01
285674856,false_positive,"TESS FOP Working Group disposition 'FP' via NASA Exoplanet Archive TESS FOP WG catalog snapshot (benchmarks/toi_catalog.csv, accessed 2026-09-08)",TOI 1570.01
285677945,false_positive,"TESS FOP Working Group disposition 'FP' via NASA Exoplanet Archive TESS FOP WG catalog snapshot (benchmarks/toi_catalog.csv, accessed 2026-09-08)",TOI 1571.01
286132427,false_positive,"TESS FOP Working Group disposition 'FA' via NASA Exoplanet Archive TESS FOP WG catalog snapshot (benchmarks/toi_catalog.csv, accessed 2026-09-08)",TOI 635.01
286355915,false_positive,"TESS FOP Working Group disposition 'FP' via NASA Exoplanet Archive TESS FOP WG catalog snapshot (benchmarks/toi_catalog.csv, accessed 2026-09-08)",TOI 1637.01
28643432,false_positive,"TESS FOP Working Group disposition 'FP' via NASA Exoplanet Archive TESS FOP WG catalog snapshot (benchmarks/toi_catalog.csv, accessed 2026-09-08)",TOI 5184.01
286561122,false_positive,"TESS FOP Working Group disposition 'FP' via NASA Exoplanet Archive TESS FOP WG catalog snapshot (benchmarks/toi_catalog.csv, accessed 2026-09-08)",TOI 1658.01
286696848,false_positive,"TESS FOP Working Group disposition 'FP' via NASA Exoplanet Archive TESS FOP WG catalog snapshot (benchmarks/toi_catalog.csv, accessed 2026-09-08)",TOI 3742.01
287190564,false_positive,"TESS FOP Working Group disposition 'FP' via NASA Exoplanet Archive TESS FOP WG catalog snapshot (benchmarks/toi_catalog.csv, accessed 2026-09-08)",TOI 1309.01
287191183,false_positive,"TESS FOP Working Group disposition 'APC' via NASA Exoplanet Archive TESS FOP WG catalog snapshot (benchmarks/toi_catalog.csv, accessed 2026-09-08)",TOI 7079.01
287196418,false_positive,"TESS FOP Working Group disposition 'APC' via NASA Exoplanet Archive TESS FOP WG catalog snapshot (benchmarks/toi_catalog.csv, accessed 2026-09-08)",TOI 1190.01
287225295,false_positive,"TESS FOP Working Group disposition 'APC' via NASA Exoplanet Archive TESS FOP WG catalog snapshot (benchmarks/toi_catalog.csv, accessed 2026-09-08)",TOI 1769.01
287329267,false_positive,"TESS FOP Working Group disposition 'FP' via NASA Exoplanet Archive TESS FOP WG catalog snapshot (benchmarks/toi_catalog.csv, accessed 2026-09-08)",TOI 595.01
287474726,false_positive,"TESS FOP Working Group disposition 'FP' via NASA Exoplanet Archive TESS FOP WG catalog snapshot (benchmarks/toi_catalog.csv, accessed 2026-09-08)",TOI 582.01
287959034,false_positive,"TESS FOP Working Group disposition 'APC' via NASA Exoplanet Archive TESS FOP WG catalog snapshot (benchmarks/toi_catalog.csv, accessed 2026-09-08)",TOI 5677.01
288185138,false_positive,"TESS FOP Working Group disposition 'FP' via NASA Exoplanet Archive TESS FOP WG catalog snapshot (benchmarks/toi_catalog.csv, accessed 2026-09-08)",TOI 1200.01
288391628,false_positive,"TESS FOP Working Group disposition 'FP' via NASA Exoplanet Archive TESS FOP WG catalog snapshot (benchmarks/toi_catalog.csv, accessed 2026-09-08)",TOI 1147.01
288471040,false_positive,"TESS FOP Working Group disposition 'FP' via NASA Exoplanet Archive TESS FOP WG catalog snapshot (benchmarks/toi_catalog.csv, accessed 2026-09-08)",TOI 4135.01
28873762,false_positive,"TESS FOP Working Group disposition 'FP' via NASA Exoplanet Archive TESS FOP WG catalog snapshot (benchmarks/toi_catalog.csv, accessed 2026-09-08)",TOI 3684.01
289047954,false_positive,"TESS FOP Working Group disposition 'FP' via NASA Exoplanet Archive TESS FOP WG catalog snapshot (benchmarks/toi_catalog.csv, accessed 2026-09-08)",TOI 7252.01
289125016,false_positive,"TESS FOP Working Group disposition 'FP' via NASA Exoplanet Archive TESS FOP WG catalog snapshot (benchmarks/toi_catalog.csv, accessed 2026-09-08)",TOI 5924.01
289313987,false_positive,"TESS FOP Working Group disposition 'APC' via NASA Exoplanet Archive TESS FOP WG catalog snapshot (benchmarks/toi_catalog.csv, accessed 2026-09-08)",TOI 5913.01
289316336,false_positive,"TESS FOP Working Group disposition 'FP' via NASA Exoplanet Archive TESS FOP WG catalog snapshot (benchmarks/toi_catalog.csv, accessed 2026-09-08)",TOI 4091.01
289441015,false_positive,"TESS FOP Working Group disposition 'FP' via NASA Exoplanet Archive TESS FOP WG catalog snapshot (benchmarks/toi_catalog.csv, accessed 2026-09-08)",TOI 7007.01
289535142,false_positive,"TESS FOP Working Group disposition 'APC' via NASA Exoplanet Archive TESS FOP WG catalog snapshot (benchmarks/toi_catalog.csv, accessed 2026-09-08)",TOI 572.01
289539327,false_positive,"TESS FOP Working Group disposition 'FP' via NASA Exoplanet Archive TESS FOP WG catalog snapshot (benchmarks/toi_catalog.csv, accessed 2026-09-08)",TOI 1186.01
289988797,false_positive,"TESS FOP Working Group disposition 'FP' via NASA Exoplanet Archive TESS FOP WG catalog snapshot (benchmarks/toi_catalog.csv, accessed 2026-09-08)",TOI 4178.01
290036495,false_positive,"TESS FOP Working Group disposition 'APC' via NASA Exoplanet Archive TESS FOP WG catalog snapshot (benchmarks/toi_catalog.csv, accessed 2026-09-08)",TOI 2351.01
290302097,false_positive,"TESS FOP Working Group disposition 'FP' via NASA Exoplanet Archive TESS FOP WG catalog snapshot (benchmarks/toi_catalog.csv, accessed 2026-09-08)",TOI 2902.01
290348382,false_positive,"TESS FOP Working Group disposition 'FP' via NASA Exoplanet Archive TESS FOP WG catalog snapshot (benchmarks/toi_catalog.csv, accessed 2026-09-08)",TOI 1113.01
29054413,false_positive,"TESS FOP Working Group disposition 'APC' via NASA Exoplanet Archive TESS FOP WG catalog snapshot (benchmarks/toi_catalog.csv, accessed 2026-09-08)",TOI 1631.01
291147951,false_positive,"TESS FOP Working Group disposition 'FP' via NASA Exoplanet Archive TESS FOP WG catalog snapshot (benchmarks/toi_catalog.csv, accessed 2026-09-08)",TOI 3541.01
29117085,false_positive,"TESS FOP Working Group disposition 'FP' via NASA Exoplanet Archive TESS FOP WG catalog snapshot (benchmarks/toi_catalog.csv, accessed 2026-09-08)",TOI 3790.01
291555748,false_positive,"TESS FOP Working Group disposition 'FP' via NASA Exoplanet Archive TESS FOP WG catalog snapshot (benchmarks/toi_catalog.csv, accessed 2026-09-08)",TOI 1018.01
291732201,false_positive,"TESS FOP Working Group disposition 'FP' via NASA Exoplanet Archive TESS FOP WG catalog snapshot (benchmarks/toi_catalog.csv, accessed 2026-09-08)",TOI 7418.01
292321872,false_positive,"TESS FOP Working Group disposition 'FP' via NASA Exoplanet Archive TESS FOP WG catalog snapshot (benchmarks/toi_catalog.csv, accessed 2026-09-08)",TOI 1572.01
292797572,false_positive,"TESS FOP Working Group disposition 'FP' via NASA Exoplanet Archive TESS FOP WG catalog snapshot (benchmarks/toi_catalog.csv, accessed 2026-09-08)",TOI 4934.01
293075732,false_positive,"TESS FOP Working Group disposition 'FP' via NASA Exoplanet Archive TESS FOP WG catalog snapshot (benchmarks/toi_catalog.csv, accessed 2026-09-08)",TOI 6882.01
29336129,false_positive,"TESS FOP Working Group disposition 'FP' via NASA Exoplanet Archive TESS FOP WG catalog snapshot (benchmarks/toi_catalog.csv, accessed 2026-09-08)",TOI 2933.01
293432942,false_positive,"TESS FOP Working Group disposition 'APC' via NASA Exoplanet Archive TESS FOP WG catalog snapshot (benchmarks/toi_catalog.csv, accessed 2026-09-08)",TOI 4541.01
293527670,false_positive,"TESS FOP Working Group disposition 'FP' via NASA Exoplanet Archive TESS FOP WG catalog snapshot (benchmarks/toi_catalog.csv, accessed 2026-09-08)",TOI 2323.01
293567206,false_positive,"TESS FOP Working Group disposition 'FP' via NASA Exoplanet Archive TESS FOP WG catalog snapshot (benchmarks/toi_catalog.csv, accessed 2026-09-08)",TOI 2173.01
293708935,false_positive,"TESS FOP Working Group disposition 'FP' via NASA Exoplanet Archive TESS FOP WG catalog snapshot (benchmarks/toi_catalog.csv, accessed 2026-09-08)",TOI 1969.01
29374525,false_positive,"TESS FOP Working Group disposition 'FP' via NASA Exoplanet Archive TESS FOP WG catalog snapshot (benchmarks/toi_catalog.csv, accessed 2026-09-08)",TOI 5440.01
293978434,false_positive,"TESS FOP Working Group disposition 'FP' via NASA Exoplanet Archive TESS FOP WG catalog snapshot (benchmarks/toi_catalog.csv, accessed 2026-09-08)",TOI 3420.01
294090620,false_positive,"TESS FOP Working Group disposition 'FP' via NASA Exoplanet Archive TESS FOP WG catalog snapshot (benchmarks/toi_catalog.csv, accessed 2026-09-08)",TOI 587.01
294173437,false_positive,"TESS FOP Working Group disposition 'FP' via NASA Exoplanet Archive TESS FOP WG catalog snapshot (benchmarks/toi_catalog.csv, accessed 2026-09-08)",TOI 5901.01
294176967,false_positive,"TESS FOP Working Group disposition 'FP' via NASA Exoplanet Archive TESS FOP WG catalog snapshot (benchmarks/toi_catalog.csv, accessed 2026-09-08)",TOI 1170.01
294179389,false_positive,"TESS FOP Working Group disposition 'FP' via NASA Exoplanet Archive TESS FOP WG catalog snapshot (benchmarks/toi_catalog.csv, accessed 2026-09-08)",TOI 1310.01
294283951,false_positive,"TESS FOP Working Group disposition 'FP' via NASA Exoplanet Archive TESS FOP WG catalog snapshot (benchmarks/toi_catalog.csv, accessed 2026-09-08)",TOI 6084.01
294315741,false_positive,"TESS FOP Working Group disposition 'FP' via NASA Exoplanet Archive TESS FOP WG catalog snapshot (benchmarks/toi_catalog.csv, accessed 2026-09-08)",TOI 4985.01
294500964,false_positive,"TESS FOP Working Group disposition 'FP' via NASA Exoplanet Archive TESS FOP WG catalog snapshot (benchmarks/toi_catalog.csv, accessed 2026-09-08)",TOI 2550.01
294599100,false_positive,"TESS FOP Working Group disposition 'FP' via NASA Exoplanet Archive TESS FOP WG catalog snapshot (benchmarks/toi_catalog.csv, accessed 2026-09-08)",TOI 3537.01
294780517,false_positive,"TESS FOP Working Group disposition 'FP' via NASA Exoplanet Archive TESS FOP WG catalog snapshot (benchmarks/toi_catalog.csv, accessed 2026-09-08)",TOI 792.01
294869729,false_positive,"TESS FOP Working Group disposition 'FP' via NASA Exoplanet Archive TESS FOP WG catalog snapshot (benchmarks/toi_catalog.csv, accessed 2026-09-08)",TOI 918.01
295354126,false_positive,"TESS FOP Working Group disposition 'FP' via NASA Exoplanet Archive TESS FOP WG catalog snapshot (benchmarks/toi_catalog.csv, accessed 2026-09-08)",TOI 1965.01
295413003,false_positive,"TESS FOP Working Group disposition 'FP' via NASA Exoplanet Archive TESS FOP WG catalog snapshot (benchmarks/toi_catalog.csv, accessed 2026-09-08)",TOI 3581.01
295562522,false_positive,"TESS FOP Working Group disposition 'APC' via NASA Exoplanet Archive TESS FOP WG catalog snapshot (benchmarks/toi_catalog.csv, accessed 2026-09-08)",TOI 1974.01
295599256,false_positive,"TESS FOP Working Group disposition 'FP' via NASA Exoplanet Archive TESS FOP WG catalog snapshot (benchmarks/toi_catalog.csv, accessed 2026-09-08)",TOI 1108.01
295807723,false_positive,"TESS FOP Working Group disposition 'FP' via NASA Exoplanet Archive TESS FOP WG catalog snapshot (benchmarks/toi_catalog.csv, accessed 2026-09-08)",TOI 5246.01
295947393,false_positive,"TESS FOP Working Group disposition 'APC' via NASA Exoplanet Archive TESS FOP WG catalog snapshot (benchmarks/toi_catalog.csv, accessed 2026-09-08)",TOI 2516.01
296780789,false_positive,"TESS FOP Working Group disposition 'APC' via NASA Exoplanet Archive TESS FOP WG catalog snapshot (benchmarks/toi_catalog.csv, accessed 2026-09-08)",TOI 573.01
296898634,false_positive,"TESS FOP Working Group disposition 'FP' via NASA Exoplanet Archive TESS FOP WG catalog snapshot (benchmarks/toi_catalog.csv, accessed 2026-09-08)",TOI 5940.01
297153209,false_positive,"TESS FOP Working Group disposition 'FP' via NASA Exoplanet Archive TESS FOP WG catalog snapshot (benchmarks/toi_catalog.csv, accessed 2026-09-08)",TOI 5954.01
297967252,false_positive,"TESS FOP Working Group disposition 'FP' via NASA Exoplanet Archive TESS FOP WG catalog snapshot (benchmarks/toi_catalog.csv, accessed 2026-09-08)",TOI 1025.01
298049015,false_positive,"TESS FOP Working Group disposition 'FP' via NASA Exoplanet Archive TESS FOP WG catalog snapshot (benchmarks/toi_catalog.csv, accessed 2026-09-08)",TOI 5199.01
298073824,false_positive,"TESS FOP Working Group disposition 'FA' via NASA Exoplanet Archive TESS FOP WG catalog snapshot (benchmarks/toi_catalog.csv, accessed 2026-09-08)",TOI 1447.01
29830212,false_positive,"TESS FOP Working Group disposition 'FP' via NASA Exoplanet Archive TESS FOP WG catalog snapshot (benchmarks/toi_catalog.csv, accessed 2026-09-08)",TOI 2651.01
29831208,false_positive,"TESS FOP Working Group disposition 'APC' via NASA Exoplanet Archive TESS FOP WG catalog snapshot (benchmarks/toi_catalog.csv, accessed 2026-09-08)",TOI 124.01
298495970,false_positive,"TESS FOP Working Group disposition 'FP' via NASA Exoplanet Archive TESS FOP WG catalog snapshot (benchmarks/toi_catalog.csv, accessed 2026-09-08)",TOI 2157.01
298600443,false_positive,"TESS FOP Working Group disposition 'APC' via NASA Exoplanet Archive TESS FOP WG catalog snapshot (benchmarks/toi_catalog.csv, accessed 2026-09-08)",TOI 5391.01
298666530,false_positive,"TESS FOP Working Group disposition 'FP' via NASA Exoplanet Archive TESS FOP WG catalog snapshot (benchmarks/toi_catalog.csv, accessed 2026-09-08)",TOI 1729.01
299176311,false_positive,"TESS FOP Working Group disposition 'APC' via NASA Exoplanet Archive TESS FOP WG catalog snapshot (benchmarks/toi_catalog.csv, accessed 2026-09-08)",TOI 4194.01
29919341,false_positive,"TESS FOP Working Group disposition 'APC' via NASA Exoplanet Archive TESS FOP WG catalog snapshot (benchmarks/toi_catalog.csv, accessed 2026-09-08)",TOI 2422.01
29959760,false_positive,"TESS FOP Working Group disposition 'APC' via NASA Exoplanet Archive TESS FOP WG catalog snapshot (benchmarks/toi_catalog.csv, accessed 2026-09-08)",TOI 2444.01
29959761,false_positive,"TESS FOP Working Group disposition 'FP' via NASA Exoplanet Archive TESS FOP WG catalog snapshot (benchmarks/toi_catalog.csv, accessed 2026-09-08)",TOI 2340.01
29960109,false_positive,"TESS FOP Working Group disposition 'FP' via NASA Exoplanet Archive TESS FOP WG catalog snapshot (benchmarks/toi_catalog.csv, accessed 2026-09-08)",TOI 393.01
299876474,false_positive,"TESS FOP Working Group disposition 'FP' via NASA Exoplanet Archive TESS FOP WG catalog snapshot (benchmarks/toi_catalog.csv, accessed 2026-09-08)",TOI 6750.01
300011941,false_positive,"TESS FOP Working Group disposition 'FP' via NASA Exoplanet Archive TESS FOP WG catalog snapshot (benchmarks/toi_catalog.csv, accessed 2026-09-08)",TOI 4357.01
300013921,false_positive,"TESS FOP Working Group disposition 'FP' via NASA Exoplanet Archive TESS FOP WG catalog snapshot (benchmarks/toi_catalog.csv, accessed 2026-09-08)",TOI 793.01
300293197,false_positive,"TESS FOP Working Group disposition 'APC' via NASA Exoplanet Archive TESS FOP WG catalog snapshot (benchmarks/toi_catalog.csv, accessed 2026-09-08)",TOI 211.01
300557619,false_positive,"TESS FOP Working Group disposition 'FP' via NASA Exoplanet Archive TESS FOP WG catalog snapshot (benchmarks/toi_catalog.csv, accessed 2026-09-08)",TOI 928.01
300599466,false_positive,"TESS FOP Working Group disposition 'FP' via NASA Exoplanet Archive TESS FOP WG catalog snapshot (benchmarks/toi_catalog.csv, accessed 2026-09-08)",TOI 925.01
300810086,false_positive,"TESS FOP Working Group disposition 'FP' via NASA Exoplanet Archive TESS FOP WG catalog snapshot (benchmarks/toi_catalog.csv, accessed 2026-09-08)",TOI 385.01
300871545,false_positive,"TESS FOP Working Group disposition 'FP' via NASA Exoplanet Archive TESS FOP WG catalog snapshot (benchmarks/toi_catalog.csv, accessed 2026-09-08)",TOI 184.01
301051430,false_positive,"TESS FOP Working Group disposition 'FP' via NASA Exoplanet Archive TESS FOP WG catalog snapshot (benchmarks/toi_catalog.csv, accessed 2026-09-08)",TOI 923.01
301160638,false_positive,"TESS FOP Working Group disposition 'APC' via NASA Exoplanet Archive TESS FOP WG catalog snapshot (benchmarks/toi_catalog.csv, accessed 2026-09-08)",TOI 3487.01
301281965,false_positive,"TESS FOP Working Group disposition 'APC' via NASA Exoplanet Archive TESS FOP WG catalog snapshot (benchmarks/toi_catalog.csv, accessed 2026-09-08)",TOI 2740.01
301343785,false_positive,"TESS FOP Working Group disposition 'APC' via NASA Exoplanet Archive TESS FOP WG catalog snapshot (benchmarks/toi_catalog.csv, accessed 2026-09-08)",TOI 2347.01
302333151,false_positive,"TESS FOP Working Group disposition 'APC' via NASA Exoplanet Archive TESS FOP WG catalog snapshot (benchmarks/toi_catalog.csv, accessed 2026-09-08)",TOI 2315.01
302659412,false_positive,"TESS FOP Working Group disposition 'FP' via NASA Exoplanet Archive TESS FOP WG catalog snapshot (benchmarks/toi_catalog.csv, accessed 2026-09-08)",TOI 1957.01
302766000,false_positive,"TESS FOP Working Group disposition 'FP' via NASA Exoplanet Archive TESS FOP WG catalog snapshot (benchmarks/toi_catalog.csv, accessed 2026-09-08)",TOI 2784.01
302814895,false_positive,"TESS FOP Working Group disposition 'FP' via NASA Exoplanet Archive TESS FOP WG catalog snapshot (benchmarks/toi_catalog.csv, accessed 2026-09-08)",TOI 5784.01
302895996,false_positive,"TESS FOP Working Group disposition 'FP' via NASA Exoplanet Archive TESS FOP WG catalog snapshot (benchmarks/toi_catalog.csv, accessed 2026-09-08)",TOI 531.01
303055194,false_positive,"TESS FOP Working Group disposition 'FP' via NASA Exoplanet Archive TESS FOP WG catalog snapshot (benchmarks/toi_catalog.csv, accessed 2026-09-08)",TOI 5804.01
30312676,false_positive,"TESS FOP Working Group disposition 'FP' via NASA Exoplanet Archive TESS FOP WG catalog snapshot (benchmarks/toi_catalog.csv, accessed 2026-09-08)",TOI 817.01
30329585,false_positive,"TESS FOP Working Group disposition 'FP' via NASA Exoplanet Archive TESS FOP WG catalog snapshot (benchmarks/toi_catalog.csv, accessed 2026-09-08)",TOI 1175.01
303364023,false_positive,"TESS FOP Working Group disposition 'FP' via NASA Exoplanet Archive TESS FOP WG catalog snapshot (benchmarks/toi_catalog.csv, accessed 2026-09-08)",TOI 6711.01
303867090,false_positive,"TESS FOP Working Group disposition 'FP' via NASA Exoplanet Archive TESS FOP WG catalog snapshot (benchmarks/toi_catalog.csv, accessed 2026-09-08)",TOI 3049.01
303883880,false_positive,"TESS FOP Working Group disposition 'FP' via NASA Exoplanet Archive TESS FOP WG catalog snapshot (benchmarks/toi_catalog.csv, accessed 2026-09-08)",TOI 3221.01
304021498,false_positive,"TESS FOP Working Group disposition 'FP' via NASA Exoplanet Archive TESS FOP WG catalog snapshot (benchmarks/toi_catalog.csv, accessed 2026-09-08)",TOI 1031.01
304025075,false_positive,"TESS FOP Working Group disposition 'FP' via NASA Exoplanet Archive TESS FOP WG catalog snapshot (benchmarks/toi_catalog.csv, accessed 2026-09-08)",TOI 2951.01
304042899,false_positive,"TESS FOP Working Group disposition 'FP' via NASA Exoplanet Archive TESS FOP WG catalog snapshot (benchmarks/toi_catalog.csv, accessed 2026-09-08)",TOI 775.01
304774444,false_positive,"TESS FOP Working Group disposition 'FP' via NASA Exoplanet Archive TESS FOP WG catalog snapshot (benchmarks/toi_catalog.csv, accessed 2026-09-08)",TOI 1122.01
304950588,false_positive,"TESS FOP Working Group disposition 'FP' via NASA Exoplanet Archive TESS FOP WG catalog snapshot (benchmarks/toi_catalog.csv, accessed 2026-09-08)",TOI 3220.01
305478010,false_positive,"TESS FOP Working Group disposition 'FP' via NASA Exoplanet Archive TESS FOP WG catalog snapshot (benchmarks/toi_catalog.csv, accessed 2026-09-08)",TOI 3580.01
305512837,false_positive,"TESS FOP Working Group disposition 'FP' via NASA Exoplanet Archive TESS FOP WG catalog snapshot (benchmarks/toi_catalog.csv, accessed 2026-09-08)",TOI 3323.01
305550963,false_positive,"TESS FOP Working Group disposition 'FP' via NASA Exoplanet Archive TESS FOP WG catalog snapshot (benchmarks/toi_catalog.csv, accessed 2026-09-08)",TOI 3957.01
305943739,false_positive,"TESS FOP Working Group disposition 'FP' via NASA Exoplanet Archive TESS FOP WG catalog snapshot (benchmarks/toi_catalog.csv, accessed 2026-09-08)",TOI 4498.01
306338882,false_positive,"TESS FOP Working Group disposition 'APC' via NASA Exoplanet Archive TESS FOP WG catalog snapshot (benchmarks/toi_catalog.csv, accessed 2026-09-08)",TOI 856.01
306357884,false_positive,"TESS FOP Working Group disposition 'APC' via NASA Exoplanet Archive TESS FOP WG catalog snapshot (benchmarks/toi_catalog.csv, accessed 2026-09-08)",TOI 3322.01
306547699,false_positive,"TESS FOP Working Group disposition 'FP' via NASA Exoplanet Archive TESS FOP WG catalog snapshot (benchmarks/toi_catalog.csv, accessed 2026-09-08)",TOI 3216.01
306902029,false_positive,"TESS FOP Working Group disposition 'FP' via NASA Exoplanet Archive TESS FOP WG catalog snapshot (benchmarks/toi_catalog.csv, accessed 2026-09-08)",TOI 5124.01
307111282,false_positive,"TESS FOP Working Group disposition 'FP' via NASA Exoplanet Archive TESS FOP WG catalog snapshot (benchmarks/toi_catalog.csv, accessed 2026-09-08)",TOI 1574.01
307377219,false_positive,"TESS FOP Working Group disposition 'FP' via NASA Exoplanet Archive TESS FOP WG catalog snapshot (benchmarks/toi_catalog.csv, accessed 2026-09-08)",TOI 5434.01
307456716,false_positive,"TESS FOP Working Group disposition 'APC' via NASA Exoplanet Archive TESS FOP WG catalog snapshot (benchmarks/toi_catalog.csv, accessed 2026-09-08)",TOI 2830.01
307610438,false_positive,"TESS FOP Working Group disposition 'APC' via NASA Exoplanet Archive TESS FOP WG catalog snapshot (benchmarks/toi_catalog.csv, accessed 2026-09-08)",TOI 831.01
307734817,false_positive,"TESS FOP Working Group disposition 'FP' via NASA Exoplanet Archive TESS FOP WG catalog snapshot (benchmarks/toi_catalog.csv, accessed 2026-09-08)",TOI 1808.01
30791047,false_positive,"TESS FOP Working Group disposition 'APC' via NASA Exoplanet Archive TESS FOP WG catalog snapshot (benchmarks/toi_catalog.csv, accessed 2026-09-08)",TOI 5222.01
307915084,false_positive,"TESS FOP Working Group disposition 'APC' via NASA Exoplanet Archive TESS FOP WG catalog snapshot (benchmarks/toi_catalog.csv, accessed 2026-09-08)",TOI 3838.01
307956396,false_positive,"TESS FOP Working Group disposition 'FP' via NASA Exoplanet Archive TESS FOP WG catalog snapshot (benchmarks/toi_catalog.csv, accessed 2026-09-08)",TOI 4044.01
308034948,false_positive,"TESS FOP Working Group disposition 'FP' via NASA Exoplanet Archive TESS FOP WG catalog snapshot (benchmarks/toi_catalog.csv, accessed 2026-09-08)",TOI 1206.01
308050066,false_positive,"TESS FOP Working Group disposition 'FP' via NASA Exoplanet Archive TESS FOP WG catalog snapshot (benchmarks/toi_catalog.csv, accessed 2026-09-08)",TOI 679.01
30828562,false_positive,"TESS FOP Working Group disposition 'APC' via NASA Exoplanet Archive TESS FOP WG catalog snapshot (benchmarks/toi_catalog.csv, accessed 2026-09-08)",TOI 621.01
308307606,false_positive,"TESS FOP Working Group disposition 'FP' via NASA Exoplanet Archive TESS FOP WG catalog snapshot (benchmarks/toi_catalog.csv, accessed 2026-09-08)",TOI 517.01
308425348,false_positive,"TESS FOP Working Group disposition 'FP' via NASA Exoplanet Archive TESS FOP WG catalog snapshot (benchmarks/toi_catalog.csv, accessed 2026-09-08)",TOI 1918.01
308883808,false_positive,"TESS FOP Working Group disposition 'APC' via NASA Exoplanet Archive TESS FOP WG catalog snapshot (benchmarks/toi_catalog.csv, accessed 2026-09-08)",TOI 2609.01
308919449,false_positive,"TESS FOP Working Group disposition 'FP' via NASA Exoplanet Archive TESS FOP WG catalog snapshot (benchmarks/toi_catalog.csv, accessed 2026-09-08)",TOI 1942.01
309257814,false_positive,"TESS FOP Working Group disposition 'FP' via NASA Exoplanet Archive TESS FOP WG catalog snapshot (benchmarks/toi_catalog.csv, accessed 2026-09-08)",TOI 171.02
309402106,false_positive,"TESS FOP Working Group disposition 'FP' via NASA Exoplanet Archive TESS FOP WG catalog snapshot (benchmarks/toi_catalog.csv, accessed 2026-09-08)",TOI 710.01
309436531,false_positive,"TESS FOP Working Group disposition 'FP' via NASA Exoplanet Archive TESS FOP WG catalog snapshot (benchmarks/toi_catalog.csv, accessed 2026-09-08)",TOI 3217.01
309787037,false_positive,"TESS FOP Working Group disposition 'FP' via NASA Exoplanet Archive TESS FOP WG catalog snapshot (benchmarks/toi_catalog.csv, accessed 2026-09-08)",TOI 1046.01
310105752,false_positive,"TESS FOP Working Group disposition 'APC' via NASA Exoplanet Archive TESS FOP WG catalog snapshot (benchmarks/toi_catalog.csv, accessed 2026-09-08)",TOI 4285.01
310267134,false_positive,"TESS FOP Working Group disposition 'FP' via NASA Exoplanet Archive TESS FOP WG catalog snapshot (benchmarks/toi_catalog.csv, accessed 2026-09-08)",TOI 3319.01
310483807,false_positive,"TESS FOP Working Group disposition 'FP' via NASA Exoplanet Archive TESS FOP WG catalog snapshot (benchmarks/toi_catalog.csv, accessed 2026-09-08)",TOI 1040.01
310981412,false_positive,"TESS FOP Working Group disposition 'FA' via NASA Exoplanet Archive TESS FOP WG catalog snapshot (benchmarks/toi_catalog.csv, accessed 2026-09-08)",TOI 1790.01
311121985,false_positive,"TESS FOP Working Group disposition 'FP' via NASA Exoplanet Archive TESS FOP WG catalog snapshot (benchmarks/toi_catalog.csv, accessed 2026-09-08)",TOI 1660.01
31114545,false_positive,"TESS FOP Working Group disposition 'FP' via NASA Exoplanet Archive TESS FOP WG catalog snapshot (benchmarks/toi_catalog.csv, accessed 2026-09-08)",TOI 2468.01
311183180,false_positive,"TESS FOP Working Group disposition 'FP' via NASA Exoplanet Archive TESS FOP WG catalog snapshot (benchmarks/toi_catalog.csv, accessed 2026-09-08)","TOI 550.01, 550.02"
311703724,false_positive,"TESS FOP Working Group disposition 'APC' via NASA Exoplanet Archive TESS FOP WG catalog snapshot (benchmarks/toi_catalog.csv, accessed 2026-09-08)",TOI 3680.01
311890977,false_positive,"TESS FOP Working Group disposition 'FP' via NASA Exoplanet Archive TESS FOP WG catalog snapshot (benchmarks/toi_catalog.csv, accessed 2026-09-08)",TOI 1102.01
312083267,false_positive,"TESS FOP Working Group disposition 'APC' via NASA Exoplanet Archive TESS FOP WG catalog snapshot (benchmarks/toi_catalog.csv, accessed 2026-09-08)",TOI 1327.01
312122956,false_positive,"TESS FOP Working Group disposition 'FP' via NASA Exoplanet Archive TESS FOP WG catalog snapshot (benchmarks/toi_catalog.csv, accessed 2026-09-08)",TOI 1661.01
312221462,false_positive,"TESS FOP Working Group disposition 'FP' via NASA Exoplanet Archive TESS FOP WG catalog snapshot (benchmarks/toi_catalog.csv, accessed 2026-09-08)",TOI 5133.01
312259170,false_positive,"TESS FOP Working Group disposition 'FP' via NASA Exoplanet Archive TESS FOP WG catalog snapshot (benchmarks/toi_catalog.csv, accessed 2026-09-08)",TOI 1529.01
312469860,false_positive,"TESS FOP Working Group disposition 'FP' via NASA Exoplanet Archive TESS FOP WG catalog snapshot (benchmarks/toi_catalog.csv, accessed 2026-09-08)",TOI 1530.01
312548415,false_positive,"TESS FOP Working Group disposition 'FP' via NASA Exoplanet Archive TESS FOP WG catalog snapshot (benchmarks/toi_catalog.csv, accessed 2026-09-08)",TOI 3981.01
312678993,false_positive,"TESS FOP Working Group disposition 'APC' via NASA Exoplanet Archive TESS FOP WG catalog snapshot (benchmarks/toi_catalog.csv, accessed 2026-09-08)",TOI 1531.01
31268146,false_positive,"TESS FOP Working Group disposition 'FP' via NASA Exoplanet Archive TESS FOP WG catalog snapshot (benchmarks/toi_catalog.csv, accessed 2026-09-08)",TOI 1948.01
312899686,false_positive,"TESS FOP Working Group disposition 'FP' via NASA Exoplanet Archive TESS FOP WG catalog snapshot (benchmarks/toi_catalog.csv, accessed 2026-09-08)",TOI 5266.01
313506357,false_positive,"TESS FOP Working Group disposition 'FP' via NASA Exoplanet Archive TESS FOP WG catalog snapshot (benchmarks/toi_catalog.csv, accessed 2026-09-08)",TOI 1383.01
313675203,false_positive,"TESS FOP Working Group disposition 'FP' via NASA Exoplanet Archive TESS FOP WG catalog snapshot (benchmarks/toi_catalog.csv, accessed 2026-09-08)",TOI 4367.01
313761775,false_positive,"TESS FOP Working Group disposition 'FP' via NASA Exoplanet Archive TESS FOP WG catalog snapshot (benchmarks/toi_catalog.csv, accessed 2026-09-08)",TOI 1526.01
313891529,false_positive,"TESS FOP Working Group disposition 'FP' via NASA Exoplanet Archive TESS FOP WG catalog snapshot (benchmarks/toi_catalog.csv, accessed 2026-09-08)",TOI 2424.01
314013231,false_positive,"TESS FOP Working Group disposition 'APC' via NASA Exoplanet Archive TESS FOP WG catalog snapshot (benchmarks/toi_catalog.csv, accessed 2026-09-08)",TOI 3213.01
314338017,false_positive,"TESS FOP Working Group disposition 'FP' via NASA Exoplanet Archive TESS FOP WG catalog snapshot (benchmarks/toi_catalog.csv, accessed 2026-09-08)",TOI 1524.01
314724818,false_positive,"TESS FOP Working Group disposition 'FP' via NASA Exoplanet Archive TESS FOP WG catalog snapshot (benchmarks/toi_catalog.csv, accessed 2026-09-08)",TOI 4368.01
315755496,false_positive,"TESS FOP Working Group disposition 'FP' via NASA Exoplanet Archive TESS FOP WG catalog snapshot (benchmarks/toi_catalog.csv, accessed 2026-09-08)",TOI 2053.01
316038054,false_positive,"TESS FOP Working Group disposition 'APC' via NASA Exoplanet Archive TESS FOP WG catalog snapshot (benchmarks/toi_catalog.csv, accessed 2026-09-08)",TOI 3531.01
316254876,false_positive,"TESS FOP Working Group disposition 'FP' via NASA Exoplanet Archive TESS FOP WG catalog snapshot (benchmarks/toi_catalog.csv, accessed 2026-09-08)",TOI 1575.01
316402246,false_positive,"TESS FOP Working Group disposition 'FP' via NASA Exoplanet Archive TESS FOP WG catalog snapshot (benchmarks/toi_catalog.csv, accessed 2026-09-08)",TOI 1498.01
31656385,false_positive,"TESS FOP Working Group disposition 'FP' via NASA Exoplanet Archive TESS FOP WG catalog snapshot (benchmarks/toi_catalog.csv, accessed 2026-09-08)",TOI 2360.01
316606244,false_positive,"TESS FOP Working Group disposition 'FP' via NASA Exoplanet Archive TESS FOP WG catalog snapshot (benchmarks/toi_catalog.csv, accessed 2026-09-08)",TOI 3579.01
316916655,false_positive,"TESS FOP Working Group disposition 'FP' via NASA Exoplanet Archive TESS FOP WG catalog snapshot (benchmarks/toi_catalog.csv, accessed 2026-09-08)",TOI 441.01
316937670,false_positive,"TESS FOP Working Group disposition 'FP' via NASA Exoplanet Archive TESS FOP WG catalog snapshot (benchmarks/toi_catalog.csv, accessed 2026-09-08)",TOI 221.01
31697707,false_positive,"TESS FOP Working Group disposition 'FP' via NASA Exoplanet Archive TESS FOP WG catalog snapshot (benchmarks/toi_catalog.csv, accessed 2026-09-08)",TOI 3290.01
317328621,false_positive,"TESS FOP Working Group disposition 'APC' via NASA Exoplanet Archive TESS FOP WG catalog snapshot (benchmarks/toi_catalog.csv, accessed 2026-09-08)",TOI 4709.01
317397615,false_positive,"TESS FOP Working Group disposition 'FP' via NASA Exoplanet Archive TESS FOP WG catalog snapshot (benchmarks/toi_catalog.csv, accessed 2026-09-08)",TOI 1614.01
317507345,false_positive,"TESS FOP Working Group disposition 'FP' via NASA Exoplanet Archive TESS FOP WG catalog snapshot (benchmarks/toi_catalog.csv, accessed 2026-09-08)",TOI 1615.01
317951248,false_positive,"TESS FOP Working Group disposition 'FP' via NASA Exoplanet Archive TESS FOP WG catalog snapshot (benchmarks/toi_catalog.csv, accessed 2026-09-08)",TOI 995.01
318054782,false_positive,"TESS FOP Working Group disposition 'FP' via NASA Exoplanet Archive TESS FOP WG catalog snapshot (benchmarks/toi_catalog.csv, accessed 2026-09-08)",TOI 4222.01
318209162,false_positive,"TESS FOP Working Group disposition 'FP' via NASA Exoplanet Archive TESS FOP WG catalog snapshot (benchmarks/toi_catalog.csv, accessed 2026-09-08)",TOI 5746.01
31858844,false_positive,"TESS FOP Working Group disposition 'FP' via NASA Exoplanet Archive TESS FOP WG catalog snapshot (benchmarks/toi_catalog.csv, accessed 2026-09-08)",TOI 1070.01
318608749,false_positive,"TESS FOP Working Group disposition 'FP' via NASA Exoplanet Archive TESS FOP WG catalog snapshot (benchmarks/toi_catalog.csv, accessed 2026-09-08)",TOI 1100.01
318746829,false_positive,"TESS FOP Working Group disposition 'FP' via NASA Exoplanet Archive TESS FOP WG catalog snapshot (benchmarks/toi_catalog.csv, accessed 2026-09-08)",TOI 1540.01
318937509,false_positive,"TESS FOP Working Group disposition 'APC' via NASA Exoplanet Archive TESS FOP WG catalog snapshot (benchmarks/toi_catalog.csv, accessed 2026-09-08)",TOI 516.01
319068154,false_positive,"TESS FOP Working Group disposition 'FP' via NASA Exoplanet Archive TESS FOP WG catalog snapshot (benchmarks/toi_catalog.csv, accessed 2026-09-08)",TOI 1541.01
319259194,false_positive,"TESS FOP Working Group disposition 'APC' via NASA Exoplanet Archive TESS FOP WG catalog snapshot (benchmarks/toi_catalog.csv, accessed 2026-09-08)",TOI 1220.01
319282294,false_positive,"TESS FOP Working Group disposition 'FP' via NASA Exoplanet Archive TESS FOP WG catalog snapshot (benchmarks/toi_catalog.csv, accessed 2026-09-08)",TOI 4229.01
319735319,false_positive,"TESS FOP Working Group disposition 'FP' via NASA Exoplanet Archive TESS FOP WG catalog snapshot (benchmarks/toi_catalog.csv, accessed 2026-09-08)",TOI 2779.01
319783554,false_positive,"TESS FOP Working Group disposition 'FP' via NASA Exoplanet Archive TESS FOP WG catalog snapshot (benchmarks/toi_catalog.csv, accessed 2026-09-08)",TOI 4946.01
319968129,false_positive,"TESS FOP Working Group disposition 'FP' via NASA Exoplanet Archive TESS FOP WG catalog snapshot (benchmarks/toi_catalog.csv, accessed 2026-09-08)",TOI 5070.01
320079492,false_positive,"TESS FOP Working Group disposition 'APC' via NASA Exoplanet Archive TESS FOP WG catalog snapshot (benchmarks/toi_catalog.csv, accessed 2026-09-08)",TOI 1967.01
320417762,false_positive,"TESS FOP Working Group disposition 'FA' via NASA Exoplanet Archive TESS FOP WG catalog snapshot (benchmarks/toi_catalog.csv, accessed 2026-09-08)",TOI 692.01
320506985,false_positive,"TESS FOP Working Group disposition 'FP' via NASA Exoplanet Archive TESS FOP WG catalog snapshot (benchmarks/toi_catalog.csv, accessed 2026-09-08)",TOI 1557.01
320525204,false_positive,"TESS FOP Working Group disposition 'FP' via NASA Exoplanet Archive TESS FOP WG catalog snapshot (benchmarks/toi_catalog.csv, accessed 2026-09-08)",TOI 1140.01
320536216,false_positive,"TESS FOP Working Group disposition 'FP' via NASA Exoplanet Archive TESS FOP WG catalog snapshot (benchmarks/toi_catalog.csv, accessed 2026-09-08)",TOI 986.01
321068176,false_positive,"TESS FOP Working Group disposition 'FA' via NASA Exoplanet Archive TESS FOP WG catalog snapshot (benchmarks/toi_catalog.csv, accessed 2026-09-08)",TOI 2409.01
321250206,false_positive,"TESS FOP Working Group disposition 'APC' via NASA Exoplanet Archive TESS FOP WG catalog snapshot (benchmarks/toi_catalog.csv, accessed 2026-09-08)",TOI 3786.01
321436679,false_positive,"TESS FOP Working Group disposition 'FP' via NASA Exoplanet Archive TESS FOP WG catalog snapshot (benchmarks/toi_catalog.csv, accessed 2026-09-08)",TOI 3733.01
322062001,false_positive,"TESS FOP Working Group disposition 'APC' via NASA Exoplanet Archive TESS FOP WG catalog snapshot (benchmarks/toi_catalog.csv, accessed 2026-09-08)",TOI 2055.01
322202434,false_positive,"TESS FOP Working Group disposition 'FP' via NASA Exoplanet Archive TESS FOP WG catalog snapshot (benchmarks/toi_catalog.csv, accessed 2026-09-08)",TOI 1617.01
32283946,false_positive,"TESS FOP Working Group disposition 'FP' via NASA Exoplanet Archive TESS FOP WG catalog snapshot (benchmarks/toi_catalog.csv, accessed 2026-09-08)",TOI 845.01
322862882,false_positive,"TESS FOP Working Group disposition 'FP' via NASA Exoplanet Archive TESS FOP WG catalog snapshot (benchmarks/toi_catalog.csv, accessed 2026-09-08)",TOI 3205.01
323022088,false_positive,"TESS FOP Working Group disposition 'APC' via NASA Exoplanet Archive TESS FOP WG catalog snapshot (benchmarks/toi_catalog.csv, accessed 2026-09-08)",TOI 5048.01
323658120,false_positive,"TESS FOP Working Group disposition 'FP' via NASA Exoplanet Archive TESS FOP WG catalog snapshot (benchmarks/toi_catalog.csv, accessed 2026-09-08)",TOI 5496.01
32408928,false_positive,"TESS FOP Working Group disposition 'FP' via NASA Exoplanet Archive TESS FOP WG catalog snapshot (benchmarks/toi_catalog.csv, accessed 2026-09-08)",TOI 4213.01
324395151,false_positive,"TESS FOP Working Group disposition 'FP' via NASA Exoplanet Archive TESS FOP WG catalog snapshot (benchmarks/toi_catalog.csv, accessed 2026-09-08)",TOI 1989.01
325086150,false_positive,"TESS FOP Working Group disposition 'FP' via NASA Exoplanet Archive TESS FOP WG catalog snapshot (benchmarks/toi_catalog.csv, accessed 2026-09-08)",TOI 7193.01
325172035,false_positive,"TESS FOP Working Group disposition 'FP' via NASA Exoplanet Archive TESS FOP WG catalog snapshot (benchmarks/toi_catalog.csv, accessed 2026-09-08)",TOI 1939.01
325680697,false_positive,"TESS FOP Working Group disposition 'FP' via NASA Exoplanet Archive TESS FOP WG catalog snapshot (benchmarks/toi_catalog.csv, accessed 2026-09-08)",TOI 414.01
326114850,false_positive,"TESS FOP Working Group disposition 'FP' via NASA Exoplanet Archive TESS FOP WG catalog snapshot (benchmarks/toi_catalog.csv, accessed 2026-09-08)",TOI 1504.01
326116570,false_positive,"TESS FOP Working Group disposition 'APC' via NASA Exoplanet Archive TESS FOP WG catalog snapshot (benchmarks/toi_catalog.csv, accessed 2026-09-08)",TOI 6210.01
326347927,false_positive,"TESS FOP Working Group disposition 'FP' via NASA Exoplanet Archive TESS FOP WG catalog snapshot (benchmarks/toi_catalog.csv, accessed 2026-09-08)",TOI 5260.01
326453034,false_positive,"TESS FOP Working Group disposition 'FA' via NASA Exoplanet Archive TESS FOP WG catalog snapshot (benchmarks/toi_catalog.csv, accessed 2026-09-08)",TOI 223.01
326470400,false_positive,"TESS FOP Working Group disposition 'FP' via NASA Exoplanet Archive TESS FOP WG catalog snapshot (benchmarks/toi_catalog.csv, accessed 2026-09-08)",TOI 7164.01
326732851,false_positive,"TESS FOP Working Group disposition 'FP' via NASA Exoplanet Archive TESS FOP WG catalog snapshot (benchmarks/toi_catalog.csv, accessed 2026-09-08)",TOI 2058.01
326919774,false_positive,"TESS FOP Working Group disposition 'FP' via NASA Exoplanet Archive TESS FOP WG catalog snapshot (benchmarks/toi_catalog.csv, accessed 2026-09-08)",TOI 1552.01
327011842,false_positive,"TESS FOP Working Group disposition 'FP' via NASA Exoplanet Archive TESS FOP WG catalog snapshot (benchmarks/toi_catalog.csv, accessed 2026-09-08)",TOI 1576.01
327017634,false_positive,"TESS FOP Working Group disposition 'FP' via NASA Exoplanet Archive TESS FOP WG catalog snapshot (benchmarks/toi_catalog.csv, accessed 2026-09-08)",TOI 1202.01
327210623,false_positive,"TESS FOP Working Group disposition 'FP' via NASA Exoplanet Archive TESS FOP WG catalog snapshot (benchmarks/toi_catalog.csv, accessed 2026-09-08)",TOI 3313.01
327341626,false_positive,"TESS FOP Working Group disposition 'APC' via NASA Exoplanet Archive TESS FOP WG catalog snapshot (benchmarks/toi_catalog.csv, accessed 2026-09-08)",TOI 1553.01
327577308,false_positive,"TESS FOP Working Group disposition 'FP' via NASA Exoplanet Archive TESS FOP WG catalog snapshot (benchmarks/toi_catalog.csv, accessed 2026-09-08)",TOI 2061.01
327663613,false_positive,"TESS FOP Working Group disposition 'FP' via NASA Exoplanet Archive TESS FOP WG catalog snapshot (benchmarks/toi_catalog.csv, accessed 2026-09-08)",TOI 1950.01
328167090,false_positive,"TESS FOP Working Group disposition 'FP' via NASA Exoplanet Archive TESS FOP WG catalog snapshot (benchmarks/toi_catalog.csv, accessed 2026-09-08)",TOI 1384.01
32830028,false_positive,"TESS FOP Working Group disposition 'FP' via NASA Exoplanet Archive TESS FOP WG catalog snapshot (benchmarks/toi_catalog.csv, accessed 2026-09-08)",TOI 549.01
328325110,false_positive,"TESS FOP Working Group disposition 'APC' via NASA Exoplanet Archive TESS FOP WG catalog snapshot (benchmarks/toi_catalog.csv, accessed 2026-09-08)",TOI 5379.01
328350926,false_positive,"TESS FOP Working Group disposition 'APC' via NASA Exoplanet Archive TESS FOP WG catalog snapshot (benchmarks/toi_catalog.csv, accessed 2026-09-08)",TOI 392.01
328750515,false_positive,"TESS FOP Working Group disposition 'FP' via NASA Exoplanet Archive TESS FOP WG catalog snapshot (benchmarks/toi_catalog.csv, accessed 2026-09-08)",TOI 1403.01
329145325,false_positive,"TESS FOP Working Group disposition 'FP' via NASA Exoplanet Archive TESS FOP WG catalog snapshot (benchmarks/toi_catalog.csv, accessed 2026-09-08)",TOI 1501.01
329277372,false_positive,"TESS FOP Working Group disposition 'FP' via NASA Exoplanet Archive TESS FOP WG catalog snapshot (benchmarks/toi_catalog.csv, accessed 2026-09-08)",TOI 1421.01
329709756,false_positive,"TESS FOP Working Group disposition 'FP' via NASA Exoplanet Archive TESS FOP WG catalog snapshot (benchmarks/toi_catalog.csv, accessed 2026-09-08)",TOI 5915.01
329864959,false_positive,"TESS FOP Working Group disposition 'FP' via NASA Exoplanet Archive TESS FOP WG catalog snapshot (benchmarks/toi_catalog.csv, accessed 2026-09-08)",TOI 1385.01
329888006,false_positive,"TESS FOP Working Group disposition 'APC' via NASA Exoplanet Archive TESS FOP WG catalog snapshot (benchmarks/toi_catalog.csv, accessed 2026-09-08)",TOI 1976.01
330332501,false_positive,"TESS FOP Working Group disposition 'FP' via NASA Exoplanet Archive TESS FOP WG catalog snapshot (benchmarks/toi_catalog.csv, accessed 2026-09-08)",TOI 1328.01
330468175,false_positive,"TESS FOP Working Group disposition 'FP' via NASA Exoplanet Archive TESS FOP WG catalog snapshot (benchmarks/toi_catalog.csv, accessed 2026-09-08)",TOI 1360.01
33091633,false_positive,"TESS FOP Working Group disposition 'FP' via NASA Exoplanet Archive TESS FOP WG catalog snapshot (benchmarks/toi_catalog.csv, accessed 2026-09-08)",TOI 984.01
331034236,false_positive,"TESS FOP Working Group disposition 'FP' via NASA Exoplanet Archive TESS FOP WG catalog snapshot (benchmarks/toi_catalog.csv, accessed 2026-09-08)",TOI 1505.01
331484419,false_positive,"TESS FOP Working Group disposition 'FP' via NASA Exoplanet Archive TESS FOP WG catalog snapshot (benchmarks/toi_catalog.csv, accessed 2026-09-08)",TOI 5811.01
33153766,false_positive,"TESS FOP Working Group disposition 'FP' via NASA Exoplanet Archive TESS FOP WG catalog snapshot (benchmarks/toi_catalog.csv, accessed 2026-09-08)",TOI 653.01
332154944,false_positive,"TESS FOP Working Group disposition 'FP' via NASA Exoplanet Archive TESS FOP WG catalog snapshot (benchmarks/toi_catalog.csv, accessed 2026-09-08)",TOI 1577.01
332630868,false_positive,"TESS FOP Working Group disposition 'FP' via NASA Exoplanet Archive TESS FOP WG catalog snapshot (benchmarks/toi_catalog.csv, accessed 2026-09-08)",TOI 4827.01
332660287,false_positive,"TESS FOP Working Group disposition 'FP' via NASA Exoplanet Archive TESS FOP WG catalog snapshot (benchmarks/toi_catalog.csv, accessed 2026-09-08)",TOI 2713.01
33303538,false_positive,"TESS FOP Working Group disposition 'APC' via NASA Exoplanet Archive TESS FOP WG catalog snapshot (benchmarks/toi_catalog.csv, accessed 2026-09-08)",TOI 6272.01
333607525,false_positive,"TESS FOP Working Group disposition 'APC' via NASA Exoplanet Archive TESS FOP WG catalog snapshot (benchmarks/toi_catalog.csv, accessed 2026-09-08)",TOI 890.01
333734769,false_positive,"TESS FOP Working Group disposition 'APC' via NASA Exoplanet Archive TESS FOP WG catalog snapshot (benchmarks/toi_catalog.csv, accessed 2026-09-08)",TOI 2396.01
333821572,false_positive,"TESS FOP Working Group disposition 'FP' via NASA Exoplanet Archive TESS FOP WG catalog snapshot (benchmarks/toi_catalog.csv, accessed 2026-09-08)",TOI 974.01
334597566,false_positive,"TESS FOP Working Group disposition 'FP' via NASA Exoplanet Archive TESS FOP WG catalog snapshot (benchmarks/toi_catalog.csv, accessed 2026-09-08)",TOI 6020.01
334911765,false_positive,"TESS FOP Working Group disposition 'FP' via NASA Exoplanet Archive TESS FOP WG catalog snapshot (benchmarks/toi_catalog.csv, accessed 2026-09-08)",TOI 1956.01
335483600,false_positive,"TESS FOP Working Group disposition 'FP' via NASA Exoplanet Archive TESS FOP WG catalog snapshot (benchmarks/toi_catalog.csv, accessed 2026-09-08)",TOI 1480.01
335489455,false_positive,"TESS FOP Working Group disposition 'FP' via NASA Exoplanet Archive TESS FOP WG catalog snapshot (benchmarks/toi_catalog.csv, accessed 2026-09-08)",TOI 3948.01
335499997,false_positive,"TESS FOP Working Group disposition 'APC' via NASA Exoplanet Archive TESS FOP WG catalog snapshot (benchmarks/toi_catalog.csv, accessed 2026-09-08)",TOI 680.01
335996558,false_positive,"TESS FOP Working Group disposition 'FP' via NASA Exoplanet Archive TESS FOP WG catalog snapshot (benchmarks/toi_catalog.csv, accessed 2026-09-08)",TOI 2027.01
336267424,false_positive,"TESS FOP Working Group disposition 'FP' via NASA Exoplanet Archive TESS FOP WG catalog snapshot (benchmarks/toi_catalog.csv, accessed 2026-09-08)",TOI 2138.01
336456596,false_positive,"TESS FOP Working Group disposition 'FP' via NASA Exoplanet Archive TESS FOP WG catalog snapshot (benchmarks/toi_catalog.csv, accessed 2026-09-08)",TOI 2028.01
336740528,false_positive,"TESS FOP Working Group disposition 'APC' via NASA Exoplanet Archive TESS FOP WG catalog snapshot (benchmarks/toi_catalog.csv, accessed 2026-09-08)",TOI 1352.01
33690636,false_positive,"TESS FOP Working Group disposition 'FP' via NASA Exoplanet Archive TESS FOP WG catalog snapshot (benchmarks/toi_catalog.csv, accessed 2026-09-08)",TOI 891.01
337129672,false_positive,"TESS FOP Working Group disposition 'FP' via NASA Exoplanet Archive TESS FOP WG catalog snapshot (benchmarks/toi_catalog.csv, accessed 2026-09-08)",TOI 4635.01
337274055,false_positive,"TESS FOP Working Group disposition 'FP' via NASA Exoplanet Archive TESS FOP WG catalog snapshot (benchmarks/toi_catalog.csv, accessed 2026-09-08)",TOI 3311.01
33878688,false_positive,"TESS FOP Working Group disposition 'FP' via NASA Exoplanet Archive TESS FOP WG catalog snapshot (benchmarks/toi_catalog.csv, accessed 2026-09-08)",TOI 1210.01
339250695,false_positive,"TESS FOP Working Group disposition 'FP' via NASA Exoplanet Archive TESS FOP WG catalog snapshot (benchmarks/toi_catalog.csv, accessed 2026-09-08)",TOI 3725.01
339538183,false_positive,"TESS FOP Working Group disposition 'FP' via NASA Exoplanet Archive TESS FOP WG catalog snapshot (benchmarks/toi_catalog.csv, accessed 2026-09-08)",TOI 1662.01
339591840,false_positive,"TESS FOP Working Group disposition 'FP' via NASA Exoplanet Archive TESS FOP WG catalog snapshot (benchmarks/toi_catalog.csv, accessed 2026-09-08)",TOI 6092.01
339636032,false_positive,"TESS FOP Working Group disposition 'FP' via NASA Exoplanet Archive TESS FOP WG catalog snapshot (benchmarks/toi_catalog.csv, accessed 2026-09-08)",TOI 688.01
339733013,false_positive,"TESS FOP Working Group disposition 'FP' via NASA Exoplanet Archive TESS FOP WG catalog snapshot (benchmarks/toi_catalog.csv, accessed 2026-09-08)",TOI 417.01
340700241,false_positive,"TESS FOP Working Group disposition 'FP' via NASA Exoplanet Archive TESS FOP WG catalog snapshot (benchmarks/toi_catalog.csv, accessed 2026-09-08)",TOI 2944.01
341186896,false_positive,"TESS FOP Working Group disposition 'FP' via NASA Exoplanet Archive TESS FOP WG catalog snapshot (benchmarks/toi_catalog.csv, accessed 2026-09-08)",TOI 999.01
341272282,false_positive,"TESS FOP Working Group disposition 'FP' via NASA Exoplanet Archive TESS FOP WG catalog snapshot (benchmarks/toi_catalog.csv, accessed 2026-09-08)",TOI 4268.01
341297143,false_positive,"TESS FOP Working Group disposition 'FP' via NASA Exoplanet Archive TESS FOP WG catalog snapshot (benchmarks/toi_catalog.csv, accessed 2026-09-08)",TOI 5866.01
341419787,false_positive,"TESS FOP Working Group disposition 'FP' via NASA Exoplanet Archive TESS FOP WG catalog snapshot (benchmarks/toi_catalog.csv, accessed 2026-09-08)",TOI 2544.01
341444900,false_positive,"TESS FOP Working Group disposition 'FP' via NASA Exoplanet Archive TESS FOP WG catalog snapshot (benchmarks/toi_catalog.csv, accessed 2026-09-08)",TOI 6023.01
341544930,false_positive,"TESS FOP Working Group disposition 'FP' via NASA Exoplanet Archive TESS FOP WG catalog snapshot (benchmarks/toi_catalog.csv, accessed 2026-09-08)",TOI 1182.01
341729521,false_positive,"TESS FOP Working Group disposition 'FP' via NASA Exoplanet Archive TESS FOP WG catalog snapshot (benchmarks/toi_catalog.csv, accessed 2026-09-08)",TOI 997.01
341805908,false_positive,"TESS FOP Working Group disposition 'FP' via NASA Exoplanet Archive TESS FOP WG catalog snapshot (benchmarks/toi_catalog.csv, accessed 2026-09-08)",TOI 4394.01
341815767,false_positive,"TESS FOP Working Group disposition 'FA' via NASA Exoplanet Archive TESS FOP WG catalog snapshot (benchmarks/toi_catalog.csv, accessed 2026-09-08)",TOI 1819.01
342343963,false_positive,"TESS FOP Working Group disposition 'APC' via NASA Exoplanet Archive TESS FOP WG catalog snapshot (benchmarks/toi_catalog.csv, accessed 2026-09-08)",TOI 3360.01
343442463,false_positive,"TESS FOP Working Group disposition 'FP' via NASA Exoplanet Archive TESS FOP WG catalog snapshot (benchmarks/toi_catalog.csv, accessed 2026-09-08)",TOI 1387.01
343648136,false_positive,"TESS FOP Working Group disposition 'FA' via NASA Exoplanet Archive TESS FOP WG catalog snapshot (benchmarks/toi_catalog.csv, accessed 2026-09-08)",TOI 1088.01
343708863,false_positive,"TESS FOP Working Group disposition 'FP' via NASA Exoplanet Archive TESS FOP WG catalog snapshot (benchmarks/toi_catalog.csv, accessed 2026-09-08)",TOI 4375.01
343717397,false_positive,"TESS FOP Working Group disposition 'APC' via NASA Exoplanet Archive TESS FOP WG catalog snapshot (benchmarks/toi_catalog.csv, accessed 2026-09-08)",TOI 6747.01
344085117,false_positive,"TESS FOP Working Group disposition 'FP' via NASA Exoplanet Archive TESS FOP WG catalog snapshot (benchmarks/toi_catalog.csv, accessed 2026-09-08)",TOI 2365.01
344224831,false_positive,"TESS FOP Working Group disposition 'FP' via NASA Exoplanet Archive TESS FOP WG catalog snapshot (benchmarks/toi_catalog.csv, accessed 2026-09-08)",TOI 6866.01
344416349,false_positive,"TESS FOP Working Group disposition 'FP' via NASA Exoplanet Archive TESS FOP WG catalog snapshot (benchmarks/toi_catalog.csv, accessed 2026-09-08)",TOI 7220.01
344600402,false_positive,"TESS FOP Working Group disposition 'FP' via NASA Exoplanet Archive TESS FOP WG catalog snapshot (benchmarks/toi_catalog.csv, accessed 2026-09-08)",TOI 4423.01
34466256,false_positive,"TESS FOP Working Group disposition 'FP' via NASA Exoplanet Archive TESS FOP WG catalog snapshot (benchmarks/toi_catalog.csv, accessed 2026-09-08)",TOI 2732.01
344926234,false_positive,"TESS FOP Working Group disposition 'FA' via NASA Exoplanet Archive TESS FOP WG catalog snapshot (benchmarks/toi_catalog.csv, accessed 2026-09-08)",TOI 634.01
34505005,false_positive,"TESS FOP Working Group disposition 'FP' via NASA Exoplanet Archive TESS FOP WG catalog snapshot (benchmarks/toi_catalog.csv, accessed 2026-09-08)",TOI 2999.01
345333936,false_positive,"TESS FOP Working Group disposition 'FP' via NASA Exoplanet Archive TESS FOP WG catalog snapshot (benchmarks/toi_catalog.csv, accessed 2026-09-08)",TOI 6186.01
34551972,false_positive,"TESS FOP Working Group disposition 'FP' via NASA Exoplanet Archive TESS FOP WG catalog snapshot (benchmarks/toi_catalog.csv, accessed 2026-09-08)",TOI 3678.01
345724317,false_positive,"TESS FOP Working Group disposition 'FP' via NASA Exoplanet Archive TESS FOP WG catalog snapshot (benchmarks/toi_catalog.csv, accessed 2026-09-08)",TOI 7042.01
345996087,false_positive,"TESS FOP Working Group disposition 'FP' via NASA Exoplanet Archive TESS FOP WG catalog snapshot (benchmarks/toi_catalog.csv, accessed 2026-09-08)",TOI 1329.01
346418409,false_positive,"TESS FOP Working Group disposition 'FP' via NASA Exoplanet Archive TESS FOP WG catalog snapshot (benchmarks/toi_catalog.csv, accessed 2026-09-08)",TOI 1423.01
347011522,false_positive,"TESS FOP Working Group disposition 'FP' via NASA Exoplanet Archive TESS FOP WG catalog snapshot (benchmarks/toi_catalog.csv, accessed 2026-09-08)",TOI 3996.01
347018922,false_positive,"TESS FOP Working Group disposition 'FP' via NASA Exoplanet Archive TESS FOP WG catalog snapshot (benchmarks/toi_catalog.csv, accessed 2026-09-08)",TOI 7431.01
347098457,false_positive,"TESS FOP Working Group disposition 'FP' via NASA Exoplanet Archive TESS FOP WG catalog snapshot (benchmarks/toi_catalog.csv, accessed 2026-09-08)",TOI 976.01
347210614,false_positive,"TESS FOP Working Group disposition 'APC' via NASA Exoplanet Archive TESS FOP WG catalog snapshot (benchmarks/toi_catalog.csv, accessed 2026-09-08)",TOI 3995.01
347442932,false_positive,"TESS FOP Working Group disposition 'FP' via NASA Exoplanet Archive TESS FOP WG catalog snapshot (benchmarks/toi_catalog.csv, accessed 2026-09-08)",TOI 6447.01
347538174,false_positive,"TESS FOP Working Group disposition 'APC' via NASA Exoplanet Archive TESS FOP WG catalog snapshot (benchmarks/toi_catalog.csv, accessed 2026-09-08)",TOI 2108.01
348054109,false_positive,"TESS FOP Working Group disposition 'FP' via NASA Exoplanet Archive TESS FOP WG catalog snapshot (benchmarks/toi_catalog.csv, accessed 2026-09-08)",TOI 5976.01
348099535,false_positive,"TESS FOP Working Group disposition 'APC' via NASA Exoplanet Archive TESS FOP WG catalog snapshot (benchmarks/toi_catalog.csv, accessed 2026-09-08)",TOI 3717.01
348135793,false_positive,"TESS FOP Working Group disposition 'FP' via NASA Exoplanet Archive TESS FOP WG catalog snapshot (benchmarks/toi_catalog.csv, accessed 2026-09-08)",TOI 1578.01
348673213,false_positive,"TESS FOP Working Group disposition 'FP' via NASA Exoplanet Archive TESS FOP WG catalog snapshot (benchmarks/toi_catalog.csv, accessed 2026-09-08)",TOI 1639.01
348684813,false_positive,"TESS FOP Working Group disposition 'FP' via NASA Exoplanet Archive TESS FOP WG catalog snapshot (benchmarks/toi_catalog.csv, accessed 2026-09-08)",TOI 2667.01
348755723,false_positive,"TESS FOP Working Group disposition 'FP' via NASA Exoplanet Archive TESS FOP WG catalog snapshot (benchmarks/toi_catalog.csv, accessed 2026-09-08)",TOI 633.01
348844154,false_positive,"TESS FOP Working Group disposition 'FP' via NASA Exoplanet Archive TESS FOP WG catalog snapshot (benchmarks/toi_catalog.csv, accessed 2026-09-08)",TOI 916.01
348995212,false_positive,"TESS FOP Working Group disposition 'APC' via NASA Exoplanet Archive TESS FOP WG catalog snapshot (benchmarks/toi_catalog.csv, accessed 2026-09-08)",TOI 2218.01
349088467,false_positive,"TESS FOP Working Group disposition 'APC' via NASA Exoplanet Archive TESS FOP WG catalog snapshot (benchmarks/toi_catalog.csv, accessed 2026-09-08)",TOI 1987.01
349373192,false_positive,"TESS FOP Working Group disposition 'FP' via NASA Exoplanet Archive TESS FOP WG catalog snapshot (benchmarks/toi_catalog.csv, accessed 2026-09-08)",TOI 650.01
349408306,false_positive,"TESS FOP Working Group disposition 'APC' via NASA Exoplanet Archive TESS FOP WG catalog snapshot (benchmarks/toi_catalog.csv, accessed 2026-09-08)",TOI 2637.01
349518800,false_positive,"TESS FOP Working Group disposition 'APC' via NASA Exoplanet Archive TESS FOP WG catalog snapshot (benchmarks/toi_catalog.csv, accessed 2026-09-08)",TOI 407.01
349786918,false_positive,"TESS FOP Working Group disposition 'FP' via NASA Exoplanet Archive TESS FOP WG catalog snapshot (benchmarks/toi_catalog.csv, accessed 2026-09-08)",TOI 2246.01
349790953,false_positive,"TESS FOP Working Group disposition 'FP' via NASA Exoplanet Archive TESS FOP WG catalog snapshot (benchmarks/toi_catalog.csv, accessed 2026-09-08)",TOI 632.01
349966879,false_positive,"TESS FOP Working Group disposition 'APC' via NASA Exoplanet Archive TESS FOP WG catalog snapshot (benchmarks/toi_catalog.csv, accessed 2026-09-08)",TOI 2646.01
350044062,false_positive,"TESS FOP Working Group disposition 'FP' via NASA Exoplanet Archive TESS FOP WG catalog snapshot (benchmarks/toi_catalog.csv, accessed 2026-09-08)",TOI 5503.01
350132371,false_positive,"TESS FOP Working Group disposition 'APC' via NASA Exoplanet Archive TESS FOP WG catalog snapshot (benchmarks/toi_catalog.csv, accessed 2026-09-08)",TOI 1425.01
350332997,false_positive,"TESS FOP Working Group disposition 'FP' via NASA Exoplanet Archive TESS FOP WG catalog snapshot (benchmarks/toi_catalog.csv, accessed 2026-09-08)",TOI 832.01
350445771,false_positive,"TESS FOP Working Group disposition 'FP' via NASA Exoplanet Archive TESS FOP WG catalog snapshot (benchmarks/toi_catalog.csv, accessed 2026-09-08)",TOI 258.01
350743714,false_positive,"TESS FOP Working Group disposition 'FP' via NASA Exoplanet Archive TESS FOP WG catalog snapshot (benchmarks/toi_catalog.csv, accessed 2026-09-08)",TOI 165.01
350995812,false_positive,"TESS FOP Working Group disposition 'FP' via NASA Exoplanet Archive TESS FOP WG catalog snapshot (benchmarks/toi_catalog.csv, accessed 2026-09-08)",TOI 1145.01
352924930,false_positive,"TESS FOP Working Group disposition 'FP' via NASA Exoplanet Archive TESS FOP WG catalog snapshot (benchmarks/toi_catalog.csv, accessed 2026-09-08)",TOI 6037.01
35315453,false_positive,"TESS FOP Working Group disposition 'FP' via NASA Exoplanet Archive TESS FOP WG catalog snapshot (benchmarks/toi_catalog.csv, accessed 2026-09-08)",TOI 4412.01
353225230,false_positive,"TESS FOP Working Group disposition 'APC' via NASA Exoplanet Archive TESS FOP WG catalog snapshot (benchmarks/toi_catalog.csv, accessed 2026-09-08)",TOI 5766.01
353367071,false_positive,"TESS FOP Working Group disposition 'FP' via NASA Exoplanet Archive TESS FOP WG catalog snapshot (benchmarks/toi_catalog.csv, accessed 2026-09-08)",TOI 1663.01
353586703,false_positive,"TESS FOP Working Group disposition 'FP' via NASA Exoplanet Archive TESS FOP WG catalog snapshot (benchmarks/toi_catalog.csv, accessed 2026-09-08)",TOI 6398.01
35377903,false_positive,"TESS FOP Working Group disposition 'FP' via NASA Exoplanet Archive TESS FOP WG catalog snapshot (benchmarks/toi_catalog.csv, accessed 2026-09-08)",TOI 6693.01
354006740,false_positive,"TESS FOP Working Group disposition 'FP' via NASA Exoplanet Archive TESS FOP WG catalog snapshot (benchmarks/toi_catalog.csv, accessed 2026-09-08)",TOI 1665.01
354151219,false_positive,"TESS FOP Working Group disposition 'FP' via NASA Exoplanet Archive TESS FOP WG catalog snapshot (benchmarks/toi_catalog.csv, accessed 2026-09-08)",TOI 3663.01
354285962,false_positive,"TESS FOP Working Group disposition 'FP' via NASA Exoplanet Archive TESS FOP WG catalog snapshot (benchmarks/toi_catalog.csv, accessed 2026-09-08)",TOI 6286.01
354400186,false_positive,"TESS FOP Working Group disposition 'FP' via NASA Exoplanet Archive TESS FOP WG catalog snapshot (benchmarks/toi_catalog.csv, accessed 2026-09-08)",TOI 1579.01
354442783,false_positive,"TESS FOP Working Group disposition 'FP' via NASA Exoplanet Archive TESS FOP WG catalog snapshot (benchmarks/toi_catalog.csv, accessed 2026-09-08)",TOI 3712.01
354518617,false_positive,"TESS FOP Working Group disposition 'APC' via NASA Exoplanet Archive TESS FOP WG catalog snapshot (benchmarks/toi_catalog.csv, accessed 2026-09-08)",TOI 2540.02
354594208,false_positive,"TESS FOP Working Group disposition 'FP' via NASA Exoplanet Archive TESS FOP WG catalog snapshot (benchmarks/toi_catalog.csv, accessed 2026-09-08)",TOI 1492.01
354600221,false_positive,"TESS FOP Working Group disposition 'FP' via NASA Exoplanet Archive TESS FOP WG catalog snapshot (benchmarks/toi_catalog.csv, accessed 2026-09-08)",TOI 1534.01
355600246,false_positive,"TESS FOP Working Group disposition 'APC' via NASA Exoplanet Archive TESS FOP WG catalog snapshot (benchmarks/toi_catalog.csv, accessed 2026-09-08)",TOI 2203.01
355636844,false_positive,"TESS FOP Working Group disposition 'FP' via NASA Exoplanet Archive TESS FOP WG catalog snapshot (benchmarks/toi_catalog.csv, accessed 2026-09-08)",TOI 146.01
355637190,false_positive,"TESS FOP Working Group disposition 'APC' via NASA Exoplanet Archive TESS FOP WG catalog snapshot (benchmarks/toi_catalog.csv, accessed 2026-09-08)",TOI 293.01
355732304,false_positive,"TESS FOP Working Group disposition 'FP' via NASA Exoplanet Archive TESS FOP WG catalog snapshot (benchmarks/toi_catalog.csv, accessed 2026-09-08)",TOI 5839.01
356158613,false_positive,"TESS FOP Working Group disposition 'FA' via NASA Exoplanet Archive TESS FOP WG catalog snapshot (benchmarks/toi_catalog.csv, accessed 2026-09-08)",TOI 1449.01
356235833,false_positive,"TESS FOP Working Group disposition 'FP' via NASA Exoplanet Archive TESS FOP WG catalog snapshot (benchmarks/toi_catalog.csv, accessed 2026-09-08)",TOI 2111.01
356453768,false_positive,"TESS FOP Working Group disposition 'FP' via NASA Exoplanet Archive TESS FOP WG catalog snapshot (benchmarks/toi_catalog.csv, accessed 2026-09-08)",TOI 2002.01
356461227,false_positive,"TESS FOP Working Group disposition 'FP' via NASA Exoplanet Archive TESS FOP WG catalog snapshot (benchmarks/toi_catalog.csv, accessed 2026-09-08)",TOI 3011.01
356539624,false_positive,"TESS FOP Working Group disposition 'APC' via NASA Exoplanet Archive TESS FOP WG catalog snapshot (benchmarks/toi_catalog.csv, accessed 2026-09-08)",TOI 3833.01
356710041,false_positive,"TESS FOP Working Group disposition 'APC' via NASA Exoplanet Archive TESS FOP WG catalog snapshot (benchmarks/toi_catalog.csv, accessed 2026-09-08)",TOI 2065.01
356868487,false_positive,"TESS FOP Working Group disposition 'FP' via NASA Exoplanet Archive TESS FOP WG catalog snapshot (benchmarks/toi_catalog.csv, accessed 2026-09-08)",TOI 4591.01
356919658,false_positive,"TESS FOP Working Group disposition 'FP' via NASA Exoplanet Archive TESS FOP WG catalog snapshot (benchmarks/toi_catalog.csv, accessed 2026-09-08)",TOI 1863.01
356978132,false_positive,"TESS FOP Working Group disposition 'APC' via NASA Exoplanet Archive TESS FOP WG catalog snapshot (benchmarks/toi_catalog.csv, accessed 2026-09-08)",TOI 1755.01
357416482,false_positive,"TESS FOP Working Group disposition 'FP' via NASA Exoplanet Archive TESS FOP WG catalog snapshot (benchmarks/toi_catalog.csv, accessed 2026-09-08)",TOI 2017.01
357457104,false_positive,"TESS FOP Working Group disposition 'FP' via NASA Exoplanet Archive TESS FOP WG catalog snapshot (benchmarks/toi_catalog.csv, accessed 2026-09-08)",TOI 1330.01
357536526,false_positive,"TESS FOP Working Group disposition 'FP' via NASA Exoplanet Archive TESS FOP WG catalog snapshot (benchmarks/toi_catalog.csv, accessed 2026-09-08)",TOI 1945.01
357538688,false_positive,"TESS FOP Working Group disposition 'FP' via NASA Exoplanet Archive TESS FOP WG catalog snapshot (benchmarks/toi_catalog.csv, accessed 2026-09-08)",TOI 3044.01
357972447,false_positive,"TESS FOP Working Group disposition 'FP' via NASA Exoplanet Archive TESS FOP WG catalog snapshot (benchmarks/toi_catalog.csv, accessed 2026-09-08)",TOI 1357.01
358072664,false_positive,"TESS FOP Working Group disposition 'FP' via NASA Exoplanet Archive TESS FOP WG catalog snapshot (benchmarks/toi_catalog.csv, accessed 2026-09-08)",TOI 4902.01
358186451,false_positive,"TESS FOP Working Group disposition 'FP' via NASA Exoplanet Archive TESS FOP WG catalog snapshot (benchmarks/toi_catalog.csv, accessed 2026-09-08)",TOI 3578.01
358631536,false_positive,"TESS FOP Working Group disposition 'FP' via NASA Exoplanet Archive TESS FOP WG catalog snapshot (benchmarks/toi_catalog.csv, accessed 2026-09-08)",TOI 1343.01
35883621,false_positive,"TESS FOP Working Group disposition 'FP' via NASA Exoplanet Archive TESS FOP WG catalog snapshot (benchmarks/toi_catalog.csv, accessed 2026-09-08)",TOI 6094.01
358938714,false_positive,"TESS FOP Working Group disposition 'APC' via NASA Exoplanet Archive TESS FOP WG catalog snapshot (benchmarks/toi_catalog.csv, accessed 2026-09-08)",TOI 3455.01
359496368,false_positive,"TESS FOP Working Group disposition 'FP' via NASA Exoplanet Archive TESS FOP WG catalog snapshot (benchmarks/toi_catalog.csv, accessed 2026-09-08)",TOI 1178.01
360286627,false_positive,"TESS FOP Working Group disposition 'FP' via NASA Exoplanet Archive TESS FOP WG catalog snapshot (benchmarks/toi_catalog.csv, accessed 2026-09-08)",TOI 1042.01
360816293,false_positive,"TESS FOP Working Group disposition 'FP' via NASA Exoplanet Archive TESS FOP WG catalog snapshot (benchmarks/toi_catalog.csv, accessed 2026-09-08)",TOI 3146.01
361034196,false_positive,"TESS FOP Working Group disposition 'FP' via NASA Exoplanet Archive TESS FOP WG catalog snapshot (benchmarks/toi_catalog.csv, accessed 2026-09-08)",TOI 1090.01
361944563,false_positive,"TESS FOP Working Group disposition 'APC' via NASA Exoplanet Archive TESS FOP WG catalog snapshot (benchmarks/toi_catalog.csv, accessed 2026-09-08)",TOI 7115.01
361998994,false_positive,"TESS FOP Working Group disposition 'FP' via NASA Exoplanet Archive TESS FOP WG catalog snapshot (benchmarks/toi_catalog.csv, accessed 2026-09-08)",TOI 3189.01
362220495,false_positive,"TESS FOP Working Group disposition 'FA' via NASA Exoplanet Archive TESS FOP WG catalog snapshot (benchmarks/toi_catalog.csv, accessed 2026-09-08)",TOI 2299.01
363260203,false_positive,"TESS FOP Working Group disposition 'FP' via NASA Exoplanet Archive TESS FOP WG catalog snapshot (benchmarks/toi_catalog.csv, accessed 2026-09-08)",TOI 1037.01
363635669,false_positive,"TESS FOP Working Group disposition 'FP' via NASA Exoplanet Archive TESS FOP WG catalog snapshot (benchmarks/toi_catalog.csv, accessed 2026-09-08)",TOI 4275.01
363761216,false_positive,"TESS FOP Working Group disposition 'FP' via NASA Exoplanet Archive TESS FOP WG catalog snapshot (benchmarks/toi_catalog.csv, accessed 2026-09-08)",TOI 2047.01
364075352,false_positive,"TESS FOP Working Group disposition 'FP' via NASA Exoplanet Archive TESS FOP WG catalog snapshot (benchmarks/toi_catalog.csv, accessed 2026-09-08)",TOI 2168.01
364107753,false_positive,"TESS FOP Working Group disposition 'FP' via NASA Exoplanet Archive TESS FOP WG catalog snapshot (benchmarks/toi_catalog.csv, accessed 2026-09-08)",TOI 909.01
364408162,false_positive,"TESS FOP Working Group disposition 'FP' via NASA Exoplanet Archive TESS FOP WG catalog snapshot (benchmarks/toi_catalog.csv, accessed 2026-09-08)",TOI 6116.01
364571121,false_positive,"TESS FOP Working Group disposition 'APC' via NASA Exoplanet Archive TESS FOP WG catalog snapshot (benchmarks/toi_catalog.csv, accessed 2026-09-08)",TOI 7085.01
365389353,false_positive,"TESS FOP Working Group disposition 'FP' via NASA Exoplanet Archive TESS FOP WG catalog snapshot (benchmarks/toi_catalog.csv, accessed 2026-09-08)",TOI 1390.01
365554300,false_positive,"TESS FOP Working Group disposition 'APC' via NASA Exoplanet Archive TESS FOP WG catalog snapshot (benchmarks/toi_catalog.csv, accessed 2026-09-08)",TOI 3308.01
365639282,false_positive,"TESS FOP Working Group disposition 'FP' via NASA Exoplanet Archive TESS FOP WG catalog snapshot (benchmarks/toi_catalog.csv, accessed 2026-09-08)",TOI 482.01
365683032,false_positive,"TESS FOP Working Group disposition 'FP' via NASA Exoplanet Archive TESS FOP WG catalog snapshot (benchmarks/toi_catalog.csv, accessed 2026-09-08)",TOI 1354.01
365690646,false_positive,"TESS FOP Working Group disposition 'FA' via NASA Exoplanet Archive TESS FOP WG catalog snapshot (benchmarks/toi_catalog.csv, accessed 2026-09-08)",TOI 524.01
365712006,false_positive,"TESS FOP Working Group disposition 'FP' via NASA Exoplanet Archive TESS FOP WG catalog snapshot (benchmarks/toi_catalog.csv, accessed 2026-09-08)",TOI 7114.01
36574157,false_positive,"TESS FOP Working Group disposition 'FP' via NASA Exoplanet Archive TESS FOP WG catalog snapshot (benchmarks/toi_catalog.csv, accessed 2026-09-08)",TOI 2775.01
365781372,false_positive,"TESS FOP Working Group disposition 'FP' via NASA Exoplanet Archive TESS FOP WG catalog snapshot (benchmarks/toi_catalog.csv, accessed 2026-09-08)",TOI 627.01
365952328,false_positive,"TESS FOP Working Group disposition 'FP' via NASA Exoplanet Archive TESS FOP WG catalog snapshot (benchmarks/toi_catalog.csv, accessed 2026-09-08)",TOI 6768.01
366074069,false_positive,"TESS FOP Working Group disposition 'FP' via NASA Exoplanet Archive TESS FOP WG catalog snapshot (benchmarks/toi_catalog.csv, accessed 2026-09-08)",TOI 1521.01
366409685,false_positive,"TESS FOP Working Group disposition 'APC' via NASA Exoplanet Archive TESS FOP WG catalog snapshot (benchmarks/toi_catalog.csv, accessed 2026-09-08)",TOI 5522.01
366443576,false_positive,"TESS FOP Working Group disposition 'APC' via NASA Exoplanet Archive TESS FOP WG catalog snapshot (benchmarks/toi_catalog.csv, accessed 2026-09-08)",TOI 5103.01
366563452,false_positive,"TESS FOP Working Group disposition 'FP' via NASA Exoplanet Archive TESS FOP WG catalog snapshot (benchmarks/toi_catalog.csv, accessed 2026-09-08)",TOI 2161.01
366602797,false_positive,"TESS FOP Working Group disposition 'FP' via NASA Exoplanet Archive TESS FOP WG catalog snapshot (benchmarks/toi_catalog.csv, accessed 2026-09-08)",TOI 5361.01
367099243,false_positive,"TESS FOP Working Group disposition 'FP' via NASA Exoplanet Archive TESS FOP WG catalog snapshot (benchmarks/toi_catalog.csv, accessed 2026-09-08)",TOI 1365.01
367102581,false_positive,"TESS FOP Working Group disposition 'FP' via NASA Exoplanet Archive TESS FOP WG catalog snapshot (benchmarks/toi_catalog.csv, accessed 2026-09-08)",TOI 1522.01
367193046,false_positive,"TESS FOP Working Group disposition 'APC' via NASA Exoplanet Archive TESS FOP WG catalog snapshot (benchmarks/toi_catalog.csv, accessed 2026-09-08)",TOI 5444.01
367267217,false_positive,"TESS FOP Working Group disposition 'APC' via NASA Exoplanet Archive TESS FOP WG catalog snapshot (benchmarks/toi_catalog.csv, accessed 2026-09-08)",TOI 5470.01
367287018,false_positive,"TESS FOP Working Group disposition 'FP' via NASA Exoplanet Archive TESS FOP WG catalog snapshot (benchmarks/toi_catalog.csv, accessed 2026-09-08)",TOI 4037.01
367333043,false_positive,"TESS FOP Working Group disposition 'FP' via NASA Exoplanet Archive TESS FOP WG catalog snapshot (benchmarks/toi_catalog.csv, accessed 2026-09-08)",TOI 3938.01
367607434,false_positive,"TESS FOP Working Group disposition 'FA' via NASA Exoplanet Archive TESS FOP WG catalog snapshot (benchmarks/toi_catalog.csv, accessed 2026-09-08)",TOI 1542.01
367855829,false_positive,"TESS FOP Working Group disposition 'FA' via NASA Exoplanet Archive TESS FOP WG catalog snapshot (benchmarks/toi_catalog.csv, accessed 2026-09-08)",TOI 2253.01
367913453,false_positive,"TESS FOP Working Group disposition 'FP' via NASA Exoplanet Archive TESS FOP WG catalog snapshot (benchmarks/toi_catalog.csv, accessed 2026-09-08)",TOI 4036.01
368536386,false_positive,"TESS FOP Working Group disposition 'FP' via NASA Exoplanet Archive TESS FOP WG catalog snapshot (benchmarks/toi_catalog.csv, accessed 2026-09-08)",TOI 1666.01
369477998,false_positive,"TESS FOP Working Group disposition 'APC' via NASA Exoplanet Archive TESS FOP WG catalog snapshot (benchmarks/toi_catalog.csv, accessed 2026-09-08)",TOI 5307.01
369480087,false_positive,"TESS FOP Working Group disposition 'FP' via NASA Exoplanet Archive TESS FOP WG catalog snapshot (benchmarks/toi_catalog.csv, accessed 2026-09-08)",TOI 4522.01
369581703,false_positive,"TESS FOP Working Group disposition 'FP' via NASA Exoplanet Archive TESS FOP WG catalog snapshot (benchmarks/toi_catalog.csv, accessed 2026-09-08)",TOI 7372.01
369861731,false_positive,"TESS FOP Working Group disposition 'FP' via NASA Exoplanet Archive TESS FOP WG catalog snapshot (benchmarks/toi_catalog.csv, accessed 2026-09-08)",TOI 3306.01
369864738,false_positive,"TESS FOP Working Group disposition 'FP' via NASA Exoplanet Archive TESS FOP WG catalog snapshot (benchmarks/toi_catalog.csv, accessed 2026-09-08)",TOI 1112.01
370745311,false_positive,"TESS FOP Working Group disposition 'FP' via NASA Exoplanet Archive TESS FOP WG catalog snapshot (benchmarks/toi_catalog.csv, accessed 2026-09-08)",TOI 1047.01
370759867,false_positive,"TESS FOP Working Group disposition 'FP' via NASA Exoplanet Archive TESS FOP WG catalog snapshot (benchmarks/toi_catalog.csv, accessed 2026-09-08)",TOI 1581.01
37084932,false_positive,"TESS FOP Working Group disposition 'FP' via NASA Exoplanet Archive TESS FOP WG catalog snapshot (benchmarks/toi_catalog.csv, accessed 2026-09-08)",TOI 879.01
370877263,false_positive,"TESS FOP Working Group disposition 'FP' via NASA Exoplanet Archive TESS FOP WG catalog snapshot (benchmarks/toi_catalog.csv, accessed 2026-09-08)",TOI 6280.01
37089434,false_positive,"TESS FOP Working Group disposition 'APC' via NASA Exoplanet Archive TESS FOP WG catalog snapshot (benchmarks/toi_catalog.csv, accessed 2026-09-08)",TOI 2596.01
371210825,false_positive,"TESS FOP Working Group disposition 'FP' via NASA Exoplanet Archive TESS FOP WG catalog snapshot (benchmarks/toi_catalog.csv, accessed 2026-09-08)",TOI 1702.01
371579161,false_positive,"TESS FOP Working Group disposition 'FP' via NASA Exoplanet Archive TESS FOP WG catalog snapshot (benchmarks/toi_catalog.csv, accessed 2026-09-08)",TOI 7104.01
371673488,false_positive,"TESS FOP Working Group disposition 'FP' via NASA Exoplanet Archive TESS FOP WG catalog snapshot (benchmarks/toi_catalog.csv, accessed 2026-09-08)",TOI 1497.01
371711170,false_positive,"TESS FOP Working Group disposition 'FP' via NASA Exoplanet Archive TESS FOP WG catalog snapshot (benchmarks/toi_catalog.csv, accessed 2026-09-08)",TOI 4143.01
37242226,false_positive,"TESS FOP Working Group disposition 'FP' via NASA Exoplanet Archive TESS FOP WG catalog snapshot (benchmarks/toi_catalog.csv, accessed 2026-09-08)",TOI 4207.01
372505528,false_positive,"TESS FOP Working Group disposition 'FP' via NASA Exoplanet Archive TESS FOP WG catalog snapshot (benchmarks/toi_catalog.csv, accessed 2026-09-08)",TOI 3994.01
372596796,false_positive,"TESS FOP Working Group disposition 'FP' via NASA Exoplanet Archive TESS FOP WG catalog snapshot (benchmarks/toi_catalog.csv, accessed 2026-09-08)",TOI 3181.01
372913430,false_positive,"TESS FOP Working Group disposition 'FP' via NASA Exoplanet Archive TESS FOP WG catalog snapshot (benchmarks/toi_catalog.csv, accessed 2026-09-08)",TOI 861.01
373424049,false_positive,"TESS FOP Working Group disposition 'FP' via NASA Exoplanet Archive TESS FOP WG catalog snapshot (benchmarks/toi_catalog.csv, accessed 2026-09-08)",TOI 742.01
373453507,false_positive,"TESS FOP Working Group disposition 'FP' via NASA Exoplanet Archive TESS FOP WG catalog snapshot (benchmarks/toi_catalog.csv, accessed 2026-09-08)",TOI 2475.01
373576942,false_positive,"TESS FOP Working Group disposition 'FP' via NASA Exoplanet Archive TESS FOP WG catalog snapshot (benchmarks/toi_catalog.csv, accessed 2026-09-08)",TOI 3525.01
373614579,false_positive,"TESS FOP Working Group disposition 'FP' via NASA Exoplanet Archive TESS FOP WG catalog snapshot (benchmarks/toi_catalog.csv, accessed 2026-09-08)",TOI 3799.01
373729723,false_positive,"TESS FOP Working Group disposition 'FP' via NASA Exoplanet Archive TESS FOP WG catalog snapshot (benchmarks/toi_catalog.csv, accessed 2026-09-08)",TOI 5640.01
373785851,false_positive,"TESS FOP Working Group disposition 'FP' via NASA Exoplanet Archive TESS FOP WG catalog snapshot (benchmarks/toi_catalog.csv, accessed 2026-09-08)",TOI 2062.01
373844472,false_positive,"TESS FOP Working Group disposition 'APC' via NASA Exoplanet Archive TESS FOP WG catalog snapshot (benchmarks/toi_catalog.csv, accessed 2026-09-08)",TOI 275.01
374177909,false_positive,"TESS FOP Working Group disposition 'FP' via NASA Exoplanet Archive TESS FOP WG catalog snapshot (benchmarks/toi_catalog.csv, accessed 2026-09-08)",TOI 7415.01
374200604,false_positive,"TESS FOP Working Group disposition 'FP' via NASA Exoplanet Archive TESS FOP WG catalog snapshot (benchmarks/toi_catalog.csv, accessed 2026-09-08)",TOI 4838.01
374400599,false_positive,"TESS FOP Working Group disposition 'FP' via NASA Exoplanet Archive TESS FOP WG catalog snapshot (benchmarks/toi_catalog.csv, accessed 2026-09-08)",TOI 1582.01
374778982,false_positive,"TESS FOP Working Group disposition 'FP' via NASA Exoplanet Archive TESS FOP WG catalog snapshot (benchmarks/toi_catalog.csv, accessed 2026-09-08)",TOI 3659.01
374847873,false_positive,"TESS FOP Working Group disposition 'FP' via NASA Exoplanet Archive TESS FOP WG catalog snapshot (benchmarks/toi_catalog.csv, accessed 2026-09-08)",TOI 2947.01
374908020,false_positive,"TESS FOP Working Group disposition 'FP' via NASA Exoplanet Archive TESS FOP WG catalog snapshot (benchmarks/toi_catalog.csv, accessed 2026-09-08)",TOI 1029.01
375199523,false_positive,"TESS FOP Working Group disposition 'FP' via NASA Exoplanet Archive TESS FOP WG catalog snapshot (benchmarks/toi_catalog.csv, accessed 2026-09-08)",TOI 5892.01
375225453,false_positive,"TESS FOP Working Group disposition 'FP' via NASA Exoplanet Archive TESS FOP WG catalog snapshot (benchmarks/toi_catalog.csv, accessed 2026-09-08)",TOI 1096.01
37575651,false_positive,"TESS FOP Working Group disposition 'FP' via NASA Exoplanet Archive TESS FOP WG catalog snapshot (benchmarks/toi_catalog.csv, accessed 2026-09-08)",TOI 568.01
376168473,false_positive,"TESS FOP Working Group disposition 'FA' via NASA Exoplanet Archive TESS FOP WG catalog snapshot (benchmarks/toi_catalog.csv, accessed 2026-09-08)",TOI 2247.01
376682699,false_positive,"TESS FOP Working Group disposition 'FP' via NASA Exoplanet Archive TESS FOP WG catalog snapshot (benchmarks/toi_catalog.csv, accessed 2026-09-08)",TOI 1511.01
376740324,false_positive,"TESS FOP Working Group disposition 'FP' via NASA Exoplanet Archive TESS FOP WG catalog snapshot (benchmarks/toi_catalog.csv, accessed 2026-09-08)",TOI 3085.01
376838000,false_positive,"TESS FOP Working Group disposition 'FP' via NASA Exoplanet Archive TESS FOP WG catalog snapshot (benchmarks/toi_catalog.csv, accessed 2026-09-08)",TOI 1618.01
376981340,false_positive,"TESS FOP Working Group disposition 'FA' via NASA Exoplanet Archive TESS FOP WG catalog snapshot (benchmarks/toi_catalog.csv, accessed 2026-09-08)",TOI 4528.01
377024332,false_positive,"TESS FOP Working Group disposition 'FP' via NASA Exoplanet Archive TESS FOP WG catalog snapshot (benchmarks/toi_catalog.csv, accessed 2026-09-08)",TOI 6876.01
377144784,false_positive,"TESS FOP Working Group disposition 'FP' via NASA Exoplanet Archive TESS FOP WG catalog snapshot (benchmarks/toi_catalog.csv, accessed 2026-09-08)",TOI 1619.01
377165123,false_positive,"TESS FOP Working Group disposition 'FP' via NASA Exoplanet Archive TESS FOP WG catalog snapshot (benchmarks/toi_catalog.csv, accessed 2026-09-08)",TOI 4167.01
377191482,false_positive,"TESS FOP Working Group disposition 'FA' via NASA Exoplanet Archive TESS FOP WG catalog snapshot (benchmarks/toi_catalog.csv, accessed 2026-09-08)",TOI 1485.01
377290815,false_positive,"TESS FOP Working Group disposition 'FP' via NASA Exoplanet Archive TESS FOP WG catalog snapshot (benchmarks/toi_catalog.csv, accessed 2026-09-08)",TOI 1813.01
377304435,false_positive,"TESS FOP Working Group disposition 'FP' via NASA Exoplanet Archive TESS FOP WG catalog snapshot (benchmarks/toi_catalog.csv, accessed 2026-09-08)",TOI 1428.01
377420580,false_positive,"TESS FOP Working Group disposition 'FP' via NASA Exoplanet Archive TESS FOP WG catalog snapshot (benchmarks/toi_catalog.csv, accessed 2026-09-08)",TOI 1500.01
377739433,false_positive,"TESS FOP Working Group disposition 'FP' via NASA Exoplanet Archive TESS FOP WG catalog snapshot (benchmarks/toi_catalog.csv, accessed 2026-09-08)",TOI 1510.01
378159598,false_positive,"TESS FOP Working Group disposition 'APC' via NASA Exoplanet Archive TESS FOP WG catalog snapshot (benchmarks/toi_catalog.csv, accessed 2026-09-08)",TOI 1311.01
378355116,false_positive,"TESS FOP Working Group disposition 'FP' via NASA Exoplanet Archive TESS FOP WG catalog snapshot (benchmarks/toi_catalog.csv, accessed 2026-09-08)",TOI 2054.01
378976682,false_positive,"TESS FOP Working Group disposition 'APC' via NASA Exoplanet Archive TESS FOP WG catalog snapshot (benchmarks/toi_catalog.csv, accessed 2026-09-08)",TOI 1851.01
379286801,false_positive,"TESS FOP Working Group disposition 'APC' via NASA Exoplanet Archive TESS FOP WG catalog snapshot (benchmarks/toi_catalog.csv, accessed 2026-09-08)",TOI 1115.01
379629854,false_positive,"TESS FOP Working Group disposition 'FP' via NASA Exoplanet Archive TESS FOP WG catalog snapshot (benchmarks/toi_catalog.csv, accessed 2026-09-08)",TOI 4008.01
379723086,false_positive,"TESS FOP Working Group disposition 'FP' via NASA Exoplanet Archive TESS FOP WG catalog snapshot (benchmarks/toi_catalog.csv, accessed 2026-09-08)",TOI 4396.01
379931600,false_positive,"TESS FOP Working Group disposition 'FP' via NASA Exoplanet Archive TESS FOP WG catalog snapshot (benchmarks/toi_catalog.csv, accessed 2026-09-08)",TOI 1158.01
380517859,false_positive,"TESS FOP Working Group disposition 'FP' via NASA Exoplanet Archive TESS FOP WG catalog snapshot (benchmarks/toi_catalog.csv, accessed 2026-09-08)",TOI 5867.01
380886535,false_positive,"TESS FOP Working Group disposition 'FP' via NASA Exoplanet Archive TESS FOP WG catalog snapshot (benchmarks/toi_catalog.csv, accessed 2026-09-08)",TOI 844.01
38161230,false_positive,"TESS FOP Working Group disposition 'APC' via NASA Exoplanet Archive TESS FOP WG catalog snapshot (benchmarks/toi_catalog.csv, accessed 2026-09-08)",TOI 5157.01
381976956,false_positive,"TESS FOP Working Group disposition 'FA' via NASA Exoplanet Archive TESS FOP WG catalog snapshot (benchmarks/toi_catalog.csv, accessed 2026-09-08)",TOI 866.01
381979901,false_positive,"TESS FOP Working Group disposition 'APC' via NASA Exoplanet Archive TESS FOP WG catalog snapshot (benchmarks/toi_catalog.csv, accessed 2026-09-08)",TOI 1085.01
382188882,false_positive,"TESS FOP Working Group disposition 'FP' via NASA Exoplanet Archive TESS FOP WG catalog snapshot (benchmarks/toi_catalog.csv, accessed 2026-09-08)",TOI 276.01
382302241,false_positive,"TESS FOP Working Group disposition 'FP' via NASA Exoplanet Archive TESS FOP WG catalog snapshot (benchmarks/toi_catalog.csv, accessed 2026-09-08)",TOI 151.01
382331352,false_positive,"TESS FOP Working Group disposition 'FP' via NASA Exoplanet Archive TESS FOP WG catalog snapshot (benchmarks/toi_catalog.csv, accessed 2026-09-08)",TOI 1093.01
382437043,false_positive,"TESS FOP Working Group disposition 'FP' via NASA Exoplanet Archive TESS FOP WG catalog snapshot (benchmarks/toi_catalog.csv, accessed 2026-09-08)",TOI 1223.01
382474101,false_positive,"TESS FOP Working Group disposition 'FP' via NASA Exoplanet Archive TESS FOP WG catalog snapshot (benchmarks/toi_catalog.csv, accessed 2026-09-08)",TOI 349.01
383299778,false_positive,"TESS FOP Working Group disposition 'APC' via NASA Exoplanet Archive TESS FOP WG catalog snapshot (benchmarks/toi_catalog.csv, accessed 2026-09-08)",TOI 3302.01
383531859,false_positive,"TESS FOP Working Group disposition 'FP' via NASA Exoplanet Archive TESS FOP WG catalog snapshot (benchmarks/toi_catalog.csv, accessed 2026-09-08)",TOI 1977.01
383666033,false_positive,"TESS FOP Working Group disposition 'FP' via NASA Exoplanet Archive TESS FOP WG catalog snapshot (benchmarks/toi_catalog.csv, accessed 2026-09-08)",TOI 3008.01
383723559,false_positive,"TESS FOP Working Group disposition 'FP' via NASA Exoplanet Archive TESS FOP WG catalog snapshot (benchmarks/toi_catalog.csv, accessed 2026-09-08)",TOI 7065.01
384045439,false_positive,"TESS FOP Working Group disposition 'FP' via NASA Exoplanet Archive TESS FOP WG catalog snapshot (benchmarks/toi_catalog.csv, accessed 2026-09-08)",TOI 1496.01
384386061,false_positive,"TESS FOP Working Group disposition 'FP' via NASA Exoplanet Archive TESS FOP WG catalog snapshot (benchmarks/toi_catalog.csv, accessed 2026-09-08)",TOI 4281.01
384549882,false_positive,"TESS FOP Working Group disposition 'FP' via NASA Exoplanet Archive TESS FOP WG catalog snapshot (benchmarks/toi_catalog.csv, accessed 2026-09-08)",TOI 1048.01
384744828,false_positive,"TESS FOP Working Group disposition 'FP' via NASA Exoplanet Archive TESS FOP WG catalog snapshot (benchmarks/toi_catalog.csv, accessed 2026-09-08)",TOI 4383.01
385105624,false_positive,"TESS FOP Working Group disposition 'FP' via NASA Exoplanet Archive TESS FOP WG catalog snapshot (benchmarks/toi_catalog.csv, accessed 2026-09-08)",TOI 1595.01
385332171,false_positive,"TESS FOP Working Group disposition 'APC' via NASA Exoplanet Archive TESS FOP WG catalog snapshot (benchmarks/toi_catalog.csv, accessed 2026-09-08)",TOI 2644.01
38541473,false_positive,"TESS FOP Working Group disposition 'APC' via NASA Exoplanet Archive TESS FOP WG catalog snapshot (benchmarks/toi_catalog.csv, accessed 2026-09-08)",TOI 395.01
385624852,false_positive,"TESS FOP Working Group disposition 'FP' via NASA Exoplanet Archive TESS FOP WG catalog snapshot (benchmarks/toi_catalog.csv, accessed 2026-09-08)",TOI 1041.01
38603673,false_positive,"TESS FOP Working Group disposition 'APC' via NASA Exoplanet Archive TESS FOP WG catalog snapshot (benchmarks/toi_catalog.csv, accessed 2026-09-08)",TOI 459.01
386297468,false_positive,"TESS FOP Working Group disposition 'FP' via NASA Exoplanet Archive TESS FOP WG catalog snapshot (benchmarks/toi_catalog.csv, accessed 2026-09-08)",TOI 3005.01
386435344,false_positive,"TESS FOP Working Group disposition 'FP' via NASA Exoplanet Archive TESS FOP WG catalog snapshot (benchmarks/toi_catalog.csv, accessed 2026-09-08)",TOI 575.01
386620582,false_positive,"TESS FOP Working Group disposition 'APC' via NASA Exoplanet Archive TESS FOP WG catalog snapshot (benchmarks/toi_catalog.csv, accessed 2026-09-08)",TOI 5518.01
38686737,false_positive,"TESS FOP Working Group disposition 'FP' via NASA Exoplanet Archive TESS FOP WG catalog snapshot (benchmarks/toi_catalog.csv, accessed 2026-09-08)",TOI 432.01
387079085,false_positive,"TESS FOP Working Group disposition 'FP' via NASA Exoplanet Archive TESS FOP WG catalog snapshot (benchmarks/toi_catalog.csv, accessed 2026-09-08)",TOI 1092.01
387259626,false_positive,"TESS FOP Working Group disposition 'APC' via NASA Exoplanet Archive TESS FOP WG catalog snapshot (benchmarks/toi_catalog.csv, accessed 2026-09-08)",TOI 1455.01
387275908,false_positive,"TESS FOP Working Group disposition 'APC' via NASA Exoplanet Archive TESS FOP WG catalog snapshot (benchmarks/toi_catalog.csv, accessed 2026-09-08)",TOI 2819.01
387413037,false_positive,"TESS FOP Working Group disposition 'FP' via NASA Exoplanet Archive TESS FOP WG catalog snapshot (benchmarks/toi_catalog.csv, accessed 2026-09-08)",TOI 1523.01
387416841,false_positive,"TESS FOP Working Group disposition 'APC' via NASA Exoplanet Archive TESS FOP WG catalog snapshot (benchmarks/toi_catalog.csv, accessed 2026-09-08)",TOI 7311.01
387527558,false_positive,"TESS FOP Working Group disposition 'FA' via NASA Exoplanet Archive TESS FOP WG catalog snapshot (benchmarks/toi_catalog.csv, accessed 2026-09-08)",TOI 1646.01
387603144,false_positive,"TESS FOP Working Group disposition 'FP' via NASA Exoplanet Archive TESS FOP WG catalog snapshot (benchmarks/toi_catalog.csv, accessed 2026-09-08)",TOI 4032.01
387664866,false_positive,"TESS FOP Working Group disposition 'FP' via NASA Exoplanet Archive TESS FOP WG catalog snapshot (benchmarks/toi_catalog.csv, accessed 2026-09-08)",TOI 1331.01
387664868,false_positive,"TESS FOP Working Group disposition 'FP' via NASA Exoplanet Archive TESS FOP WG catalog snapshot (benchmarks/toi_catalog.csv, accessed 2026-09-08)",TOI 1332.01
387834907,false_positive,"TESS FOP Working Group disposition 'FP' via NASA Exoplanet Archive TESS FOP WG catalog snapshot (benchmarks/toi_catalog.csv, accessed 2026-09-08)",TOI 1405.01
388076005,false_positive,"TESS FOP Working Group disposition 'FP' via NASA Exoplanet Archive TESS FOP WG catalog snapshot (benchmarks/toi_catalog.csv, accessed 2026-09-08)",TOI 1622.01
388089437,false_positive,"TESS FOP Working Group disposition 'APC' via NASA Exoplanet Archive TESS FOP WG catalog snapshot (benchmarks/toi_catalog.csv, accessed 2026-09-08)",TOI 2546.01
388130235,false_positive,"TESS FOP Working Group disposition 'FP' via NASA Exoplanet Archive TESS FOP WG catalog snapshot (benchmarks/toi_catalog.csv, accessed 2026-09-08)",TOI 2239.01
388624270,false_positive,"TESS FOP Working Group disposition 'FP' via NASA Exoplanet Archive TESS FOP WG catalog snapshot (benchmarks/toi_catalog.csv, accessed 2026-09-08)",TOI 1026.01
389070884,false_positive,"TESS FOP Working Group disposition 'APC' via NASA Exoplanet Archive TESS FOP WG catalog snapshot (benchmarks/toi_catalog.csv, accessed 2026-09-08)",TOI 911.01
389182138,false_positive,"TESS FOP Working Group disposition 'FP' via NASA Exoplanet Archive TESS FOP WG catalog snapshot (benchmarks/toi_catalog.csv, accessed 2026-09-08)",TOI 1391.01
389238529,false_positive,"TESS FOP Working Group disposition 'FP' via NASA Exoplanet Archive TESS FOP WG catalog snapshot (benchmarks/toi_catalog.csv, accessed 2026-09-08)",TOI 2237.01
389371332,false_positive,"TESS FOP Working Group disposition 'FP' via NASA Exoplanet Archive TESS FOP WG catalog snapshot (benchmarks/toi_catalog.csv, accessed 2026-09-08)",TOI 4346.01
389525208,false_positive,"TESS FOP Working Group disposition 'FP' via NASA Exoplanet Archive TESS FOP WG catalog snapshot (benchmarks/toi_catalog.csv, accessed 2026-09-08)",TOI 154.01
389753172,false_positive,"TESS FOP Working Group disposition 'APC' via NASA Exoplanet Archive TESS FOP WG catalog snapshot (benchmarks/toi_catalog.csv, accessed 2026-09-08)",TOI 319.01
389999924,false_positive,"TESS FOP Working Group disposition 'FP' via NASA Exoplanet Archive TESS FOP WG catalog snapshot (benchmarks/toi_catalog.csv, accessed 2026-09-08)",TOI 3176.01
390048041,false_positive,"TESS FOP Working Group disposition 'FA' via NASA Exoplanet Archive TESS FOP WG catalog snapshot (benchmarks/toi_catalog.csv, accessed 2026-09-08)",TOI 4006.01
390157607,false_positive,"TESS FOP Working Group disposition 'FP' via NASA Exoplanet Archive TESS FOP WG catalog snapshot (benchmarks/toi_catalog.csv, accessed 2026-09-08)",TOI 3036.01
39077574,false_positive,"TESS FOP Working Group disposition 'FP' via NASA Exoplanet Archive TESS FOP WG catalog snapshot (benchmarks/toi_catalog.csv, accessed 2026-09-08)",TOI 3825.01
391821647,false_positive,"TESS FOP Working Group disposition 'FP' via NASA Exoplanet Archive TESS FOP WG catalog snapshot (benchmarks/toi_catalog.csv, accessed 2026-09-08)",TOI 708.01
392112968,false_positive,"TESS FOP Working Group disposition 'FP' via NASA Exoplanet Archive TESS FOP WG catalog snapshot (benchmarks/toi_catalog.csv, accessed 2026-09-08)",TOI 3174.01
39218269,false_positive,"TESS FOP Working Group disposition 'APC' via NASA Exoplanet Archive TESS FOP WG catalog snapshot (benchmarks/toi_catalog.csv, accessed 2026-09-08)",TOI 2366.01
393251073,false_positive,"TESS FOP Working Group disposition 'FP' via NASA Exoplanet Archive TESS FOP WG catalog snapshot (benchmarks/toi_catalog.csv, accessed 2026-09-08)",TOI 3796.01
393298446,false_positive,"TESS FOP Working Group disposition 'APC' via NASA Exoplanet Archive TESS FOP WG catalog snapshot (benchmarks/toi_catalog.csv, accessed 2026-09-08)",TOI 2506.01
393626873,false_positive,"TESS FOP Working Group disposition 'FP' via NASA Exoplanet Archive TESS FOP WG catalog snapshot (benchmarks/toi_catalog.csv, accessed 2026-09-08)",TOI 7605.01
393911494,false_positive,"TESS FOP Working Group disposition 'FP' via NASA Exoplanet Archive TESS FOP WG catalog snapshot (benchmarks/toi_catalog.csv, accessed 2026-09-08)",TOI 2106.01
394029948,false_positive,"TESS FOP Working Group disposition 'FA' via NASA Exoplanet Archive TESS FOP WG catalog snapshot (benchmarks/toi_catalog.csv, accessed 2026-09-08)",TOI 2110.01
394509844,false_positive,"TESS FOP Working Group disposition 'FP' via NASA Exoplanet Archive TESS FOP WG catalog snapshot (benchmarks/toi_catalog.csv, accessed 2026-09-08)",TOI 1952.01
395773226,false_positive,"TESS FOP Working Group disposition 'FP' via NASA Exoplanet Archive TESS FOP WG catalog snapshot (benchmarks/toi_catalog.csv, accessed 2026-09-08)",TOI 4005.01
396356111,false_positive,"TESS FOP Working Group disposition 'APC' via NASA Exoplanet Archive TESS FOP WG catalog snapshot (benchmarks/toi_catalog.csv, accessed 2026-09-08)",TOI 2056.01
396378209,false_positive,"TESS FOP Working Group disposition 'APC' via NASA Exoplanet Archive TESS FOP WG catalog snapshot (benchmarks/toi_catalog.csv, accessed 2026-09-08)",TOI 5936.01
396556650,false_positive,"TESS FOP Working Group disposition 'APC' via NASA Exoplanet Archive TESS FOP WG catalog snapshot (benchmarks/toi_catalog.csv, accessed 2026-09-08)",TOI 3654.01
396720998,false_positive,"TESS FOP Working Group disposition 'APC' via NASA Exoplanet Archive TESS FOP WG catalog snapshot (benchmarks/toi_catalog.csv, accessed 2026-09-08)",TOI 709.01
396731435,false_positive,"TESS FOP Working Group disposition 'APC' via NASA Exoplanet Archive TESS FOP WG catalog snapshot (benchmarks/toi_catalog.csv, accessed 2026-09-08)",TOI 7280.01
396813816,false_positive,"TESS FOP Working Group disposition 'APC' via NASA Exoplanet Archive TESS FOP WG catalog snapshot (benchmarks/toi_catalog.csv, accessed 2026-09-08)",TOI 3782.01
398725538,false_positive,"TESS FOP Working Group disposition 'APC' via NASA Exoplanet Archive TESS FOP WG catalog snapshot (benchmarks/toi_catalog.csv, accessed 2026-09-08)",TOI 3033.01
398733009,false_positive,"TESS FOP Working Group disposition 'FP' via NASA Exoplanet Archive TESS FOP WG catalog snapshot (benchmarks/toi_catalog.csv, accessed 2026-09-08)",TOI 464.01
398912927,false_positive,"TESS FOP Working Group disposition 'FP' via NASA Exoplanet Archive TESS FOP WG catalog snapshot (benchmarks/toi_catalog.csv, accessed 2026-09-08)",TOI 3626.01
399144800,false_positive,"TESS FOP Working Group disposition 'FP' via NASA Exoplanet Archive TESS FOP WG catalog snapshot (benchmarks/toi_catalog.csv, accessed 2026-09-08)",TOI 1213.01
399444057,false_positive,"TESS FOP Working Group disposition 'FP' via NASA Exoplanet Archive TESS FOP WG catalog snapshot (benchmarks/toi_catalog.csv, accessed 2026-09-08)",TOI 4083.01
399613138,false_positive,"TESS FOP Working Group disposition 'FP' via NASA Exoplanet Archive TESS FOP WG catalog snapshot (benchmarks/toi_catalog.csv, accessed 2026-09-08)",TOI 7302.01
399642071,false_positive,"TESS FOP Working Group disposition 'FP' via NASA Exoplanet Archive TESS FOP WG catalog snapshot (benchmarks/toi_catalog.csv, accessed 2026-09-08)",TOI 4337.01
399956873,false_positive,"TESS FOP Working Group disposition 'FP' via NASA Exoplanet Archive TESS FOP WG catalog snapshot (benchmarks/toi_catalog.csv, accessed 2026-09-08)",TOI 5283.01
400323948,false_positive,"TESS FOP Working Group disposition 'FP' via NASA Exoplanet Archive TESS FOP WG catalog snapshot (benchmarks/toi_catalog.csv, accessed 2026-09-08)",TOI 1959.01
400395395,false_positive,"TESS FOP Working Group disposition 'FP' via NASA Exoplanet Archive TESS FOP WG catalog snapshot (benchmarks/toi_catalog.csv, accessed 2026-09-08)",TOI 3004.01
400466395,false_positive,"TESS FOP Working Group disposition 'FP' via NASA Exoplanet Archive TESS FOP WG catalog snapshot (benchmarks/toi_catalog.csv, accessed 2026-09-08)",TOI 6952.01
400476523,false_positive,"TESS FOP Working Group disposition 'FP' via NASA Exoplanet Archive TESS FOP WG catalog snapshot (benchmarks/toi_catalog.csv, accessed 2026-09-08)",TOI 1867.01
400595342,false_positive,"TESS FOP Working Group disposition 'FP' via NASA Exoplanet Archive TESS FOP WG catalog snapshot (benchmarks/toi_catalog.csv, accessed 2026-09-08)",TOI 1034.01
400786146,false_positive,"TESS FOP Working Group disposition 'FP' via NASA Exoplanet Archive TESS FOP WG catalog snapshot (benchmarks/toi_catalog.csv, accessed 2026-09-08)",TOI 4564.01
40083958,false_positive,"TESS FOP Working Group disposition 'APC' via NASA Exoplanet Archive TESS FOP WG catalog snapshot (benchmarks/toi_catalog.csv, accessed 2026-09-08)",TOI 851.01
402740809,false_positive,"TESS FOP Working Group disposition 'FA' via NASA Exoplanet Archive TESS FOP WG catalog snapshot (benchmarks/toi_catalog.csv, accessed 2026-09-08)",TOI 6147.01
402848417,false_positive,"TESS FOP Working Group disposition 'FP' via NASA Exoplanet Archive TESS FOP WG catalog snapshot (benchmarks/toi_catalog.csv, accessed 2026-09-08)",TOI 7146.01
403136413,false_positive,"TESS FOP Working Group disposition 'FP' via NASA Exoplanet Archive TESS FOP WG catalog snapshot (benchmarks/toi_catalog.csv, accessed 2026-09-08)",TOI 158.01
403256331,false_positive,"TESS FOP Working Group disposition 'FP' via NASA Exoplanet Archive TESS FOP WG catalog snapshot (benchmarks/toi_catalog.csv, accessed 2026-09-08)",TOI 1583.01
403287048,false_positive,"TESS FOP Working Group disposition 'FP' via NASA Exoplanet Archive TESS FOP WG catalog snapshot (benchmarks/toi_catalog.csv, accessed 2026-09-08)",TOI 152.01
403288821,false_positive,"TESS FOP Working Group disposition 'FP' via NASA Exoplanet Archive TESS FOP WG catalog snapshot (benchmarks/toi_catalog.csv, accessed 2026-09-08)",TOI 2623.01
403308915,false_positive,"TESS FOP Working Group disposition 'FP' via NASA Exoplanet Archive TESS FOP WG catalog snapshot (benchmarks/toi_catalog.csv, accessed 2026-09-08)",TOI 2059.01
403693875,false_positive,"TESS FOP Working Group disposition 'FP' via NASA Exoplanet Archive TESS FOP WG catalog snapshot (benchmarks/toi_catalog.csv, accessed 2026-09-08)",TOI 528.01
404610583,false_positive,"TESS FOP Working Group disposition 'FP' via NASA Exoplanet Archive TESS FOP WG catalog snapshot (benchmarks/toi_catalog.csv, accessed 2026-09-08)",TOI 5966.01
405425498,false_positive,"TESS FOP Working Group disposition 'APC' via NASA Exoplanet Archive TESS FOP WG catalog snapshot (benchmarks/toi_catalog.csv, accessed 2026-09-08)","TOI 2227.01, 2227.02"
405452527,false_positive,"TESS FOP Working Group disposition 'APC' via NASA Exoplanet Archive TESS FOP WG catalog snapshot (benchmarks/toi_catalog.csv, accessed 2026-09-08)",TOI 2349.01
405484221,false_positive,"TESS FOP Working Group disposition 'FP' via NASA Exoplanet Archive TESS FOP WG catalog snapshot (benchmarks/toi_catalog.csv, accessed 2026-09-08)",TOI 4636.01
405532603,false_positive,"TESS FOP Working Group disposition 'APC' via NASA Exoplanet Archive TESS FOP WG catalog snapshot (benchmarks/toi_catalog.csv, accessed 2026-09-08)",TOI 6236.01
405794804,false_positive,"TESS FOP Working Group disposition 'FP' via NASA Exoplanet Archive TESS FOP WG catalog snapshot (benchmarks/toi_catalog.csv, accessed 2026-09-08)",TOI 1556.01
405862830,false_positive,"TESS FOP Working Group disposition 'FP' via NASA Exoplanet Archive TESS FOP WG catalog snapshot (benchmarks/toi_catalog.csv, accessed 2026-09-08)",TOI 1126.01
405904232,false_positive,"TESS FOP Working Group disposition 'FP' via NASA Exoplanet Archive TESS FOP WG catalog snapshot (benchmarks/toi_catalog.csv, accessed 2026-09-08)",TOI 1312.01
406190563,false_positive,"TESS FOP Working Group disposition 'FP' via NASA Exoplanet Archive TESS FOP WG catalog snapshot (benchmarks/toi_catalog.csv, accessed 2026-09-08)",TOI 4500.01
406443564,false_positive,"TESS FOP Working Group disposition 'FP' via NASA Exoplanet Archive TESS FOP WG catalog snapshot (benchmarks/toi_catalog.csv, accessed 2026-09-08)",TOI 4964.01
406684949,false_positive,"TESS FOP Working Group disposition 'APC' via NASA Exoplanet Archive TESS FOP WG catalog snapshot (benchmarks/toi_catalog.csv, accessed 2026-09-08)",TOI 5442.01
406855039,false_positive,"TESS FOP Working Group disposition 'FP' via NASA Exoplanet Archive TESS FOP WG catalog snapshot (benchmarks/toi_catalog.csv, accessed 2026-09-08)",TOI 2153.01
407146536,false_positive,"TESS FOP Working Group disposition 'FP' via NASA Exoplanet Archive TESS FOP WG catalog snapshot (benchmarks/toi_catalog.csv, accessed 2026-09-08)",TOI 4279.01
407146538,false_positive,"TESS FOP Working Group disposition 'FP' via NASA Exoplanet Archive TESS FOP WG catalog snapshot (benchmarks/toi_catalog.csv, accessed 2026-09-08)",TOI 5055.01
407394748,false_positive,"TESS FOP Working Group disposition 'FP' via NASA Exoplanet Archive TESS FOP WG catalog snapshot (benchmarks/toi_catalog.csv, accessed 2026-09-08)",TOI 1623.01
40779013,false_positive,"TESS FOP Working Group disposition 'FP' via NASA Exoplanet Archive TESS FOP WG catalog snapshot (benchmarks/toi_catalog.csv, accessed 2026-09-08)",TOI 3512.01
408094424,false_positive,"TESS FOP Working Group disposition 'APC' via NASA Exoplanet Archive TESS FOP WG catalog snapshot (benchmarks/toi_catalog.csv, accessed 2026-09-08)",TOI 3932.01
408159788,false_positive,"TESS FOP Working Group disposition 'FP' via NASA Exoplanet Archive TESS FOP WG catalog snapshot (benchmarks/toi_catalog.csv, accessed 2026-09-08)",TOI 420.01
408203470,false_positive,"TESS FOP Working Group disposition 'FP' via NASA Exoplanet Archive TESS FOP WG catalog snapshot (benchmarks/toi_catalog.csv, accessed 2026-09-08)",TOI 1289.01
408549705,false_positive,"TESS FOP Working Group disposition 'FP' via NASA Exoplanet Archive TESS FOP WG catalog snapshot (benchmarks/toi_catalog.csv, accessed 2026-09-08)",TOI 5189.01
408656366,false_positive,"TESS FOP Working Group disposition 'APC' via NASA Exoplanet Archive TESS FOP WG catalog snapshot (benchmarks/toi_catalog.csv, accessed 2026-09-08)",TOI 6993.01
408729765,false_positive,"TESS FOP Working Group disposition 'FP' via NASA Exoplanet Archive TESS FOP WG catalog snapshot (benchmarks/toi_catalog.csv, accessed 2026-09-08)",TOI 4139.01
409183335,false_positive,"TESS FOP Working Group disposition 'FP' via NASA Exoplanet Archive TESS FOP WG catalog snapshot (benchmarks/toi_catalog.csv, accessed 2026-09-08)",TOI 1667.01
409315469,false_positive,"TESS FOP Working Group disposition 'APC' via NASA Exoplanet Archive TESS FOP WG catalog snapshot (benchmarks/toi_catalog.csv, accessed 2026-09-08)",TOI 4210.01
409459226,false_positive,"TESS FOP Working Group disposition 'FP' via NASA Exoplanet Archive TESS FOP WG catalog snapshot (benchmarks/toi_catalog.csv, accessed 2026-09-08)",TOI 973.01
409520860,false_positive,"TESS FOP Working Group disposition 'FP' via NASA Exoplanet Archive TESS FOP WG catalog snapshot (benchmarks/toi_catalog.csv, accessed 2026-09-08)",TOI 1547.01
40954422,false_positive,"TESS FOP Working Group disposition 'FP' via NASA Exoplanet Archive TESS FOP WG catalog snapshot (benchmarks/toi_catalog.csv, accessed 2026-09-08)",TOI 5150.01
409796937,false_positive,"TESS FOP Working Group disposition 'APC' via NASA Exoplanet Archive TESS FOP WG catalog snapshot (benchmarks/toi_catalog.csv, accessed 2026-09-08)",TOI 7613.01
409934330,false_positive,"TESS FOP Working Group disposition 'APC' via NASA Exoplanet Archive TESS FOP WG catalog snapshot (benchmarks/toi_catalog.csv, accessed 2026-09-08)",TOI 1114.01
410094645,false_positive,"TESS FOP Working Group disposition 'APC' via NASA Exoplanet Archive TESS FOP WG catalog snapshot (benchmarks/toi_catalog.csv, accessed 2026-09-08)",TOI 577.01
410245915,false_positive,"TESS FOP Working Group disposition 'FP' via NASA Exoplanet Archive TESS FOP WG catalog snapshot (benchmarks/toi_catalog.csv, accessed 2026-09-08)",TOI 725.01
410528770,false_positive,"TESS FOP Working Group disposition 'FP' via NASA Exoplanet Archive TESS FOP WG catalog snapshot (benchmarks/toi_catalog.csv, accessed 2026-09-08)",TOI 1502.01
411347315,false_positive,"TESS FOP Working Group disposition 'FP' via NASA Exoplanet Archive TESS FOP WG catalog snapshot (benchmarks/toi_catalog.csv, accessed 2026-09-08)",TOI 7352.01
41173048,false_positive,"TESS FOP Working Group disposition 'FA' via NASA Exoplanet Archive TESS FOP WG catalog snapshot (benchmarks/toi_catalog.csv, accessed 2026-09-08)",TOI 2006.01
412014494,false_positive,"TESS FOP Working Group disposition 'FP' via NASA Exoplanet Archive TESS FOP WG catalog snapshot (benchmarks/toi_catalog.csv, accessed 2026-09-08)",TOI 1111.01
412257781,false_positive,"TESS FOP Working Group disposition 'FP' via NASA Exoplanet Archive TESS FOP WG catalog snapshot (benchmarks/toi_catalog.csv, accessed 2026-09-08)",TOI 2863.01
412259468,false_positive,"TESS FOP Working Group disposition 'FP' via NASA Exoplanet Archive TESS FOP WG catalog snapshot (benchmarks/toi_catalog.csv, accessed 2026-09-08)",TOI 3357.01
41227743,false_positive,"TESS FOP Working Group disposition 'FP' via NASA Exoplanet Archive TESS FOP WG catalog snapshot (benchmarks/toi_catalog.csv, accessed 2026-09-08)",TOI 804.01
412961700,false_positive,"TESS FOP Working Group disposition 'FP' via NASA Exoplanet Archive TESS FOP WG catalog snapshot (benchmarks/toi_catalog.csv, accessed 2026-09-08)",TOI 589.01
41330864,false_positive,"TESS FOP Working Group disposition 'FP' via NASA Exoplanet Archive TESS FOP WG catalog snapshot (benchmarks/toi_catalog.csv, accessed 2026-09-08)",TOI 1168.01
41387532,false_positive,"TESS FOP Working Group disposition 'APC' via NASA Exoplanet Archive TESS FOP WG catalog snapshot (benchmarks/toi_catalog.csv, accessed 2026-09-08)",TOI 4389.01
41422753,false_positive,"TESS FOP Working Group disposition 'FP' via NASA Exoplanet Archive TESS FOP WG catalog snapshot (benchmarks/toi_catalog.csv, accessed 2026-09-08)",TOI 5855.01
414870287,false_positive,"TESS FOP Working Group disposition 'FP' via NASA Exoplanet Archive TESS FOP WG catalog snapshot (benchmarks/toi_catalog.csv, accessed 2026-09-08)",TOI 1499.01
415741431,false_positive,"TESS FOP Working Group disposition 'FP' via NASA Exoplanet Archive TESS FOP WG catalog snapshot (benchmarks/toi_catalog.csv, accessed 2026-09-08)",TOI 1508.01
415969574,false_positive,"TESS FOP Working Group disposition 'FP' via NASA Exoplanet Archive TESS FOP WG catalog snapshot (benchmarks/toi_catalog.csv, accessed 2026-09-08)",TOI 342.01
416368336,false_positive,"TESS FOP Working Group disposition 'APC' via NASA Exoplanet Archive TESS FOP WG catalog snapshot (benchmarks/toi_catalog.csv, accessed 2026-09-08)",TOI 3511.01
416539317,false_positive,"TESS FOP Working Group disposition 'FA' via NASA Exoplanet Archive TESS FOP WG catalog snapshot (benchmarks/toi_catalog.csv, accessed 2026-09-08)",TOI 3794.01
416624606,false_positive,"TESS FOP Working Group disposition 'FP' via NASA Exoplanet Archive TESS FOP WG catalog snapshot (benchmarks/toi_catalog.csv, accessed 2026-09-08)",TOI 1359.01
416987878,false_positive,"TESS FOP Working Group disposition 'FP' via NASA Exoplanet Archive TESS FOP WG catalog snapshot (benchmarks/toi_catalog.csv, accessed 2026-09-08)",TOI 1392.01
417705690,false_positive,"TESS FOP Working Group disposition 'FP' via NASA Exoplanet Archive TESS FOP WG catalog snapshot (benchmarks/toi_catalog.csv, accessed 2026-09-08)",TOI 1668.01
41865539,false_positive,"TESS FOP Working Group disposition 'FP' via NASA Exoplanet Archive TESS FOP WG catalog snapshot (benchmarks/toi_catalog.csv, accessed 2026-09-08)",TOI 335.01
41875043,false_positive,"TESS FOP Working Group disposition 'FP' via NASA Exoplanet Archive TESS FOP WG catalog snapshot (benchmarks/toi_catalog.csv, accessed 2026-09-08)",TOI 6996.01
418866096,false_positive,"TESS FOP Working Group disposition 'FP' via NASA Exoplanet Archive TESS FOP WG catalog snapshot (benchmarks/toi_catalog.csv, accessed 2026-09-08)",TOI 7260.01
418959198,false_positive,"TESS FOP Working Group disposition 'FP' via NASA Exoplanet Archive TESS FOP WG catalog snapshot (benchmarks/toi_catalog.csv, accessed 2026-09-08)",TOI 1424.01
418971787,false_positive,"TESS FOP Working Group disposition 'FP' via NASA Exoplanet Archive TESS FOP WG catalog snapshot (benchmarks/toi_catalog.csv, accessed 2026-09-08)",TOI 4846.01
418981325,false_positive,"TESS FOP Working Group disposition 'APC' via NASA Exoplanet Archive TESS FOP WG catalog snapshot (benchmarks/toi_catalog.csv, accessed 2026-09-08)",TOI 7034.01
418987806,false_positive,"TESS FOP Working Group disposition 'FP' via NASA Exoplanet Archive TESS FOP WG catalog snapshot (benchmarks/toi_catalog.csv, accessed 2026-09-08)",TOI 1584.01
419148828,false_positive,"TESS FOP Working Group disposition 'APC' via NASA Exoplanet Archive TESS FOP WG catalog snapshot (benchmarks/toi_catalog.csv, accessed 2026-09-08)",TOI 2857.01
419419534,false_positive,"TESS FOP Working Group disposition 'FP' via NASA Exoplanet Archive TESS FOP WG catalog snapshot (benchmarks/toi_catalog.csv, accessed 2026-09-08)",TOI 3389.01
419858461,false_positive,"TESS FOP Working Group disposition 'FP' via NASA Exoplanet Archive TESS FOP WG catalog snapshot (benchmarks/toi_catalog.csv, accessed 2026-09-08)",TOI 3165.01
419878932,false_positive,"TESS FOP Working Group disposition 'APC' via NASA Exoplanet Archive TESS FOP WG catalog snapshot (benchmarks/toi_catalog.csv, accessed 2026-09-08)",TOI 5948.01
419946164,false_positive,"TESS FOP Working Group disposition 'FP' via NASA Exoplanet Archive TESS FOP WG catalog snapshot (benchmarks/toi_catalog.csv, accessed 2026-09-08)",TOI 3164.01
420112587,false_positive,"TESS FOP Working Group disposition 'FP' via NASA Exoplanet Archive TESS FOP WG catalog snapshot (benchmarks/toi_catalog.csv, accessed 2026-09-08)",TOI 1760.01
42015200,false_positive,"TESS FOP Working Group disposition 'FP' via NASA Exoplanet Archive TESS FOP WG catalog snapshot (benchmarks/toi_catalog.csv, accessed 2026-09-08)",TOI 848.01
420288086,false_positive,"TESS FOP Working Group disposition 'FP' via NASA Exoplanet Archive TESS FOP WG catalog snapshot (benchmarks/toi_catalog.csv, accessed 2026-09-08)",TOI 1535.01
420446142,false_positive,"TESS FOP Working Group disposition 'FP' via NASA Exoplanet Archive TESS FOP WG catalog snapshot (benchmarks/toi_catalog.csv, accessed 2026-09-08)",TOI 3990.01
420645189,false_positive,"TESS FOP Working Group disposition 'FP' via NASA Exoplanet Archive TESS FOP WG catalog snapshot (benchmarks/toi_catalog.csv, accessed 2026-09-08)","TOI 1897.01, 1897.02"
420803693,false_positive,"TESS FOP Working Group disposition 'FP' via NASA Exoplanet Archive TESS FOP WG catalog snapshot (benchmarks/toi_catalog.csv, accessed 2026-09-08)",TOI 4134.01
420962989,false_positive,"TESS FOP Working Group disposition 'APC' via NASA Exoplanet Archive TESS FOP WG catalog snapshot (benchmarks/toi_catalog.csv, accessed 2026-09-08)",TOI 2773.01
42123111,false_positive,"TESS FOP Working Group disposition 'FP' via NASA Exoplanet Archive TESS FOP WG catalog snapshot (benchmarks/toi_catalog.csv, accessed 2026-09-08)",TOI 1334.01
421308357,false_positive,"TESS FOP Working Group disposition 'FP' via NASA Exoplanet Archive TESS FOP WG catalog snapshot (benchmarks/toi_catalog.csv, accessed 2026-09-08)",TOI 1479.01
421455387,false_positive,"TESS FOP Working Group disposition 'APC' via NASA Exoplanet Archive TESS FOP WG catalog snapshot (benchmarks/toi_catalog.csv, accessed 2026-09-08)",TOI 2233.01
422653398,false_positive,"TESS FOP Working Group disposition 'FP' via NASA Exoplanet Archive TESS FOP WG catalog snapshot (benchmarks/toi_catalog.csv, accessed 2026-09-08)",TOI 5308.01
422656370,false_positive,"TESS FOP Working Group disposition 'APC' via NASA Exoplanet Archive TESS FOP WG catalog snapshot (benchmarks/toi_catalog.csv, accessed 2026-09-08)",TOI 2030.01
422838133,false_positive,"TESS FOP Working Group disposition 'FP' via NASA Exoplanet Archive TESS FOP WG catalog snapshot (benchmarks/toi_catalog.csv, accessed 2026-09-08)",TOI 2116.01
423128096,false_positive,"TESS FOP Working Group disposition 'APC' via NASA Exoplanet Archive TESS FOP WG catalog snapshot (benchmarks/toi_catalog.csv, accessed 2026-09-08)",TOI 4782.01
423666115,false_positive,"TESS FOP Working Group disposition 'APC' via NASA Exoplanet Archive TESS FOP WG catalog snapshot (benchmarks/toi_catalog.csv, accessed 2026-09-08)",TOI 2663.01
423670610,false_positive,"TESS FOP Working Group disposition 'APC' via NASA Exoplanet Archive TESS FOP WG catalog snapshot (benchmarks/toi_catalog.csv, accessed 2026-09-08)",TOI 850.01
423903685,false_positive,"TESS FOP Working Group disposition 'FP' via NASA Exoplanet Archive TESS FOP WG catalog snapshot (benchmarks/toi_catalog.csv, accessed 2026-09-08)",TOI 6143.01
424699834,false_positive,"TESS FOP Working Group disposition 'FP' via NASA Exoplanet Archive TESS FOP WG catalog snapshot (benchmarks/toi_catalog.csv, accessed 2026-09-08)",TOI 5212.01
424747720,false_positive,"TESS FOP Working Group disposition 'FP' via NASA Exoplanet Archive TESS FOP WG catalog snapshot (benchmarks/toi_catalog.csv, accessed 2026-09-08)",TOI 4188.01
425163745,false_positive,"TESS FOP Working Group disposition 'FP' via NASA Exoplanet Archive TESS FOP WG catalog snapshot (benchmarks/toi_catalog.csv, accessed 2026-09-08)",TOI 937.01
425220920,false_positive,"TESS FOP Working Group disposition 'FP' via NASA Exoplanet Archive TESS FOP WG catalog snapshot (benchmarks/toi_catalog.csv, accessed 2026-09-08)",TOI 985.01
425721385,false_positive,"TESS FOP Working Group disposition 'FP' via NASA Exoplanet Archive TESS FOP WG catalog snapshot (benchmarks/toi_catalog.csv, accessed 2026-09-08)",TOI 1128.01
426017070,false_positive,"TESS FOP Working Group disposition 'FP' via NASA Exoplanet Archive TESS FOP WG catalog snapshot (benchmarks/toi_catalog.csv, accessed 2026-09-08)",TOI 4181.01
426077080,false_positive,"TESS FOP Working Group disposition 'FP' via NASA Exoplanet Archive TESS FOP WG catalog snapshot (benchmarks/toi_catalog.csv, accessed 2026-09-08)",TOI 1087.01
427279997,false_positive,"TESS FOP Working Group disposition 'FP' via NASA Exoplanet Archive TESS FOP WG catalog snapshot (benchmarks/toi_catalog.csv, accessed 2026-09-08)",TOI 2034.01
427348923,false_positive,"TESS FOP Working Group disposition 'FP' via NASA Exoplanet Archive TESS FOP WG catalog snapshot (benchmarks/toi_catalog.csv, accessed 2026-09-08)",TOI 484.01
427352241,false_positive,"TESS FOP Working Group disposition 'FP' via NASA Exoplanet Archive TESS FOP WG catalog snapshot (benchmarks/toi_catalog.csv, accessed 2026-09-08)",TOI 485.01
427508467,false_positive,"TESS FOP Working Group disposition 'APC' via NASA Exoplanet Archive TESS FOP WG catalog snapshot (benchmarks/toi_catalog.csv, accessed 2026-09-08)",TOI 1012.01
42755801,false_positive,"TESS FOP Working Group disposition 'FP' via NASA Exoplanet Archive TESS FOP WG catalog snapshot (benchmarks/toi_catalog.csv, accessed 2026-09-08)",TOI 894.01
427578289,false_positive,"TESS FOP Working Group disposition 'APC' via NASA Exoplanet Archive TESS FOP WG catalog snapshot (benchmarks/toi_catalog.csv, accessed 2026-09-08)",TOI 5360.01
427654774,false_positive,"TESS FOP Working Group disposition 'FP' via NASA Exoplanet Archive TESS FOP WG catalog snapshot (benchmarks/toi_catalog.csv, accessed 2026-09-08)",TOI 1474.01
428065977,false_positive,"TESS FOP Working Group disposition 'FP' via NASA Exoplanet Archive TESS FOP WG catalog snapshot (benchmarks/toi_catalog.csv, accessed 2026-09-08)",TOI 1503.01
428685938,false_positive,"TESS FOP Working Group disposition 'FP' via NASA Exoplanet Archive TESS FOP WG catalog snapshot (benchmarks/toi_catalog.csv, accessed 2026-09-08)",TOI 4856.01
428703516,false_positive,"TESS FOP Working Group disposition 'APC' via NASA Exoplanet Archive TESS FOP WG catalog snapshot (benchmarks/toi_catalog.csv, accessed 2026-09-08)",TOI 5761.01
429295277,false_positive,"TESS FOP Working Group disposition 'FP' via NASA Exoplanet Archive TESS FOP WG catalog snapshot (benchmarks/toi_catalog.csv, accessed 2026-09-08)",TOI 1998.01
429414530,false_positive,"TESS FOP Working Group disposition 'FP' via NASA Exoplanet Archive TESS FOP WG catalog snapshot (benchmarks/toi_catalog.csv, accessed 2026-09-08)",TOI 3631.01
4294779,false_positive,"TESS FOP Working Group disposition 'FP' via NASA Exoplanet Archive TESS FOP WG catalog snapshot (benchmarks/toi_catalog.csv, accessed 2026-09-08)",TOI 2451.01
429501231,false_positive,"TESS FOP Working Group disposition 'APC' via NASA Exoplanet Archive TESS FOP WG catalog snapshot (benchmarks/toi_catalog.csv, accessed 2026-09-08)",TOI 5425.01
430528566,false_positive,"TESS FOP Working Group disposition 'FP' via NASA Exoplanet Archive TESS FOP WG catalog snapshot (benchmarks/toi_catalog.csv, accessed 2026-09-08)",TOI 1393.01
43064903,false_positive,"TESS FOP Working Group disposition 'FA' via NASA Exoplanet Archive TESS FOP WG catalog snapshot (benchmarks/toi_catalog.csv, accessed 2026-09-08)",TOI 1276.01
430666395,false_positive,"TESS FOP Working Group disposition 'APC' via NASA Exoplanet Archive TESS FOP WG catalog snapshot (benchmarks/toi_catalog.csv, accessed 2026-09-08)",TOI 7362.01
430677414,false_positive,"TESS FOP Working Group disposition 'FP' via NASA Exoplanet Archive TESS FOP WG catalog snapshot (benchmarks/toi_catalog.csv, accessed 2026-09-08)",TOI 1507.01
431148743,false_positive,"TESS FOP Working Group disposition 'FP' via NASA Exoplanet Archive TESS FOP WG catalog snapshot (benchmarks/toi_catalog.csv, accessed 2026-09-08)",TOI 1495.01
431156009,false_positive,"TESS FOP Working Group disposition 'FP' via NASA Exoplanet Archive TESS FOP WG catalog snapshot (benchmarks/toi_catalog.csv, accessed 2026-09-08)",TOI 1394.01
431216437,false_positive,"TESS FOP Working Group disposition 'APC' via NASA Exoplanet Archive TESS FOP WG catalog snapshot (benchmarks/toi_catalog.csv, accessed 2026-09-08)",TOI 6244.01
431585347,false_positive,"TESS FOP Working Group disposition 'FP' via NASA Exoplanet Archive TESS FOP WG catalog snapshot (benchmarks/toi_catalog.csv, accessed 2026-09-08)",TOI 1543.01
431899140,false_positive,"TESS FOP Working Group disposition 'FP' via NASA Exoplanet Archive TESS FOP WG catalog snapshot (benchmarks/toi_catalog.csv, accessed 2026-09-08)",TOI 1596.01
431999925,false_positive,"TESS FOP Working Group disposition 'FP' via NASA Exoplanet Archive TESS FOP WG catalog snapshot (benchmarks/toi_catalog.csv, accessed 2026-09-08)",TOI 513.01
432008938,false_positive,"TESS FOP Working Group disposition 'FP' via NASA Exoplanet Archive TESS FOP WG catalog snapshot (benchmarks/toi_catalog.csv, accessed 2026-09-08)",TOI 643.01
432422552,false_positive,"TESS FOP Working Group disposition 'FP' via NASA Exoplanet Archive TESS FOP WG catalog snapshot (benchmarks/toi_catalog.csv, accessed 2026-09-08)",TOI 6207.01
434100688,false_positive,"TESS FOP Working Group disposition 'FP' via NASA Exoplanet Archive TESS FOP WG catalog snapshot (benchmarks/toi_catalog.csv, accessed 2026-09-08)",TOI 6849.01
434105231,false_positive,"TESS FOP Working Group disposition 'APC' via NASA Exoplanet Archive TESS FOP WG catalog snapshot (benchmarks/toi_catalog.csv, accessed 2026-09-08)",TOI 311.01
434234955,false_positive,"TESS FOP Working Group disposition 'FP' via NASA Exoplanet Archive TESS FOP WG catalog snapshot (benchmarks/toi_catalog.csv, accessed 2026-09-08)",TOI 944.01
434496663,false_positive,"TESS FOP Working Group disposition 'APC' via NASA Exoplanet Archive TESS FOP WG catalog snapshot (benchmarks/toi_catalog.csv, accessed 2026-09-08)",TOI 2674.01
434718964,false_positive,"TESS FOP Working Group disposition 'FP' via NASA Exoplanet Archive TESS FOP WG catalog snapshot (benchmarks/toi_catalog.csv, accessed 2026-09-08)",TOI 1512.01
435167167,false_positive,"TESS FOP Working Group disposition 'FP' via NASA Exoplanet Archive TESS FOP WG catalog snapshot (benchmarks/toi_catalog.csv, accessed 2026-09-08)",TOI 3925.01
435673126,false_positive,"TESS FOP Working Group disposition 'FP' via NASA Exoplanet Archive TESS FOP WG catalog snapshot (benchmarks/toi_catalog.csv, accessed 2026-09-08)",TOI 7244.01
435861696,false_positive,"TESS FOP Working Group disposition 'FP' via NASA Exoplanet Archive TESS FOP WG catalog snapshot (benchmarks/toi_catalog.csv, accessed 2026-09-08)",TOI 3621.01
436099179,false_positive,"TESS FOP Working Group disposition 'FP' via NASA Exoplanet Archive TESS FOP WG catalog snapshot (benchmarks/toi_catalog.csv, accessed 2026-09-08)",TOI 5424.01
436652523,false_positive,"TESS FOP Working Group disposition 'APC' via NASA Exoplanet Archive TESS FOP WG catalog snapshot (benchmarks/toi_catalog.csv, accessed 2026-09-08)",TOI 4613.01
437156845,false_positive,"TESS FOP Working Group disposition 'FP' via NASA Exoplanet Archive TESS FOP WG catalog snapshot (benchmarks/toi_catalog.csv, accessed 2026-09-08)",TOI 2855.01
437740083,false_positive,"TESS FOP Working Group disposition 'FP' via NASA Exoplanet Archive TESS FOP WG catalog snapshot (benchmarks/toi_catalog.csv, accessed 2026-09-08)",TOI 6242.01
437893926,false_positive,"TESS FOP Working Group disposition 'FP' via NASA Exoplanet Archive TESS FOP WG catalog snapshot (benchmarks/toi_catalog.csv, accessed 2026-09-08)",TOI 2771.01
437984134,false_positive,"TESS FOP Working Group disposition 'APC' via NASA Exoplanet Archive TESS FOP WG catalog snapshot (benchmarks/toi_catalog.csv, accessed 2026-09-08)",TOI 887.01
438295981,false_positive,"TESS FOP Working Group disposition 'FP' via NASA Exoplanet Archive TESS FOP WG catalog snapshot (benchmarks/toi_catalog.csv, accessed 2026-09-08)",TOI 888.01
438329568,false_positive,"TESS FOP Working Group disposition 'APC' via NASA Exoplanet Archive TESS FOP WG catalog snapshot (benchmarks/toi_catalog.csv, accessed 2026-09-08)",TOI 6948.01
438490744,false_positive,"TESS FOP Working Group disposition 'FP' via NASA Exoplanet Archive TESS FOP WG catalog snapshot (benchmarks/toi_catalog.csv, accessed 2026-09-08)",TOI 529.01
43868600,false_positive,"TESS FOP Working Group disposition 'APC' via NASA Exoplanet Archive TESS FOP WG catalog snapshot (benchmarks/toi_catalog.csv, accessed 2026-09-08)",TOI 2476.01
439610306,false_positive,"TESS FOP Working Group disposition 'FP' via NASA Exoplanet Archive TESS FOP WG catalog snapshot (benchmarks/toi_catalog.csv, accessed 2026-09-08)",TOI 2004.01
440100539,false_positive,"TESS FOP Working Group disposition 'FA' via NASA Exoplanet Archive TESS FOP WG catalog snapshot (benchmarks/toi_catalog.csv, accessed 2026-09-08)",TOI 1548.01
440186528,false_positive,"TESS FOP Working Group disposition 'APC' via NASA Exoplanet Archive TESS FOP WG catalog snapshot (benchmarks/toi_catalog.csv, accessed 2026-09-08)",TOI 3760.01
440324561,false_positive,"TESS FOP Working Group disposition 'APC' via NASA Exoplanet Archive TESS FOP WG catalog snapshot (benchmarks/toi_catalog.csv, accessed 2026-09-08)",TOI 3361.01
440562226,false_positive,"TESS FOP Working Group disposition 'APC' via NASA Exoplanet Archive TESS FOP WG catalog snapshot (benchmarks/toi_catalog.csv, accessed 2026-09-08)",TOI 6991.01
440801822,false_positive,"TESS FOP Working Group disposition 'FP' via NASA Exoplanet Archive TESS FOP WG catalog snapshot (benchmarks/toi_catalog.csv, accessed 2026-09-08)",TOI 1008.01
441075486,false_positive,"TESS FOP Working Group disposition 'APC' via NASA Exoplanet Archive TESS FOP WG catalog snapshot (benchmarks/toi_catalog.csv, accessed 2026-09-08)",TOI 372.01
441334829,false_positive,"TESS FOP Working Group disposition 'FP' via NASA Exoplanet Archive TESS FOP WG catalog snapshot (benchmarks/toi_catalog.csv, accessed 2026-09-08)",TOI 2963.01
441600335,false_positive,"TESS FOP Working Group disposition 'APC' via NASA Exoplanet Archive TESS FOP WG catalog snapshot (benchmarks/toi_catalog.csv, accessed 2026-09-08)",TOI 4159.01
441658213,false_positive,"TESS FOP Working Group disposition 'APC' via NASA Exoplanet Archive TESS FOP WG catalog snapshot (benchmarks/toi_catalog.csv, accessed 2026-09-08)",TOI 5644.01
441732151,false_positive,"TESS FOP Working Group disposition 'FP' via NASA Exoplanet Archive TESS FOP WG catalog snapshot (benchmarks/toi_catalog.csv, accessed 2026-09-08)",TOI 1555.01
441798995,false_positive,"TESS FOP Working Group disposition 'FA' via NASA Exoplanet Archive TESS FOP WG catalog snapshot (benchmarks/toi_catalog.csv, accessed 2026-09-08)",TOI 2269.01
442050698,false_positive,"TESS FOP Working Group disposition 'APC' via NASA Exoplanet Archive TESS FOP WG catalog snapshot (benchmarks/toi_catalog.csv, accessed 2026-09-08)",TOI 4266.01
4426490,false_positive,"TESS FOP Working Group disposition 'FP' via NASA Exoplanet Archive TESS FOP WG catalog snapshot (benchmarks/toi_catalog.csv, accessed 2026-09-08)",TOI 6874.01
443042089,false_positive,"TESS FOP Working Group disposition 'FP' via NASA Exoplanet Archive TESS FOP WG catalog snapshot (benchmarks/toi_catalog.csv, accessed 2026-09-08)",TOI 3078.01
443658196,false_positive,"TESS FOP Working Group disposition 'FP' via NASA Exoplanet Archive TESS FOP WG catalog snapshot (benchmarks/toi_catalog.csv, accessed 2026-09-08)",TOI 4335.01
443961200,false_positive,"TESS FOP Working Group disposition 'APC' via NASA Exoplanet Archive TESS FOP WG catalog snapshot (benchmarks/toi_catalog.csv, accessed 2026-09-08)",TOI 5484.01
444413256,false_positive,"TESS FOP Working Group disposition 'FP' via NASA Exoplanet Archive TESS FOP WG catalog snapshot (benchmarks/toi_catalog.csv, accessed 2026-09-08)",TOI 3989.01
444415148,false_positive,"TESS FOP Working Group disposition 'FP' via NASA Exoplanet Archive TESS FOP WG catalog snapshot (benchmarks/toi_catalog.csv, accessed 2026-09-08)",TOI 1585.01
444523623,false_positive,"TESS FOP Working Group disposition 'FP' via NASA Exoplanet Archive TESS FOP WG catalog snapshot (benchmarks/toi_catalog.csv, accessed 2026-09-08)",TOI 3979.01
444842193,false_positive,"TESS FOP Working Group disposition 'APC' via NASA Exoplanet Archive TESS FOP WG catalog snapshot (benchmarks/toi_catalog.csv, accessed 2026-09-08)",TOI 745.01
444977814,false_positive,"TESS FOP Working Group disposition 'FP' via NASA Exoplanet Archive TESS FOP WG catalog snapshot (benchmarks/toi_catalog.csv, accessed 2026-09-08)",TOI 6999.01
445137888,false_positive,"TESS FOP Working Group disposition 'FP' via NASA Exoplanet Archive TESS FOP WG catalog snapshot (benchmarks/toi_catalog.csv, accessed 2026-09-08)",TOI 1536.01
445254275,false_positive,"TESS FOP Working Group disposition 'FP' via NASA Exoplanet Archive TESS FOP WG catalog snapshot (benchmarks/toi_catalog.csv, accessed 2026-09-08)",TOI 2029.01
445522339,false_positive,"TESS FOP Working Group disposition 'APC' via NASA Exoplanet Archive TESS FOP WG catalog snapshot (benchmarks/toi_catalog.csv, accessed 2026-09-08)",TOI 6493.01
445586472,false_positive,"TESS FOP Working Group disposition 'FP' via NASA Exoplanet Archive TESS FOP WG catalog snapshot (benchmarks/toi_catalog.csv, accessed 2026-09-08)",TOI 967.01
445822015,false_positive,"TESS FOP Working Group disposition 'FP' via NASA Exoplanet Archive TESS FOP WG catalog snapshot (benchmarks/toi_catalog.csv, accessed 2026-09-08)",TOI 689.01
44631965,false_positive,"TESS FOP Working Group disposition 'APC' via NASA Exoplanet Archive TESS FOP WG catalog snapshot (benchmarks/toi_catalog.csv, accessed 2026-09-08)",TOI 1461.01
446549905,false_positive,"TESS FOP Working Group disposition 'FP' via NASA Exoplanet Archive TESS FOP WG catalog snapshot (benchmarks/toi_catalog.csv, accessed 2026-09-08)",TOI 1110.01
446616059,false_positive,"TESS FOP Working Group disposition 'FP' via NASA Exoplanet Archive TESS FOP WG catalog snapshot (benchmarks/toi_catalog.csv, accessed 2026-09-08)",TOI 5787.01
447206604,false_positive,"TESS FOP Working Group disposition 'APC' via NASA Exoplanet Archive TESS FOP WG catalog snapshot (benchmarks/toi_catalog.csv, accessed 2026-09-08)",TOI 1999.01
447283466,false_positive,"TESS FOP Working Group disposition 'FP' via NASA Exoplanet Archive TESS FOP WG catalog snapshot (benchmarks/toi_catalog.csv, accessed 2026-09-08)",TOI 1028.01
44745077,false_positive,"TESS FOP Working Group disposition 'FP' via NASA Exoplanet Archive TESS FOP WG catalog snapshot (benchmarks/toi_catalog.csv, accessed 2026-09-08)",TOI 436.01
44797824,false_positive,"TESS FOP Working Group disposition 'APC' via NASA Exoplanet Archive TESS FOP WG catalog snapshot (benchmarks/toi_catalog.csv, accessed 2026-09-08)",TOI 865.01
449050247,false_positive,"TESS FOP Working Group disposition 'FP' via NASA Exoplanet Archive TESS FOP WG catalog snapshot (benchmarks/toi_catalog.csv, accessed 2026-09-08)",TOI 951.01
449050248,false_positive,"TESS FOP Working Group disposition 'FP' via NASA Exoplanet Archive TESS FOP WG catalog snapshot (benchmarks/toi_catalog.csv, accessed 2026-09-08)",TOI 953.01
449197624,false_positive,"TESS FOP Working Group disposition 'FP' via NASA Exoplanet Archive TESS FOP WG catalog snapshot (benchmarks/toi_catalog.csv, accessed 2026-09-08)",TOI 4682.01
449549170,false_positive,"TESS FOP Working Group disposition 'FP' via NASA Exoplanet Archive TESS FOP WG catalog snapshot (benchmarks/toi_catalog.csv, accessed 2026-09-08)",TOI 3159.01
449951606,false_positive,"TESS FOP Working Group disposition 'FP' via NASA Exoplanet Archive TESS FOP WG catalog snapshot (benchmarks/toi_catalog.csv, accessed 2026-09-08)",TOI 6279.01
450327768,false_positive,"TESS FOP Working Group disposition 'FP' via NASA Exoplanet Archive TESS FOP WG catalog snapshot (benchmarks/toi_catalog.csv, accessed 2026-09-08)",TOI 1788.01
451599528,false_positive,"TESS FOP Working Group disposition 'FP' via NASA Exoplanet Archive TESS FOP WG catalog snapshot (benchmarks/toi_catalog.csv, accessed 2026-09-08)",TOI 1104.01
452483795,false_positive,"TESS FOP Working Group disposition 'FP' via NASA Exoplanet Archive TESS FOP WG catalog snapshot (benchmarks/toi_catalog.csv, accessed 2026-09-08)",TOI 5908.01
452803785,false_positive,"TESS FOP Working Group disposition 'FP' via NASA Exoplanet Archive TESS FOP WG catalog snapshot (benchmarks/toi_catalog.csv, accessed 2026-09-08)",TOI 1483.01
452810327,false_positive,"TESS FOP Working Group disposition 'FP' via NASA Exoplanet Archive TESS FOP WG catalog snapshot (benchmarks/toi_catalog.csv, accessed 2026-09-08)",TOI 2708.01
452903647,false_positive,"TESS FOP Working Group disposition 'APC' via NASA Exoplanet Archive TESS FOP WG catalog snapshot (benchmarks/toi_catalog.csv, accessed 2026-09-08)",TOI 4790.01
452972453,false_positive,"TESS FOP Working Group disposition 'FA' via NASA Exoplanet Archive TESS FOP WG catalog snapshot (benchmarks/toi_catalog.csv, accessed 2026-09-08)",TOI 3987.01
453209605,false_positive,"TESS FOP Working Group disposition 'FP' via NASA Exoplanet Archive TESS FOP WG catalog snapshot (benchmarks/toi_catalog.csv, accessed 2026-09-08)",TOI 968.01
453230066,false_positive,"TESS FOP Working Group disposition 'FP' via NASA Exoplanet Archive TESS FOP WG catalog snapshot (benchmarks/toi_catalog.csv, accessed 2026-09-08)",TOI 3643.01
453289469,false_positive,"TESS FOP Working Group disposition 'FP' via NASA Exoplanet Archive TESS FOP WG catalog snapshot (benchmarks/toi_catalog.csv, accessed 2026-09-08)",TOI 3467.01
453348525,false_positive,"TESS FOP Working Group disposition 'APC' via NASA Exoplanet Archive TESS FOP WG catalog snapshot (benchmarks/toi_catalog.csv, accessed 2026-09-08)",TOI 3792.01
453464017,false_positive,"TESS FOP Working Group disposition 'FP' via NASA Exoplanet Archive TESS FOP WG catalog snapshot (benchmarks/toi_catalog.csv, accessed 2026-09-08)",TOI 1993.01
454224694,false_positive,"TESS FOP Working Group disposition 'APC' via NASA Exoplanet Archive TESS FOP WG catalog snapshot (benchmarks/toi_catalog.csv, accessed 2026-09-08)",TOI 2460.01
45465399,false_positive,"TESS FOP Working Group disposition 'FP' via NASA Exoplanet Archive TESS FOP WG catalog snapshot (benchmarks/toi_catalog.csv, accessed 2026-09-08)",TOI 4879.01
455030519,false_positive,"TESS FOP Working Group disposition 'APC' via NASA Exoplanet Archive TESS FOP WG catalog snapshot (benchmarks/toi_catalog.csv, accessed 2026-09-08)",TOI 4704.01
455033897,false_positive,"TESS FOP Working Group disposition 'APC' via NASA Exoplanet Archive TESS FOP WG catalog snapshot (benchmarks/toi_catalog.csv, accessed 2026-09-08)",TOI 4690.01
455962313,false_positive,"TESS FOP Working Group disposition 'FP' via NASA Exoplanet Archive TESS FOP WG catalog snapshot (benchmarks/toi_catalog.csv, accessed 2026-09-08)",TOI 1517.01
456042145,false_positive,"TESS FOP Working Group disposition 'FP' via NASA Exoplanet Archive TESS FOP WG catalog snapshot (benchmarks/toi_catalog.csv, accessed 2026-09-08)",TOI 3924.01
456130294,false_positive,"TESS FOP Working Group disposition 'APC' via NASA Exoplanet Archive TESS FOP WG catalog snapshot (benchmarks/toi_catalog.csv, accessed 2026-09-08)",TOI 7520.01
456305193,false_positive,"TESS FOP Working Group disposition 'FP' via NASA Exoplanet Archive TESS FOP WG catalog snapshot (benchmarks/toi_catalog.csv, accessed 2026-09-08)",TOI 5540.01
45684223,false_positive,"TESS FOP Working Group disposition 'FP' via NASA Exoplanet Archive TESS FOP WG catalog snapshot (benchmarks/toi_catalog.csv, accessed 2026-09-08)",TOI 3018.01
457110913,false_positive,"TESS FOP Working Group disposition 'APC' via NASA Exoplanet Archive TESS FOP WG catalog snapshot (benchmarks/toi_catalog.csv, accessed 2026-09-08)",TOI 3156.01
457138169,false_positive,"TESS FOP Working Group disposition 'FP' via NASA Exoplanet Archive TESS FOP WG catalog snapshot (benchmarks/toi_catalog.csv, accessed 2026-09-08)",TOI 1770.01
457272901,false_positive,"TESS FOP Working Group disposition 'APC' via NASA Exoplanet Archive TESS FOP WG catalog snapshot (benchmarks/toi_catalog.csv, accessed 2026-09-08)",TOI 3155.01
457743020,false_positive,"TESS FOP Working Group disposition 'FP' via NASA Exoplanet Archive TESS FOP WG catalog snapshot (benchmarks/toi_catalog.csv, accessed 2026-09-08)",TOI 4886.01
457939414,false_positive,"TESS FOP Working Group disposition 'FP' via NASA Exoplanet Archive TESS FOP WG catalog snapshot (benchmarks/toi_catalog.csv, accessed 2026-09-08)",TOI 1990.01
458589703,false_positive,"TESS FOP Working Group disposition 'FA' via NASA Exoplanet Archive TESS FOP WG catalog snapshot (benchmarks/toi_catalog.csv, accessed 2026-09-08)",TOI 693.01
458856474,false_positive,"TESS FOP Working Group disposition 'FP' via NASA Exoplanet Archive TESS FOP WG catalog snapshot (benchmarks/toi_catalog.csv, accessed 2026-09-08)",TOI 1978.01
458857720,false_positive,"TESS FOP Working Group disposition 'FP' via NASA Exoplanet Archive TESS FOP WG catalog snapshot (benchmarks/toi_catalog.csv, accessed 2026-09-08)",TOI 1979.01
458876004,false_positive,"TESS FOP Working Group disposition 'FP' via NASA Exoplanet Archive TESS FOP WG catalog snapshot (benchmarks/toi_catalog.csv, accessed 2026-09-08)",TOI 3677.01
458914949,false_positive,"TESS FOP Working Group disposition 'FP' via NASA Exoplanet Archive TESS FOP WG catalog snapshot (benchmarks/toi_catalog.csv, accessed 2026-09-08)",TOI 1587.01
459102737,false_positive,"TESS FOP Working Group disposition 'APC' via NASA Exoplanet Archive TESS FOP WG catalog snapshot (benchmarks/toi_catalog.csv, accessed 2026-09-08)",TOI 6352.01
459157691,false_positive,"TESS FOP Working Group disposition 'APC' via NASA Exoplanet Archive TESS FOP WG catalog snapshot (benchmarks/toi_catalog.csv, accessed 2026-09-08)",TOI 3067.01
459850897,false_positive,"TESS FOP Working Group disposition 'FP' via NASA Exoplanet Archive TESS FOP WG catalog snapshot (benchmarks/toi_catalog.csv, accessed 2026-09-08)",TOI 3503.01
459903429,false_positive,"TESS FOP Working Group disposition 'FA' via NASA Exoplanet Archive TESS FOP WG catalog snapshot (benchmarks/toi_catalog.csv, accessed 2026-09-08)",TOI 1671.01
459942762,false_positive,"TESS FOP Working Group disposition 'FP' via NASA Exoplanet Archive TESS FOP WG catalog snapshot (benchmarks/toi_catalog.csv, accessed 2026-09-08)",TOI 430.01
459952217,false_positive,"TESS FOP Working Group disposition 'FA' via NASA Exoplanet Archive TESS FOP WG catalog snapshot (benchmarks/toi_catalog.csv, accessed 2026-09-08)",TOI 4314.01
459978312,false_positive,"TESS FOP Working Group disposition 'FA' via NASA Exoplanet Archive TESS FOP WG catalog snapshot (benchmarks/toi_catalog.csv, accessed 2026-09-08)",TOI 1487.01
459997997,false_positive,"TESS FOP Working Group disposition 'FP' via NASA Exoplanet Archive TESS FOP WG catalog snapshot (benchmarks/toi_catalog.csv, accessed 2026-09-08)",TOI 1888.01
460140752,false_positive,"TESS FOP Working Group disposition 'FP' via NASA Exoplanet Archive TESS FOP WG catalog snapshot (benchmarks/toi_catalog.csv, accessed 2026-09-08)",TOI 1947.01
461080504,false_positive,"TESS FOP Working Group disposition 'FP' via NASA Exoplanet Archive TESS FOP WG catalog snapshot (benchmarks/toi_catalog.csv, accessed 2026-09-08)",TOI 1944.01
461271719,false_positive,"TESS FOP Working Group disposition 'FP' via NASA Exoplanet Archive TESS FOP WG catalog snapshot (benchmarks/toi_catalog.csv, accessed 2026-09-08)",TOI 838.01
461387302,false_positive,"TESS FOP Working Group disposition 'FP' via NASA Exoplanet Archive TESS FOP WG catalog snapshot (benchmarks/toi_catalog.csv, accessed 2026-09-08)",TOI 1624.01
461538935,false_positive,"TESS FOP Working Group disposition 'FP' via NASA Exoplanet Archive TESS FOP WG catalog snapshot (benchmarks/toi_catalog.csv, accessed 2026-09-08)",TOI 4157.01
461662295,false_positive,"TESS FOP Working Group disposition 'FP' via NASA Exoplanet Archive TESS FOP WG catalog snapshot (benchmarks/toi_catalog.csv, accessed 2026-09-08)",TOI 1711.01
461867584,false_positive,"TESS FOP Working Group disposition 'APC' via NASA Exoplanet Archive TESS FOP WG catalog snapshot (benchmarks/toi_catalog.csv, accessed 2026-09-08)",TOI 1039.01
4619242,false_positive,"TESS FOP Working Group disposition 'APC' via NASA Exoplanet Archive TESS FOP WG catalog snapshot (benchmarks/toi_catalog.csv, accessed 2026-09-08)",TOI 5295.01
462162963,false_positive,"TESS FOP Working Group disposition 'FP' via NASA Exoplanet Archive TESS FOP WG catalog snapshot (benchmarks/toi_catalog.csv, accessed 2026-09-08)",TOI 2959.01
462372373,false_positive,"TESS FOP Working Group disposition 'APC' via NASA Exoplanet Archive TESS FOP WG catalog snapshot (benchmarks/toi_catalog.csv, accessed 2026-09-08)",TOI 5860.01
462715015,false_positive,"TESS FOP Working Group disposition 'FP' via NASA Exoplanet Archive TESS FOP WG catalog snapshot (benchmarks/toi_catalog.csv, accessed 2026-09-08)",TOI 5769.01
463203560,false_positive,"TESS FOP Working Group disposition 'FP' via NASA Exoplanet Archive TESS FOP WG catalog snapshot (benchmarks/toi_catalog.csv, accessed 2026-09-08)",TOI 2958.01
463681005,false_positive,"TESS FOP Working Group disposition 'FP' via NASA Exoplanet Archive TESS FOP WG catalog snapshot (benchmarks/toi_catalog.csv, accessed 2026-09-08)",TOI 3060.01
464067218,false_positive,"TESS FOP Working Group disposition 'FP' via NASA Exoplanet Archive TESS FOP WG catalog snapshot (benchmarks/toi_catalog.csv, accessed 2026-09-08)",TOI 3059.01
464296022,false_positive,"TESS FOP Working Group disposition 'FP' via NASA Exoplanet Archive TESS FOP WG catalog snapshot (benchmarks/toi_catalog.csv, accessed 2026-09-08)",TOI 1030.01
466318137,false_positive,"TESS FOP Working Group disposition 'FP' via NASA Exoplanet Archive TESS FOP WG catalog snapshot (benchmarks/toi_catalog.csv, accessed 2026-09-08)",TOI 3153.01
467006627,false_positive,"TESS FOP Working Group disposition 'FP' via NASA Exoplanet Archive TESS FOP WG catalog snapshot (benchmarks/toi_catalog.csv, accessed 2026-09-08)",TOI 5920.01
467281353,false_positive,"TESS FOP Working Group disposition 'FP' via NASA Exoplanet Archive TESS FOP WG catalog snapshot (benchmarks/toi_catalog.csv, accessed 2026-09-08)",TOI 1975.01
46772529,false_positive,"TESS FOP Working Group disposition 'FP' via NASA Exoplanet Archive TESS FOP WG catalog snapshot (benchmarks/toi_catalog.csv, accessed 2026-09-08)",TOI 6486.01
467783290,false_positive,"TESS FOP Working Group disposition 'FP' via NASA Exoplanet Archive TESS FOP WG catalog snapshot (benchmarks/toi_catalog.csv, accessed 2026-09-08)",TOI 3753.01
468472950,false_positive,"TESS FOP Working Group disposition 'FP' via NASA Exoplanet Archive TESS FOP WG catalog snapshot (benchmarks/toi_catalog.csv, accessed 2026-09-08)",TOI 1395.01
468828873,false_positive,"TESS FOP Working Group disposition 'FP' via NASA Exoplanet Archive TESS FOP WG catalog snapshot (benchmarks/toi_catalog.csv, accessed 2026-09-08)",TOI 1672.01
468845640,false_positive,"TESS FOP Working Group disposition 'FP' via NASA Exoplanet Archive TESS FOP WG catalog snapshot (benchmarks/toi_catalog.csv, accessed 2026-09-08)",TOI 1396.01
468911753,false_positive,"TESS FOP Working Group disposition 'APC' via NASA Exoplanet Archive TESS FOP WG catalog snapshot (benchmarks/toi_catalog.csv, accessed 2026-09-08)",TOI 4700.01
468977648,false_positive,"TESS FOP Working Group disposition 'FP' via NASA Exoplanet Archive TESS FOP WG catalog snapshot (benchmarks/toi_catalog.csv, accessed 2026-09-08)",TOI 3001.01
468981993,false_positive,"TESS FOP Working Group disposition 'APC' via NASA Exoplanet Archive TESS FOP WG catalog snapshot (benchmarks/toi_catalog.csv, accessed 2026-09-08)",TOI 2556.01
468997317,false_positive,"TESS FOP Working Group disposition 'APC' via NASA Exoplanet Archive TESS FOP WG catalog snapshot (benchmarks/toi_catalog.csv, accessed 2026-09-08)",TOI 1986.01
469184909,false_positive,"TESS FOP Working Group disposition 'FP' via NASA Exoplanet Archive TESS FOP WG catalog snapshot (benchmarks/toi_catalog.csv, accessed 2026-09-08)",TOI 2953.01
469212332,false_positive,"TESS FOP Working Group disposition 'APC' via NASA Exoplanet Archive TESS FOP WG catalog snapshot (benchmarks/toi_catalog.csv, accessed 2026-09-08)",TOI 1985.01
469436001,false_positive,"TESS FOP Working Group disposition 'FP' via NASA Exoplanet Archive TESS FOP WG catalog snapshot (benchmarks/toi_catalog.csv, accessed 2026-09-08)",TOI 7121.01
469782185,false_positive,"TESS FOP Working Group disposition 'APC' via NASA Exoplanet Archive TESS FOP WG catalog snapshot (benchmarks/toi_catalog.csv, accessed 2026-09-08)",TOI 1123.01
470159478,false_positive,"TESS FOP Working Group disposition 'APC' via NASA Exoplanet Archive TESS FOP WG catalog snapshot (benchmarks/toi_catalog.csv, accessed 2026-09-08)",TOI 2032.01
470315428,false_positive,"TESS FOP Working Group disposition 'FP' via NASA Exoplanet Archive TESS FOP WG catalog snapshot (benchmarks/toi_catalog.csv, accessed 2026-09-08)",TOI 1673.01
470709084,false_positive,"TESS FOP Working Group disposition 'FP' via NASA Exoplanet Archive TESS FOP WG catalog snapshot (benchmarks/toi_catalog.csv, accessed 2026-09-08)",TOI 1515.01
470783598,false_positive,"TESS FOP Working Group disposition 'APC' via NASA Exoplanet Archive TESS FOP WG catalog snapshot (benchmarks/toi_catalog.csv, accessed 2026-09-08)",TOI 3697.01
470852531,false_positive,"TESS FOP Working Group disposition 'FP' via NASA Exoplanet Archive TESS FOP WG catalog snapshot (benchmarks/toi_catalog.csv, accessed 2026-09-08)",TOI 1625.01
470898625,false_positive,"TESS FOP Working Group disposition 'APC' via NASA Exoplanet Archive TESS FOP WG catalog snapshot (benchmarks/toi_catalog.csv, accessed 2026-09-08)",TOI 7444.01
470911286,false_positive,"TESS FOP Working Group disposition 'FP' via NASA Exoplanet Archive TESS FOP WG catalog snapshot (benchmarks/toi_catalog.csv, accessed 2026-09-08)",TOI 3986.01
470974162,false_positive,"TESS FOP Working Group disposition 'FP' via NASA Exoplanet Archive TESS FOP WG catalog snapshot (benchmarks/toi_catalog.csv, accessed 2026-09-08)",TOI 3781.01
4729001,false_positive,"TESS FOP Working Group disposition 'APC' via NASA Exoplanet Archive TESS FOP WG catalog snapshot (benchmarks/toi_catalog.csv, accessed 2026-09-08)",TOI 2941.01
47384844,false_positive,"TESS FOP Working Group disposition 'FA' via NASA Exoplanet Archive TESS FOP WG catalog snapshot (benchmarks/toi_catalog.csv, accessed 2026-09-08)",TOI 1022.01
47423120,false_positive,"TESS FOP Working Group disposition 'APC' via NASA Exoplanet Archive TESS FOP WG catalog snapshot (benchmarks/toi_catalog.csv, accessed 2026-09-08)",TOI 352.01
47484268,false_positive,"TESS FOP Working Group disposition 'FP' via NASA Exoplanet Archive TESS FOP WG catalog snapshot (benchmarks/toi_catalog.csv, accessed 2026-09-08)",TOI 226.01
47617038,false_positive,"TESS FOP Working Group disposition 'FP' via NASA Exoplanet Archive TESS FOP WG catalog snapshot (benchmarks/toi_catalog.csv, accessed 2026-09-08)",TOI 4330.01
47667,false_positive,"TESS FOP Working Group disposition 'APC' via NASA Exoplanet Archive TESS FOP WG catalog snapshot (benchmarks/toi_catalog.csv, accessed 2026-09-08)",TOI 6560.01
48178229,false_positive,"TESS FOP Working Group disposition 'FP' via NASA Exoplanet Archive TESS FOP WG catalog snapshot (benchmarks/toi_catalog.csv, accessed 2026-09-08)",TOI 2517.01
48188920,false_positive,"TESS FOP Working Group disposition 'FP' via NASA Exoplanet Archive TESS FOP WG catalog snapshot (benchmarks/toi_catalog.csv, accessed 2026-09-08)",TOI 1159.01
48276576,false_positive,"TESS FOP Working Group disposition 'FP' via NASA Exoplanet Archive TESS FOP WG catalog snapshot (benchmarks/toi_catalog.csv, accessed 2026-09-08)",TOI 4263.01
48476907,false_positive,"TESS FOP Working Group disposition 'FP' via NASA Exoplanet Archive TESS FOP WG catalog snapshot (benchmarks/toi_catalog.csv, accessed 2026-09-08)",TOI 658.01
49079670,false_positive,"TESS FOP Working Group disposition 'APC' via NASA Exoplanet Archive TESS FOP WG catalog snapshot (benchmarks/toi_catalog.csv, accessed 2026-09-08)",TOI 641.01
49617263,false_positive,"TESS FOP Working Group disposition 'FP' via NASA Exoplanet Archive TESS FOP WG catalog snapshot (benchmarks/toi_catalog.csv, accessed 2026-09-08)",TOI 2417.01
49687222,false_positive,"TESS FOP Working Group disposition 'FA' via NASA Exoplanet Archive TESS FOP WG catalog snapshot (benchmarks/toi_catalog.csv, accessed 2026-09-08)",TOI 254.01
49710555,false_positive,"TESS FOP Working Group disposition 'FP' via NASA Exoplanet Archive TESS FOP WG catalog snapshot (benchmarks/toi_catalog.csv, accessed 2026-09-08)",TOI 291.01
49899799,false_positive,"TESS FOP Working Group disposition 'FP' via NASA Exoplanet Archive TESS FOP WG catalog snapshot (benchmarks/toi_catalog.csv, accessed 2026-09-08)",TOI 416.01
49967354,false_positive,"TESS FOP Working Group disposition 'FP' via NASA Exoplanet Archive TESS FOP WG catalog snapshot (benchmarks/toi_catalog.csv, accessed 2026-09-08)",TOI 2164.01
4999813,false_positive,"TESS FOP Working Group disposition 'FP' via NASA Exoplanet Archive TESS FOP WG catalog snapshot (benchmarks/toi_catalog.csv, accessed 2026-09-08)",TOI 2878.01
5024743,false_positive,"TESS FOP Working Group disposition 'FP' via NASA Exoplanet Archive TESS FOP WG catalog snapshot (benchmarks/toi_catalog.csv, accessed 2026-09-08)",TOI 2805.01
50309953,false_positive,"TESS FOP Working Group disposition 'FP' via NASA Exoplanet Archive TESS FOP WG catalog snapshot (benchmarks/toi_catalog.csv, accessed 2026-09-08)",TOI 1109.01
50365310,false_positive,"TESS FOP Working Group disposition 'FP' via NASA Exoplanet Archive TESS FOP WG catalog snapshot (benchmarks/toi_catalog.csv, accessed 2026-09-08)",TOI 1000.01
50909831,false_positive,"TESS FOP Working Group disposition 'APC' via NASA Exoplanet Archive TESS FOP WG catalog snapshot (benchmarks/toi_catalog.csv, accessed 2026-09-08)",TOI 3349.01
50943163,false_positive,"TESS FOP Working Group disposition 'FP' via NASA Exoplanet Archive TESS FOP WG catalog snapshot (benchmarks/toi_catalog.csv, accessed 2026-09-08)",TOI 3672.01
51024887,false_positive,"TESS FOP Working Group disposition 'FP' via NASA Exoplanet Archive TESS FOP WG catalog snapshot (benchmarks/toi_catalog.csv, accessed 2026-09-08)",TOI 1632.01
5109298,false_positive,"TESS FOP Working Group disposition 'FP' via NASA Exoplanet Archive TESS FOP WG catalog snapshot (benchmarks/toi_catalog.csv, accessed 2026-09-08)",TOI 960.01
51318828,false_positive,"TESS FOP Working Group disposition 'FP' via NASA Exoplanet Archive TESS FOP WG catalog snapshot (benchmarks/toi_catalog.csv, accessed 2026-09-08)",TOI 7247.01
51912829,false_positive,"TESS FOP Working Group disposition 'APC' via NASA Exoplanet Archive TESS FOP WG catalog snapshot (benchmarks/toi_catalog.csv, accessed 2026-09-08)",TOI 180.01
52041724,false_positive,"TESS FOP Working Group disposition 'FP' via NASA Exoplanet Archive TESS FOP WG catalog snapshot (benchmarks/toi_catalog.csv, accessed 2026-09-08)",TOI 1589.01
52204645,false_positive,"TESS FOP Working Group disposition 'APC' via NASA Exoplanet Archive TESS FOP WG catalog snapshot (benchmarks/toi_catalog.csv, accessed 2026-09-08)",TOI 209.01
52280468,false_positive,"TESS FOP Working Group disposition 'APC' via NASA Exoplanet Archive TESS FOP WG catalog snapshot (benchmarks/toi_catalog.csv, accessed 2026-09-08)",TOI 472.01
52548453,false_positive,"TESS FOP Working Group disposition 'FP' via NASA Exoplanet Archive TESS FOP WG catalog snapshot (benchmarks/toi_catalog.csv, accessed 2026-09-08)",TOI 987.01
52555068,false_positive,"TESS FOP Working Group disposition 'APC' via NASA Exoplanet Archive TESS FOP WG catalog snapshot (benchmarks/toi_catalog.csv, accessed 2026-09-08)",TOI 7565.01
53427308,false_positive,"TESS FOP Working Group disposition 'FP' via NASA Exoplanet Archive TESS FOP WG catalog snapshot (benchmarks/toi_catalog.csv, accessed 2026-09-08)",TOI 1733.01
53593457,false_positive,"TESS FOP Working Group disposition 'FP' via NASA Exoplanet Archive TESS FOP WG catalog snapshot (benchmarks/toi_catalog.csv, accessed 2026-09-08)",TOI 543.01
54044474,false_positive,"TESS FOP Working Group disposition 'FP' via NASA Exoplanet Archive TESS FOP WG catalog snapshot (benchmarks/toi_catalog.csv, accessed 2026-09-08)",TOI 1045.01
54085154,false_positive,"TESS FOP Working Group disposition 'FP' via NASA Exoplanet Archive TESS FOP WG catalog snapshot (benchmarks/toi_catalog.csv, accessed 2026-09-08)",TOI 662.01
54364414,false_positive,"TESS FOP Working Group disposition 'FP' via NASA Exoplanet Archive TESS FOP WG catalog snapshot (benchmarks/toi_catalog.csv, accessed 2026-09-08)",TOI 2041.01
54390047,false_positive,"TESS FOP Working Group disposition 'FP' via NASA Exoplanet Archive TESS FOP WG catalog snapshot (benchmarks/toi_catalog.csv, accessed 2026-09-08)",TOI 998.01
54464870,false_positive,"TESS FOP Working Group disposition 'FP' via NASA Exoplanet Archive TESS FOP WG catalog snapshot (benchmarks/toi_catalog.csv, accessed 2026-09-08)",TOI 2115.01
55383975,false_positive,"TESS FOP Working Group disposition 'FP' via NASA Exoplanet Archive TESS FOP WG catalog snapshot (benchmarks/toi_catalog.csv, accessed 2026-09-08)",TOI 694.01
55390413,false_positive,"TESS FOP Working Group disposition 'FP' via NASA Exoplanet Archive TESS FOP WG catalog snapshot (benchmarks/toi_catalog.csv, accessed 2026-09-08)",TOI 6994.01
55452495,false_positive,"TESS FOP Working Group disposition 'FP' via NASA Exoplanet Archive TESS FOP WG catalog snapshot (benchmarks/toi_catalog.csv, accessed 2026-09-08)",TOI 336.01
55748194,false_positive,"TESS FOP Working Group disposition 'FA' via NASA Exoplanet Archive TESS FOP WG catalog snapshot (benchmarks/toi_catalog.csv, accessed 2026-09-08)",TOI 3885.01
56231866,false_positive,"TESS FOP Working Group disposition 'FP' via NASA Exoplanet Archive TESS FOP WG catalog snapshot (benchmarks/toi_catalog.csv, accessed 2026-09-08)",TOI 6024.01
5772442,false_positive,"TESS FOP Working Group disposition 'FP' via NASA Exoplanet Archive TESS FOP WG catalog snapshot (benchmarks/toi_catalog.csv, accessed 2026-09-08)",TOI 979.01
5800958,false_positive,"TESS FOP Working Group disposition 'FP' via NASA Exoplanet Archive TESS FOP WG catalog snapshot (benchmarks/toi_catalog.csv, accessed 2026-09-08)",TOI 5429.01
58046864,false_positive,"TESS FOP Working Group disposition 'FP' via NASA Exoplanet Archive TESS FOP WG catalog snapshot (benchmarks/toi_catalog.csv, accessed 2026-09-08)",TOI 3343.01
58474992,false_positive,"TESS FOP Working Group disposition 'FP' via NASA Exoplanet Archive TESS FOP WG catalog snapshot (benchmarks/toi_catalog.csv, accessed 2026-09-08)",TOI 6921.01
58533991,false_positive,"TESS FOP Working Group disposition 'APC' via NASA Exoplanet Archive TESS FOP WG catalog snapshot (benchmarks/toi_catalog.csv, accessed 2026-09-08)",TOI 4176.01
5868998,false_positive,"TESS FOP Working Group disposition 'APC' via NASA Exoplanet Archive TESS FOP WG catalog snapshot (benchmarks/toi_catalog.csv, accessed 2026-09-08)",TOI 749.01
59003115,false_positive,"TESS FOP Working Group disposition 'FP' via NASA Exoplanet Archive TESS FOP WG catalog snapshot (benchmarks/toi_catalog.csv, accessed 2026-09-08)",TOI 556.01
59859387,false_positive,"TESS FOP Working Group disposition 'FP' via NASA Exoplanet Archive TESS FOP WG catalog snapshot (benchmarks/toi_catalog.csv, accessed 2026-09-08)",TOI 1881.01
60074373,false_positive,"TESS FOP Working Group disposition 'FP' via NASA Exoplanet Archive TESS FOP WG catalog snapshot (benchmarks/toi_catalog.csv, accessed 2026-09-08)",TOI 4817.01
604863428,false_positive,"TESS FOP Working Group disposition 'FP' via NASA Exoplanet Archive TESS FOP WG catalog snapshot (benchmarks/toi_catalog.csv, accessed 2026-09-08)",TOI 3985.01
60768923,false_positive,"TESS FOP Working Group disposition 'APC' via NASA Exoplanet Archive TESS FOP WG catalog snapshot (benchmarks/toi_catalog.csv, accessed 2026-09-08)",TOI 3123.01
61109252,false_positive,"TESS FOP Working Group disposition 'APC' via NASA Exoplanet Archive TESS FOP WG catalog snapshot (benchmarks/toi_catalog.csv, accessed 2026-09-08)",TOI 5394.01
61117473,false_positive,"TESS FOP Working Group disposition 'FP' via NASA Exoplanet Archive TESS FOP WG catalog snapshot (benchmarks/toi_catalog.csv, accessed 2026-09-08)",TOI 3122.01
61733521,false_positive,"TESS FOP Working Group disposition 'FP' via NASA Exoplanet Archive TESS FOP WG catalog snapshot (benchmarks/toi_catalog.csv, accessed 2026-09-08)",TOI 2228.01
61980227,false_positive,"TESS FOP Working Group disposition 'FP' via NASA Exoplanet Archive TESS FOP WG catalog snapshot (benchmarks/toi_catalog.csv, accessed 2026-09-08)",TOI 2316.01
61988212,false_positive,"TESS FOP Working Group disposition 'APC' via NASA Exoplanet Archive TESS FOP WG catalog snapshot (benchmarks/toi_catalog.csv, accessed 2026-09-08)",TOI 753.01
62301521,false_positive,"TESS FOP Working Group disposition 'FA' via NASA Exoplanet Archive TESS FOP WG catalog snapshot (benchmarks/toi_catalog.csv, accessed 2026-09-08)",TOI 4341.01
62530991,false_positive,"TESS FOP Working Group disposition 'FP' via NASA Exoplanet Archive TESS FOP WG catalog snapshot (benchmarks/toi_catalog.csv, accessed 2026-09-08)",TOI 2585.01
62867537,false_positive,"TESS FOP Working Group disposition 'APC' via NASA Exoplanet Archive TESS FOP WG catalog snapshot (benchmarks/toi_catalog.csv, accessed 2026-09-08)",TOI 7093.01
63013648,false_positive,"TESS FOP Working Group disposition 'FP' via NASA Exoplanet Archive TESS FOP WG catalog snapshot (benchmarks/toi_catalog.csv, accessed 2026-09-08)",TOI 5547.01
63303499,false_positive,"TESS FOP Working Group disposition 'FP' via NASA Exoplanet Archive TESS FOP WG catalog snapshot (benchmarks/toi_catalog.csv, accessed 2026-09-08)",TOI 644.01
63550960,false_positive,"TESS FOP Working Group disposition 'APC' via NASA Exoplanet Archive TESS FOP WG catalog snapshot (benchmarks/toi_catalog.csv, accessed 2026-09-08)",TOI 7273.01
64214215,false_positive,"TESS FOP Working Group disposition 'APC' via NASA Exoplanet Archive TESS FOP WG catalog snapshot (benchmarks/toi_catalog.csv, accessed 2026-09-08)",TOI 3530.01
64531556,false_positive,"TESS FOP Working Group disposition 'FP' via NASA Exoplanet Archive TESS FOP WG catalog snapshot (benchmarks/toi_catalog.csv, accessed 2026-09-08)",TOI 4477.01
64553698,false_positive,"TESS FOP Working Group disposition 'FP' via NASA Exoplanet Archive TESS FOP WG catalog snapshot (benchmarks/toi_catalog.csv, accessed 2026-09-08)",TOI 1397.01
64836837,false_positive,"TESS FOP Working Group disposition 'FP' via NASA Exoplanet Archive TESS FOP WG catalog snapshot (benchmarks/toi_catalog.csv, accessed 2026-09-08)",TOI 1506.01
65347776,false_positive,"TESS FOP Working Group disposition 'FP' via NASA Exoplanet Archive TESS FOP WG catalog snapshot (benchmarks/toi_catalog.csv, accessed 2026-09-08)",TOI 2418.01
66091052,false_positive,"TESS FOP Working Group disposition 'APC' via NASA Exoplanet Archive TESS FOP WG catalog snapshot (benchmarks/toi_catalog.csv, accessed 2026-09-08)",TOI 6053.01
66356824,false_positive,"TESS FOP Working Group disposition 'FP' via NASA Exoplanet Archive TESS FOP WG catalog snapshot (benchmarks/toi_catalog.csv, accessed 2026-09-08)",TOI 315.01
66445643,false_positive,"TESS FOP Working Group disposition 'APC' via NASA Exoplanet Archive TESS FOP WG catalog snapshot (benchmarks/toi_catalog.csv, accessed 2026-09-08)",TOI 1398.01
6653897,false_positive,"TESS FOP Working Group disposition 'FP' via NASA Exoplanet Archive TESS FOP WG catalog snapshot (benchmarks/toi_catalog.csv, accessed 2026-09-08)",TOI 5450.01
66783360,false_positive,"TESS FOP Working Group disposition 'FP' via NASA Exoplanet Archive TESS FOP WG catalog snapshot (benchmarks/toi_catalog.csv, accessed 2026-09-08)",TOI 1399.01
67196573,false_positive,"TESS FOP Working Group disposition 'APC' via NASA Exoplanet Archive TESS FOP WG catalog snapshot (benchmarks/toi_catalog.csv, accessed 2026-09-08)",TOI 2499.01
67247610,false_positive,"TESS FOP Working Group disposition 'FP' via NASA Exoplanet Archive TESS FOP WG catalog snapshot (benchmarks/toi_catalog.csv, accessed 2026-09-08)",TOI 3528.01
67300566,false_positive,"TESS FOP Working Group disposition 'APC' via NASA Exoplanet Archive TESS FOP WG catalog snapshot (benchmarks/toi_catalog.csv, accessed 2026-09-08)",TOI 3756.01
67309890,false_positive,"TESS FOP Working Group disposition 'FP' via NASA Exoplanet Archive TESS FOP WG catalog snapshot (benchmarks/toi_catalog.csv, accessed 2026-09-08)",TOI 1484.01
67622702,false_positive,"TESS FOP Working Group disposition 'APC' via NASA Exoplanet Archive TESS FOP WG catalog snapshot (benchmarks/toi_catalog.csv, accessed 2026-09-08)",TOI 3057.01
67926921,false_positive,"TESS FOP Working Group disposition 'FP' via NASA Exoplanet Archive TESS FOP WG catalog snapshot (benchmarks/toi_catalog.csv, accessed 2026-09-08)",TOI 1712.01
68035558,false_positive,"TESS FOP Working Group disposition 'FA' via NASA Exoplanet Archive TESS FOP WG catalog snapshot (benchmarks/toi_catalog.csv, accessed 2026-09-08)",TOI 3917.01
68152139,false_positive,"TESS FOP Working Group disposition 'FP' via NASA Exoplanet Archive TESS FOP WG catalog snapshot (benchmarks/toi_catalog.csv, accessed 2026-09-08)",TOI 1597.01
68322189,false_positive,"TESS FOP Working Group disposition 'FP' via NASA Exoplanet Archive TESS FOP WG catalog snapshot (benchmarks/toi_catalog.csv, accessed 2026-09-08)",TOI 5016.01
68388114,false_positive,"TESS FOP Working Group disposition 'APC' via NASA Exoplanet Archive TESS FOP WG catalog snapshot (benchmarks/toi_catalog.csv, accessed 2026-09-08)",TOI 3776.01
684936227,false_positive,"TESS FOP Working Group disposition 'FA' via NASA Exoplanet Archive TESS FOP WG catalog snapshot (benchmarks/toi_catalog.csv, accessed 2026-09-08)",TOI 2412.01
686072378,false_positive,"TESS FOP Working Group disposition 'FP' via NASA Exoplanet Archive TESS FOP WG catalog snapshot (benchmarks/toi_catalog.csv, accessed 2026-09-08)",TOI 2438.01
69054388,false_positive,"TESS FOP Working Group disposition 'APC' via NASA Exoplanet Archive TESS FOP WG catalog snapshot (benchmarks/toi_catalog.csv, accessed 2026-09-08)",TOI 6919.01
69672493,false_positive,"TESS FOP Working Group disposition 'FP' via NASA Exoplanet Archive TESS FOP WG catalog snapshot (benchmarks/toi_catalog.csv, accessed 2026-09-08)",TOI 5079.01
69838258,false_positive,"TESS FOP Working Group disposition 'FP' via NASA Exoplanet Archive TESS FOP WG catalog snapshot (benchmarks/toi_catalog.csv, accessed 2026-09-08)",TOI 339.01
69997672,false_positive,"TESS FOP Working Group disposition 'FP' via NASA Exoplanet Archive TESS FOP WG catalog snapshot (benchmarks/toi_catalog.csv, accessed 2026-09-08)",TOI 1133.01
70435923,false_positive,"TESS FOP Working Group disposition 'APC' via NASA Exoplanet Archive TESS FOP WG catalog snapshot (benchmarks/toi_catalog.csv, accessed 2026-09-08)",TOI 6953.01
70797900,false_positive,"TESS FOP Working Group disposition 'APC' via NASA Exoplanet Archive TESS FOP WG catalog snapshot (benchmarks/toi_catalog.csv, accessed 2026-09-08)",TOI 224.01
70887357,false_positive,"TESS FOP Working Group disposition 'FP' via NASA Exoplanet Archive TESS FOP WG catalog snapshot (benchmarks/toi_catalog.csv, accessed 2026-09-08)",TOI 2008.01
70914192,false_positive,"TESS FOP Working Group disposition 'APC' via NASA Exoplanet Archive TESS FOP WG catalog snapshot (benchmarks/toi_catalog.csv, accessed 2026-09-08)",TOI 427.01
71134735,false_positive,"TESS FOP Working Group disposition 'FA' via NASA Exoplanet Archive TESS FOP WG catalog snapshot (benchmarks/toi_catalog.csv, accessed 2026-09-08)",TOI 3824.01
71396541,false_positive,"TESS FOP Working Group disposition 'FP' via NASA Exoplanet Archive TESS FOP WG catalog snapshot (benchmarks/toi_catalog.csv, accessed 2026-09-08)",TOI 4130.01
71401634,false_positive,"TESS FOP Working Group disposition 'FP' via NASA Exoplanet Archive TESS FOP WG catalog snapshot (benchmarks/toi_catalog.csv, accessed 2026-09-08)",TOI 4669.01
71612483,false_positive,"TESS FOP Working Group disposition 'APC' via NASA Exoplanet Archive TESS FOP WG catalog snapshot (benchmarks/toi_catalog.csv, accessed 2026-09-08)",TOI 1834.01
71854732,false_positive,"TESS FOP Working Group disposition 'FP' via NASA Exoplanet Archive TESS FOP WG catalog snapshot (benchmarks/toi_catalog.csv, accessed 2026-09-08)",TOI 3658.01
71854745,false_positive,"TESS FOP Working Group disposition 'FP' via NASA Exoplanet Archive TESS FOP WG catalog snapshot (benchmarks/toi_catalog.csv, accessed 2026-09-08)",TOI 1590.01
72212948,false_positive,"TESS FOP Working Group disposition 'APC' via NASA Exoplanet Archive TESS FOP WG catalog snapshot (benchmarks/toi_catalog.csv, accessed 2026-09-08)",TOI 7549.01
72556406,false_positive,"TESS FOP Working Group disposition 'APC' via NASA Exoplanet Archive TESS FOP WG catalog snapshot (benchmarks/toi_catalog.csv, accessed 2026-09-08)",TOI 2521.01
72668830,false_positive,"TESS FOP Working Group disposition 'FA' via NASA Exoplanet Archive TESS FOP WG catalog snapshot (benchmarks/toi_catalog.csv, accessed 2026-09-08)",TOI 4296.01
72889156,false_positive,"TESS FOP Working Group disposition 'APC' via NASA Exoplanet Archive TESS FOP WG catalog snapshot (benchmarks/toi_catalog.csv, accessed 2026-09-08)",TOI 5756.01
73104318,false_positive,"TESS FOP Working Group disposition 'FP' via NASA Exoplanet Archive TESS FOP WG catalog snapshot (benchmarks/toi_catalog.csv, accessed 2026-09-08)",TOI 1674.01
73244652,false_positive,"TESS FOP Working Group disposition 'FP' via NASA Exoplanet Archive TESS FOP WG catalog snapshot (benchmarks/toi_catalog.csv, accessed 2026-09-08)",TOI 6396.01
73560357,false_positive,"TESS FOP Working Group disposition 'APC' via NASA Exoplanet Archive TESS FOP WG catalog snapshot (benchmarks/toi_catalog.csv, accessed 2026-09-08)",TOI 2165.01
73723286,false_positive,"TESS FOP Working Group disposition 'FP' via NASA Exoplanet Archive TESS FOP WG catalog snapshot (benchmarks/toi_catalog.csv, accessed 2026-09-08)",TOI 665.01
73729607,false_positive,"TESS FOP Working Group disposition 'APC' via NASA Exoplanet Archive TESS FOP WG catalog snapshot (benchmarks/toi_catalog.csv, accessed 2026-09-08)",TOI 7450.01
7413227,false_positive,"TESS FOP Working Group disposition 'APC' via NASA Exoplanet Archive TESS FOP WG catalog snapshot (benchmarks/toi_catalog.csv, accessed 2026-09-08)",TOI 1940.01
74197917,false_positive,"TESS FOP Working Group disposition 'FP' via NASA Exoplanet Archive TESS FOP WG catalog snapshot (benchmarks/toi_catalog.csv, accessed 2026-09-08)",TOI 4261.01
7439481,false_positive,"TESS FOP Working Group disposition 'FP' via NASA Exoplanet Archive TESS FOP WG catalog snapshot (benchmarks/toi_catalog.csv, accessed 2026-09-08)",TOI 4339.01
74482749,false_positive,"TESS FOP Working Group disposition 'FP' via NASA Exoplanet Archive TESS FOP WG catalog snapshot (benchmarks/toi_catalog.csv, accessed 2026-09-08)",TOI 584.01
74484886,false_positive,"TESS FOP Working Group disposition 'FP' via NASA Exoplanet Archive TESS FOP WG catalog snapshot (benchmarks/toi_catalog.csv, accessed 2026-09-08)",TOI 4258.01
75208638,false_positive,"TESS FOP Working Group disposition 'FP' via NASA Exoplanet Archive TESS FOP WG catalog snapshot (benchmarks/toi_catalog.csv, accessed 2026-09-08)",TOI 4257.01
75417968,false_positive,"TESS FOP Working Group disposition 'FP' via NASA Exoplanet Archive TESS FOP WG catalog snapshot (benchmarks/toi_catalog.csv, accessed 2026-09-08)",TOI 7335.01
75427473,false_positive,"TESS FOP Working Group disposition 'FP' via NASA Exoplanet Archive TESS FOP WG catalog snapshot (benchmarks/toi_catalog.csv, accessed 2026-09-08)",TOI 5119.01
75656058,false_positive,"TESS FOP Working Group disposition 'FA' via NASA Exoplanet Archive TESS FOP WG catalog snapshot (benchmarks/toi_catalog.csv, accessed 2026-09-08)",TOI 2171.01
76197937,false_positive,"TESS FOP Working Group disposition 'FA' via NASA Exoplanet Archive TESS FOP WG catalog snapshot (benchmarks/toi_catalog.csv, accessed 2026-09-08)",TOI 2172.01
7624182,false_positive,"TESS FOP Working Group disposition 'FP' via NASA Exoplanet Archive TESS FOP WG catalog snapshot (benchmarks/toi_catalog.csv, accessed 2026-09-08)",TOI 412.01
76505260,false_positive,"TESS FOP Working Group disposition 'FP' via NASA Exoplanet Archive TESS FOP WG catalog snapshot (benchmarks/toi_catalog.csv, accessed 2026-09-08)",TOI 3257.01
76761591,false_positive,"TESS FOP Working Group disposition 'APC' via NASA Exoplanet Archive TESS FOP WG catalog snapshot (benchmarks/toi_catalog.csv, accessed 2026-09-08)",TOI 3340.01
76989773,false_positive,"TESS FOP Working Group disposition 'APC' via NASA Exoplanet Archive TESS FOP WG catalog snapshot (benchmarks/toi_catalog.csv, accessed 2026-09-08)",TOI 182.01
77031413,false_positive,"TESS FOP Working Group disposition 'FP' via NASA Exoplanet Archive TESS FOP WG catalog snapshot (benchmarks/toi_catalog.csv, accessed 2026-09-08)",TOI 368.01
77102895,false_positive,"TESS FOP Working Group disposition 'FP' via NASA Exoplanet Archive TESS FOP WG catalog snapshot (benchmarks/toi_catalog.csv, accessed 2026-09-08)",TOI 4256.01
77228304,false_positive,"TESS FOP Working Group disposition 'FP' via NASA Exoplanet Archive TESS FOP WG catalog snapshot (benchmarks/toi_catalog.csv, accessed 2026-09-08)",TOI 456.01
77253676,false_positive,"TESS FOP Working Group disposition 'APC' via NASA Exoplanet Archive TESS FOP WG catalog snapshot (benchmarks/toi_catalog.csv, accessed 2026-09-08)",TOI 697.01
77951245,false_positive,"TESS FOP Working Group disposition 'APC' via NASA Exoplanet Archive TESS FOP WG catalog snapshot (benchmarks/toi_catalog.csv, accessed 2026-09-08)",TOI 450.01
78154865,false_positive,"TESS FOP Working Group disposition 'FA' via NASA Exoplanet Archive TESS FOP WG catalog snapshot (benchmarks/toi_catalog.csv, accessed 2026-09-08)",TOI 638.01
78601408,false_positive,"TESS FOP Working Group disposition 'APC' via NASA Exoplanet Archive TESS FOP WG catalog snapshot (benchmarks/toi_catalog.csv, accessed 2026-09-08)",TOI 5475.01
78672342,false_positive,"TESS FOP Working Group disposition 'FP' via NASA Exoplanet Archive TESS FOP WG catalog snapshot (benchmarks/toi_catalog.csv, accessed 2026-09-08)",TOI 648.01
78775584,false_positive,"TESS FOP Working Group disposition 'FP' via NASA Exoplanet Archive TESS FOP WG catalog snapshot (benchmarks/toi_catalog.csv, accessed 2026-09-08)",TOI 2811.01
7904580,false_positive,"TESS FOP Working Group disposition 'FP' via NASA Exoplanet Archive TESS FOP WG catalog snapshot (benchmarks/toi_catalog.csv, accessed 2026-09-08)",TOI 3408.01
79395355,false_positive,"TESS FOP Working Group disposition 'FP' via NASA Exoplanet Archive TESS FOP WG catalog snapshot (benchmarks/toi_catalog.csv, accessed 2026-09-08)",TOI 164.01
79431527,false_positive,"TESS FOP Working Group disposition 'APC' via NASA Exoplanet Archive TESS FOP WG catalog snapshot (benchmarks/toi_catalog.csv, accessed 2026-09-08)",TOI 2762.01
80029842,false_positive,"TESS FOP Working Group disposition 'FP' via NASA Exoplanet Archive TESS FOP WG catalog snapshot (benchmarks/toi_catalog.csv, accessed 2026-09-08)",TOI 4840.01
80174172,false_positive,"TESS FOP Working Group disposition 'FP' via NASA Exoplanet Archive TESS FOP WG catalog snapshot (benchmarks/toi_catalog.csv, accessed 2026-09-08)",TOI 3392.01
80275202,false_positive,"TESS FOP Working Group disposition 'FP' via NASA Exoplanet Archive TESS FOP WG catalog snapshot (benchmarks/toi_catalog.csv, accessed 2026-09-08)",TOI 610.01
80478272,false_positive,"TESS FOP Working Group disposition 'FP' via NASA Exoplanet Archive TESS FOP WG catalog snapshot (benchmarks/toi_catalog.csv, accessed 2026-09-08)",TOI 3634.01
80567842,false_positive,"TESS FOP Working Group disposition 'APC' via NASA Exoplanet Archive TESS FOP WG catalog snapshot (benchmarks/toi_catalog.csv, accessed 2026-09-08)",TOI 2491.01
80783538,false_positive,"TESS FOP Working Group disposition 'APC' via NASA Exoplanet Archive TESS FOP WG catalog snapshot (benchmarks/toi_catalog.csv, accessed 2026-09-08)",TOI 4267.01
81212286,false_positive,"TESS FOP Working Group disposition 'FP' via NASA Exoplanet Archive TESS FOP WG catalog snapshot (benchmarks/toi_catalog.csv, accessed 2026-09-08)",TOI 1724.01
81212289,false_positive,"TESS FOP Working Group disposition 'APC' via NASA Exoplanet Archive TESS FOP WG catalog snapshot (benchmarks/toi_catalog.csv, accessed 2026-09-08)",TOI 3823.01
81231810,false_positive,"TESS FOP Working Group disposition 'FP' via NASA Exoplanet Archive TESS FOP WG catalog snapshot (benchmarks/toi_catalog.csv, accessed 2026-09-08)",TOI 2838.01
81429971,false_positive,"TESS FOP Working Group disposition 'FP' via NASA Exoplanet Archive TESS FOP WG catalog snapshot (benchmarks/toi_catalog.csv, accessed 2026-09-08)",TOI 598.01
82010657,false_positive,"TESS FOP Working Group disposition 'FP' via NASA Exoplanet Archive TESS FOP WG catalog snapshot (benchmarks/toi_catalog.csv, accessed 2026-09-08)",TOI 1591.01
82128636,false_positive,"TESS FOP Working Group disposition 'APC' via NASA Exoplanet Archive TESS FOP WG catalog snapshot (benchmarks/toi_catalog.csv, accessed 2026-09-08)",TOI 666.01
82302240,false_positive,"TESS FOP Working Group disposition 'FP' via NASA Exoplanet Archive TESS FOP WG catalog snapshot (benchmarks/toi_catalog.csv, accessed 2026-09-08)",TOI 4255.01
82362447,false_positive,"TESS FOP Working Group disposition 'FP' via NASA Exoplanet Archive TESS FOP WG catalog snapshot (benchmarks/toi_catalog.csv, accessed 2026-09-08)",TOI 639.01
82508808,false_positive,"TESS FOP Working Group disposition 'APC' via NASA Exoplanet Archive TESS FOP WG catalog snapshot (benchmarks/toi_catalog.csv, accessed 2026-09-08)",TOI 5102.01
82707763,false_positive,"TESS FOP Working Group disposition 'FP' via NASA Exoplanet Archive TESS FOP WG catalog snapshot (benchmarks/toi_catalog.csv, accessed 2026-09-08)",TOI 1991.01
83053699,false_positive,"TESS FOP Working Group disposition 'FP' via NASA Exoplanet Archive TESS FOP WG catalog snapshot (benchmarks/toi_catalog.csv, accessed 2026-09-08)",TOI 4002.01
83210867,false_positive,"TESS FOP Working Group disposition 'FP' via NASA Exoplanet Archive TESS FOP WG catalog snapshot (benchmarks/toi_catalog.csv, accessed 2026-09-08)",TOI 1185.01
841226527,false_positive,"TESS FOP Working Group disposition 'FP' via NASA Exoplanet Archive TESS FOP WG catalog snapshot (benchmarks/toi_catalog.csv, accessed 2026-09-08)",TOI 3843.01
84126162,false_positive,"TESS FOP Working Group disposition 'FP' via NASA Exoplanet Archive TESS FOP WG catalog snapshot (benchmarks/toi_catalog.csv, accessed 2026-09-08)",TOI 6920.01
86005116,false_positive,"TESS FOP Working Group disposition 'FP' via NASA Exoplanet Archive TESS FOP WG catalog snapshot (benchmarks/toi_catalog.csv, accessed 2026-09-08)",TOI 6157.01
8621049,false_positive,"TESS FOP Working Group disposition 'APC' via NASA Exoplanet Archive TESS FOP WG catalog snapshot (benchmarks/toi_catalog.csv, accessed 2026-09-08)",TOI 3770.01
86280613,false_positive,"TESS FOP Working Group disposition 'FP' via NASA Exoplanet Archive TESS FOP WG catalog snapshot (benchmarks/toi_catalog.csv, accessed 2026-09-08)",TOI 1786.01
86451883,false_positive,"TESS FOP Working Group disposition 'FP' via NASA Exoplanet Archive TESS FOP WG catalog snapshot (benchmarks/toi_catalog.csv, accessed 2026-09-08)",TOI 3507.01
8677530,false_positive,"TESS FOP Working Group disposition 'FA' via NASA Exoplanet Archive TESS FOP WG catalog snapshot (benchmarks/toi_catalog.csv, accessed 2026-09-08)",TOI 3827.01
87044036,false_positive,"TESS FOP Working Group disposition 'FP' via NASA Exoplanet Archive TESS FOP WG catalog snapshot (benchmarks/toi_catalog.csv, accessed 2026-09-08)",TOI 5456.01
87597187,false_positive,"TESS FOP Working Group disposition 'FA' via NASA Exoplanet Archive TESS FOP WG catalog snapshot (benchmarks/toi_catalog.csv, accessed 2026-09-08)",TOI 3740.01
87827371,false_positive,"TESS FOP Working Group disposition 'APC' via NASA Exoplanet Archive TESS FOP WG catalog snapshot (benchmarks/toi_catalog.csv, accessed 2026-09-08)",TOI 5465.01
88840705,false_positive,"TESS FOP Working Group disposition 'APC' via NASA Exoplanet Archive TESS FOP WG catalog snapshot (benchmarks/toi_catalog.csv, accessed 2026-09-08)",TOI 2318.01
88977253,false_positive,"TESS FOP Working Group disposition 'APC' via NASA Exoplanet Archive TESS FOP WG catalog snapshot (benchmarks/toi_catalog.csv, accessed 2026-09-08)",TOI 496.01
88996391,false_positive,"TESS FOP Working Group disposition 'APC' via NASA Exoplanet Archive TESS FOP WG catalog snapshot (benchmarks/toi_catalog.csv, accessed 2026-09-08)",TOI 2121.01
89510024,false_positive,"TESS FOP Working Group disposition 'FP' via NASA Exoplanet Archive TESS FOP WG catalog snapshot (benchmarks/toi_catalog.csv, accessed 2026-09-08)",TOI 1160.01
89535068,false_positive,"TESS FOP Working Group disposition 'FP' via NASA Exoplanet Archive TESS FOP WG catalog snapshot (benchmarks/toi_catalog.csv, accessed 2026-09-08)",TOI 1983.01
89643259,false_positive,"TESS FOP Working Group disposition 'FP' via NASA Exoplanet Archive TESS FOP WG catalog snapshot (benchmarks/toi_catalog.csv, accessed 2026-09-08)",TOI 1193.01
89702406,false_positive,"TESS FOP Working Group disposition 'FP' via NASA Exoplanet Archive TESS FOP WG catalog snapshot (benchmarks/toi_catalog.csv, accessed 2026-09-08)",TOI 4627.01
89759617,false_positive,"TESS FOP Working Group disposition 'FP' via NASA Exoplanet Archive TESS FOP WG catalog snapshot (benchmarks/toi_catalog.csv, accessed 2026-09-08)",TOI 1335.01
89876424,false_positive,"TESS FOP Working Group disposition 'FP' via NASA Exoplanet Archive TESS FOP WG catalog snapshot (benchmarks/toi_catalog.csv, accessed 2026-09-08)",TOI 3526.01
8988289,false_positive,"TESS FOP Working Group disposition 'APC' via NASA Exoplanet Archive TESS FOP WG catalog snapshot (benchmarks/toi_catalog.csv, accessed 2026-09-08)",TOI 316.01
9032368,false_positive,"TESS FOP Working Group disposition 'FP' via NASA Exoplanet Archive TESS FOP WG catalog snapshot (benchmarks/toi_catalog.csv, accessed 2026-09-08)",TOI 373.01
9033144,false_positive,"TESS FOP Working Group disposition 'FP' via NASA Exoplanet Archive TESS FOP WG catalog snapshot (benchmarks/toi_catalog.csv, accessed 2026-09-08)",TOI 367.01
90448944,false_positive,"TESS FOP Working Group disposition 'FP' via NASA Exoplanet Archive TESS FOP WG catalog snapshot (benchmarks/toi_catalog.csv, accessed 2026-09-08)",TOI 1043.01
90504905,false_positive,"TESS FOP Working Group disposition 'FP' via NASA Exoplanet Archive TESS FOP WG catalog snapshot (benchmarks/toi_catalog.csv, accessed 2026-09-08)",TOI 1234.01
90544017,false_positive,"TESS FOP Working Group disposition 'FP' via NASA Exoplanet Archive TESS FOP WG catalog snapshot (benchmarks/toi_catalog.csv, accessed 2026-09-08)",TOI 1038.01
90853136,false_positive,"TESS FOP Working Group disposition 'APC' via NASA Exoplanet Archive TESS FOP WG catalog snapshot (benchmarks/toi_catalog.csv, accessed 2026-09-08)",TOI 5092.01
90919952,false_positive,"TESS FOP Working Group disposition 'FP' via NASA Exoplanet Archive TESS FOP WG catalog snapshot (benchmarks/toi_catalog.csv, accessed 2026-09-08)",TOI 1118.01
909930,false_positive,"TESS FOP Working Group disposition 'APC' via NASA Exoplanet Archive TESS FOP WG catalog snapshot (benchmarks/toi_catalog.csv, accessed 2026-09-08)",TOI 5287.01
9102327,false_positive,"TESS FOP Working Group disposition 'FP' via NASA Exoplanet Archive TESS FOP WG catalog snapshot (benchmarks/toi_catalog.csv, accessed 2026-09-08)",TOI 313.01
91576611,false_positive,"TESS FOP Working Group disposition 'FP' via NASA Exoplanet Archive TESS FOP WG catalog snapshot (benchmarks/toi_catalog.csv, accessed 2026-09-08)",TOI 1129.01
91869778,false_positive,"TESS FOP Working Group disposition 'FP' via NASA Exoplanet Archive TESS FOP WG catalog snapshot (benchmarks/toi_catalog.csv, accessed 2026-09-08)",TOI 2736.01
92013169,false_positive,"TESS FOP Working Group disposition 'FP' via NASA Exoplanet Archive TESS FOP WG catalog snapshot (benchmarks/toi_catalog.csv, accessed 2026-09-08)",TOI 882.01
9216075,false_positive,"TESS FOP Working Group disposition 'APC' via NASA Exoplanet Archive TESS FOP WG catalog snapshot (benchmarks/toi_catalog.csv, accessed 2026-09-08)",TOI 6903.01
92359850,false_positive,"TESS FOP Working Group disposition 'FP' via NASA Exoplanet Archive TESS FOP WG catalog snapshot (benchmarks/toi_catalog.csv, accessed 2026-09-08)",TOI 387.01
92783821,false_positive,"TESS FOP Working Group disposition 'FP' via NASA Exoplanet Archive TESS FOP WG catalog snapshot (benchmarks/toi_catalog.csv, accessed 2026-09-08)",TOI 1336.01
92880568,false_positive,"TESS FOP Working Group disposition 'APC' via NASA Exoplanet Archive TESS FOP WG catalog snapshot (benchmarks/toi_catalog.csv, accessed 2026-09-08)",TOI 958.01
93125144,false_positive,"TESS FOP Working Group disposition 'FA' via NASA Exoplanet Archive TESS FOP WG catalog snapshot (benchmarks/toi_catalog.csv, accessed 2026-09-08)",TOI 523.01
9346507,false_positive,"TESS FOP Working Group disposition 'APC' via NASA Exoplanet Archive TESS FOP WG catalog snapshot (benchmarks/toi_catalog.csv, accessed 2026-09-08)",TOI 3826.01
93594834,false_positive,"TESS FOP Working Group disposition 'FP' via NASA Exoplanet Archive TESS FOP WG catalog snapshot (benchmarks/toi_catalog.csv, accessed 2026-09-08)",TOI 980.01
9392421,false_positive,"TESS FOP Working Group disposition 'APC' via NASA Exoplanet Archive TESS FOP WG catalog snapshot (benchmarks/toi_catalog.csv, accessed 2026-09-08)",TOI 1822.01
93963408,false_positive,"TESS FOP Working Group disposition 'FP' via NASA Exoplanet Archive TESS FOP WG catalog snapshot (benchmarks/toi_catalog.csv, accessed 2026-09-08)",TOI 994.01
94609570,false_positive,"TESS FOP Working Group disposition 'APC' via NASA Exoplanet Archive TESS FOP WG catalog snapshot (benchmarks/toi_catalog.csv, accessed 2026-09-08)",TOI 3655.01
94727308,false_positive,"TESS FOP Working Group disposition 'APC' via NASA Exoplanet Archive TESS FOP WG catalog snapshot (benchmarks/toi_catalog.csv, accessed 2026-09-08)",TOI 4622.01
95010343,false_positive,"TESS FOP Working Group disposition 'FP' via NASA Exoplanet Archive TESS FOP WG catalog snapshot (benchmarks/toi_catalog.csv, accessed 2026-09-08)",TOI 5134.01
95122849,false_positive,"TESS FOP Working Group disposition 'APC' via NASA Exoplanet Archive TESS FOP WG catalog snapshot (benchmarks/toi_catalog.csv, accessed 2026-09-08); TESS FOP Working Group disposition 'FP' via NASA Exoplanet Archive TESS FOP WG catalog snapshot (benchmarks/toi_catalog.csv, accessed 2026-09-08)","TOI 5478.01, 5478.02"
95129101,false_positive,"TESS FOP Working Group disposition 'FP' via NASA Exoplanet Archive TESS FOP WG catalog snapshot (benchmarks/toi_catalog.csv, accessed 2026-09-08)",TOI 1704.01
95423778,false_positive,"TESS FOP Working Group disposition 'APC' via NASA Exoplanet Archive TESS FOP WG catalog snapshot (benchmarks/toi_catalog.csv, accessed 2026-09-08)",TOI 5792.01
96055535,false_positive,"TESS FOP Working Group disposition 'APC' via NASA Exoplanet Archive TESS FOP WG catalog snapshot (benchmarks/toi_catalog.csv, accessed 2026-09-08)",TOI 3390.01
96097215,false_positive,"TESS FOP Working Group disposition 'FA' via NASA Exoplanet Archive TESS FOP WG catalog snapshot (benchmarks/toi_catalog.csv, accessed 2026-09-08)",TOI 728.01
96246348,false_positive,"TESS FOP Working Group disposition 'FP' via NASA Exoplanet Archive TESS FOP WG catalog snapshot (benchmarks/toi_catalog.csv, accessed 2026-09-08)",TOI 1014.01
96291218,false_positive,"TESS FOP Working Group disposition 'FP' via NASA Exoplanet Archive TESS FOP WG catalog snapshot (benchmarks/toi_catalog.csv, accessed 2026-09-08)",TOI 1678.01
96885837,false_positive,"TESS FOP Working Group disposition 'APC' via NASA Exoplanet Archive TESS FOP WG catalog snapshot (benchmarks/toi_catalog.csv, accessed 2026-09-08)",TOI 7284.01
97158538,false_positive,"TESS FOP Working Group disposition 'FP' via NASA Exoplanet Archive TESS FOP WG catalog snapshot (benchmarks/toi_catalog.csv, accessed 2026-09-08)",TOI 631.01
9727392,false_positive,"TESS FOP Working Group disposition 'FP' via NASA Exoplanet Archive TESS FOP WG catalog snapshot (benchmarks/toi_catalog.csv, accessed 2026-09-08)",TOI 236.01
97700520,false_positive,"TESS FOP Working Group disposition 'FP' via NASA Exoplanet Archive TESS FOP WG catalog snapshot (benchmarks/toi_catalog.csv, accessed 2026-09-08)",TOI 1013.01
97735297,false_positive,"TESS FOP Working Group disposition 'FP' via NASA Exoplanet Archive TESS FOP WG catalog snapshot (benchmarks/toi_catalog.csv, accessed 2026-09-08)",TOI 5107.01
9804616,false_positive,"TESS FOP Working Group disposition 'FP' via NASA Exoplanet Archive TESS FOP WG catalog snapshot (benchmarks/toi_catalog.csv, accessed 2026-09-08)",TOI 460.01
98286422,false_positive,"TESS FOP Working Group disposition 'FP' via NASA Exoplanet Archive TESS FOP WG catalog snapshot (benchmarks/toi_catalog.csv, accessed 2026-09-08)",TOI 2835.01
9830791,false_positive,"TESS FOP Working Group disposition 'FP' via NASA Exoplanet Archive TESS FOP WG catalog snapshot (benchmarks/toi_catalog.csv, accessed 2026-09-08)",TOI 3766.01
9837861,false_positive,"TESS FOP Working Group disposition 'FP' via NASA Exoplanet Archive TESS FOP WG catalog snapshot (benchmarks/toi_catalog.csv, accessed 2026-09-08)",TOI 1679.01
98494121,false_positive,"TESS FOP Working Group disposition 'FP' via NASA Exoplanet Archive TESS FOP WG catalog snapshot (benchmarks/toi_catalog.csv, accessed 2026-09-08)",TOI 2240.01
9858404,false_positive,"TESS FOP Working Group disposition 'APC' via NASA Exoplanet Archive TESS FOP WG catalog snapshot (benchmarks/toi_catalog.csv, accessed 2026-09-08)",TOI 394.01
98613492,false_positive,"TESS FOP Working Group disposition 'FP' via NASA Exoplanet Archive TESS FOP WG catalog snapshot (benchmarks/toi_catalog.csv, accessed 2026-09-08)",TOI 6355.01
98957720,false_positive,"TESS FOP Working Group disposition 'APC' via NASA Exoplanet Archive TESS FOP WG catalog snapshot (benchmarks/toi_catalog.csv, accessed 2026-09-08)",TOI 3501.01
99330090,false_positive,"TESS FOP Working Group disposition 'FP' via NASA Exoplanet Archive TESS FOP WG catalog snapshot (benchmarks/toi_catalog.csv, accessed 2026-09-08)",TOI 3883.01
99493790,false_positive,"TESS FOP Working Group disposition 'APC' via NASA Exoplanet Archive TESS FOP WG catalog snapshot (benchmarks/toi_catalog.csv, accessed 2026-09-08)",TOI 162.01
99796664,false_positive,"TESS FOP Working Group disposition 'APC' via NASA Exoplanet Archive TESS FOP WG catalog snapshot (benchmarks/toi_catalog.csv, accessed 2026-09-08)",TOI 7295.01
99834321,false_positive,"TESS FOP Working Group disposition 'APC' via NASA Exoplanet Archive TESS FOP WG catalog snapshot (benchmarks/toi_catalog.csv, accessed 2026-09-08)",TOI 7005.01
100100827,planet,"TESS FOP Working Group disposition 'KP' via NASA Exoplanet Archive TESS FOP WG catalog snapshot (benchmarks/toi_catalog.csv, accessed 2026-09-08)",TOI 185.01
1003831,planet,"TESS FOP Working Group disposition 'CP' via NASA Exoplanet Archive TESS FOP WG catalog snapshot (benchmarks/toi_catalog.csv, accessed 2026-09-08)",TOI 564.01
100389539,planet,"TESS FOP Working Group disposition 'CP' via NASA Exoplanet Archive TESS FOP WG catalog snapshot (benchmarks/toi_catalog.csv, accessed 2026-09-08)",TOI 4791.01
100566492,planet,"TESS FOP Working Group disposition 'KP' via NASA Exoplanet Archive TESS FOP WG catalog snapshot (benchmarks/toi_catalog.csv, accessed 2026-09-08)",TOI 2198.01
100990000,planet,"TESS FOP Working Group disposition 'CP' via NASA Exoplanet Archive TESS FOP WG catalog snapshot (benchmarks/toi_catalog.csv, accessed 2026-09-08)","TOI 411.01, 411.02"
101011575,planet,"TESS FOP Working Group disposition 'CP' via NASA Exoplanet Archive TESS FOP WG catalog snapshot (benchmarks/toi_catalog.csv, accessed 2026-09-08)","TOI 560.01, 560.02"
101037590,planet,"TESS FOP Working Group disposition 'CP' via NASA Exoplanet Archive TESS FOP WG catalog snapshot (benchmarks/toi_catalog.csv, accessed 2026-09-08)",TOI 1605.01
101721385,planet,"TESS FOP Working Group disposition 'KP' via NASA Exoplanet Archive TESS FOP WG catalog snapshot (benchmarks/toi_catalog.csv, accessed 2026-09-08)",TOI 2129.01
101955023,planet,"TESS FOP Working Group disposition 'KP' via NASA Exoplanet Archive TESS FOP WG catalog snapshot (benchmarks/toi_catalog.csv, accessed 2026-09-08)",TOI 667.01
102068384,planet,"TESS FOP Working Group disposition 'KP' via NASA Exoplanet Archive TESS FOP WG catalog snapshot (benchmarks/toi_catalog.csv, accessed 2026-09-08)",TOI 7492.01
102192004,planet,"TESS FOP Working Group disposition 'KP' via NASA Exoplanet Archive TESS FOP WG catalog snapshot (benchmarks/toi_catalog.csv, accessed 2026-09-08)",TOI 1919.01
102264230,planet,"TESS FOP Working Group disposition 'KP' via NASA Exoplanet Archive TESS FOP WG catalog snapshot (benchmarks/toi_catalog.csv, accessed 2026-09-08)",TOI 4539.01
102713734,planet,"TESS FOP Working Group disposition 'CP' via NASA Exoplanet Archive TESS FOP WG catalog snapshot (benchmarks/toi_catalog.csv, accessed 2026-09-08)",TOI 2580.01
102734241,planet,"TESS FOP Working Group disposition 'CP' via NASA Exoplanet Archive TESS FOP WG catalog snapshot (benchmarks/toi_catalog.csv, accessed 2026-09-08)",TOI 6002.01
102840239,planet,"TESS FOP Working Group disposition 'CP' via NASA Exoplanet Archive TESS FOP WG catalog snapshot (benchmarks/toi_catalog.csv, accessed 2026-09-08)","TOI 815.01, 815.02"
103633434,planet,"TESS FOP Working Group disposition 'CP' via NASA Exoplanet Archive TESS FOP WG catalog snapshot (benchmarks/toi_catalog.csv, accessed 2026-09-08)",TOI 1235.01
103751498,planet,"TESS FOP Working Group disposition 'KP' via NASA Exoplanet Archive TESS FOP WG catalog snapshot (benchmarks/toi_catalog.csv, accessed 2026-09-08)",TOI 2579.01
104024556,planet,"TESS FOP Working Group disposition 'KP' via NASA Exoplanet Archive TESS FOP WG catalog snapshot (benchmarks/toi_catalog.csv, accessed 2026-09-08)",TOI 748.01
104866616,planet,"TESS FOP Working Group disposition 'KP' via NASA Exoplanet Archive TESS FOP WG catalog snapshot (benchmarks/toi_catalog.csv, accessed 2026-09-08)",TOI 7059.01
106402532,planet,"TESS FOP Working Group disposition 'CP' via NASA Exoplanet Archive TESS FOP WG catalog snapshot (benchmarks/toi_catalog.csv, accessed 2026-09-08)",TOI 733.01
10837041,planet,"TESS FOP Working Group disposition 'CP' via NASA Exoplanet Archive TESS FOP WG catalog snapshot (benchmarks/toi_catalog.csv, accessed 2026-09-08)",TOI 2411.01
110178537,planet,"TESS FOP Working Group disposition 'KP' via NASA Exoplanet Archive TESS FOP WG catalog snapshot (benchmarks/toi_catalog.csv, accessed 2026-09-08)",TOI 7056.01
111991770,planet,"TESS FOP Working Group disposition 'KP' via NASA Exoplanet Archive TESS FOP WG catalog snapshot (benchmarks/toi_catalog.csv, accessed 2026-09-08)",TOI 820.01
112099249,planet,"TESS FOP Working Group disposition 'KP' via NASA Exoplanet Archive TESS FOP WG catalog snapshot (benchmarks/toi_catalog.csv, accessed 2026-09-08)",TOI 1921.01
112604564,planet,"TESS FOP Working Group disposition 'KP' via NASA Exoplanet Archive TESS FOP WG catalog snapshot (benchmarks/toi_catalog.csv, accessed 2026-09-08)",TOI 1922.01
11270200,planet,"TESS FOP Working Group disposition 'KP' via NASA Exoplanet Archive TESS FOP WG catalog snapshot (benchmarks/toi_catalog.csv, accessed 2026-09-08)",TOI 7478.01
1129033,planet,"TESS FOP Working Group disposition 'KP' via NASA Exoplanet Archive TESS FOP WG catalog snapshot (benchmarks/toi_catalog.csv, accessed 2026-09-08)",TOI 398.01
113921235,planet,"TESS FOP Working Group disposition 'CP' via NASA Exoplanet Archive TESS FOP WG catalog snapshot (benchmarks/toi_catalog.csv, accessed 2026-09-08)",TOI 6982.01
114299824,planet,"TESS FOP Working Group disposition 'KP' via NASA Exoplanet Archive TESS FOP WG catalog snapshot (benchmarks/toi_catalog.csv, accessed 2026-09-08)",TOI 1923.01
11439959,planet,"TESS FOP Working Group disposition 'KP' via NASA Exoplanet Archive TESS FOP WG catalog snapshot (benchmarks/toi_catalog.csv, accessed 2026-09-08)",TOI 7503.01
114749636,planet,"TESS FOP Working Group disposition 'KP' via NASA Exoplanet Archive TESS FOP WG catalog snapshot (benchmarks/toi_catalog.csv, accessed 2026-09-08)",TOI 306.01
115010361,planet,"TESS FOP Working Group disposition 'KP' via NASA Exoplanet Archive TESS FOP WG catalog snapshot (benchmarks/toi_catalog.csv, accessed 2026-09-08)",TOI 5163.01
115524421,planet,"TESS FOP Working Group disposition 'KP' via NASA Exoplanet Archive TESS FOP WG catalog snapshot (benchmarks/toi_catalog.csv, accessed 2026-09-08)",TOI 2064.01
11561667,planet,"TESS FOP Working Group disposition 'CP' via NASA Exoplanet Archive TESS FOP WG catalog snapshot (benchmarks/toi_catalog.csv, accessed 2026-09-08)",TOI 730.01
116156517,planet,"TESS FOP Working Group disposition 'KP' via NASA Exoplanet Archive TESS FOP WG catalog snapshot (benchmarks/toi_catalog.csv, accessed 2026-09-08)",TOI 338.01
116242971,planet,"TESS FOP Working Group disposition 'KP' via NASA Exoplanet Archive TESS FOP WG catalog snapshot (benchmarks/toi_catalog.csv, accessed 2026-09-08)",TOI 2125.01
116264089,planet,"TESS FOP Working Group disposition 'KP' via NASA Exoplanet Archive TESS FOP WG catalog snapshot (benchmarks/toi_catalog.csv, accessed 2026-09-08)",TOI 2126.01
116483514,planet,"TESS FOP Working Group disposition 'CP' via NASA Exoplanet Archive TESS FOP WG catalog snapshot (benchmarks/toi_catalog.csv, accessed 2026-09-08)",TOI 1411.01
1167538,planet,"TESS FOP Working Group disposition 'CP' via NASA Exoplanet Archive TESS FOP WG catalog snapshot (benchmarks/toi_catalog.csv, accessed 2026-09-08)",TOI 2447.01
117275513,planet,"TESS FOP Working Group disposition 'KP' via NASA Exoplanet Archive TESS FOP WG catalog snapshot (benchmarks/toi_catalog.csv, accessed 2026-09-08)",TOI 5067.01
11755687,planet,"TESS FOP Working Group disposition 'KP' via NASA Exoplanet Archive TESS FOP WG catalog snapshot (benchmarks/toi_catalog.csv, accessed 2026-09-08)",TOI 7383.01
117979897,planet,"TESS FOP Working Group disposition 'KP' via NASA Exoplanet Archive TESS FOP WG catalog snapshot (benchmarks/toi_catalog.csv, accessed 2026-09-08)",TOI 443.01
118327550,planet,"TESS FOP Working Group disposition 'CP' via NASA Exoplanet Archive TESS FOP WG catalog snapshot (benchmarks/toi_catalog.csv, accessed 2026-09-08)",TOI 244.01
118798035,planet,"TESS FOP Working Group disposition 'CP' via NASA Exoplanet Archive TESS FOP WG catalog snapshot (benchmarks/toi_catalog.csv, accessed 2026-09-08)","TOI 7510.01, 7510.02, 7510.03"
118956453,planet,"TESS FOP Working Group disposition 'KP' via NASA Exoplanet Archive TESS FOP WG catalog snapshot (benchmarks/toi_catalog.csv, accessed 2026-09-08)",TOI 1925.01
119262291,planet,"TESS FOP Working Group disposition 'KP' via NASA Exoplanet Archive TESS FOP WG catalog snapshot (benchmarks/toi_catalog.csv, accessed 2026-09-08)",TOI 7491.01
119584412,planet,"TESS FOP Working Group disposition 'CP' via NASA Exoplanet Archive TESS FOP WG catalog snapshot (benchmarks/toi_catalog.csv, accessed 2026-09-08)",TOI 1801.01
119585136,planet,"TESS FOP Working Group disposition 'CP' via NASA Exoplanet Archive TESS FOP WG catalog snapshot (benchmarks/toi_catalog.csv, accessed 2026-09-08)",TOI 5634.01
120247528,planet,"TESS FOP Working Group disposition 'KP' via NASA Exoplanet Archive TESS FOP WG catalog snapshot (benchmarks/toi_catalog.csv, accessed 2026-09-08)",TOI 1071.01
120255950,planet,"TESS FOP Working Group disposition 'KP' via NASA Exoplanet Archive TESS FOP WG catalog snapshot (benchmarks/toi_catalog.csv, accessed 2026-09-08)",TOI 4584.01
120317234,planet,"TESS FOP Working Group disposition 'KP' via NASA Exoplanet Archive TESS FOP WG catalog snapshot (benchmarks/toi_catalog.csv, accessed 2026-09-08)",TOI 5999.01
120610833,planet,"TESS FOP Working Group disposition 'KP' via NASA Exoplanet Archive TESS FOP WG catalog snapshot (benchmarks/toi_catalog.csv, accessed 2026-09-08)",TOI 229.01
120692092,planet,"TESS FOP Working Group disposition 'KP' via NASA Exoplanet Archive TESS FOP WG catalog snapshot (benchmarks/toi_catalog.csv, accessed 2026-09-08)",TOI 5984.01
120757718,planet,"TESS FOP Working Group disposition 'KP' via NASA Exoplanet Archive TESS FOP WG catalog snapshot (benchmarks/toi_catalog.csv, accessed 2026-09-08)",TOI 1236.01
120826158,planet,"TESS FOP Working Group disposition 'CP' via NASA Exoplanet Archive TESS FOP WG catalog snapshot (benchmarks/toi_catalog.csv, accessed 2026-09-08)",TOI 4495.01
120896927,planet,"TESS FOP Working Group disposition 'CP' via NASA Exoplanet Archive TESS FOP WG catalog snapshot (benchmarks/toi_catalog.csv, accessed 2026-09-08)","TOI 402.01, 402.02"
120916706,planet,"TESS FOP Working Group disposition 'CP' via NASA Exoplanet Archive TESS FOP WG catalog snapshot (benchmarks/toi_catalog.csv, accessed 2026-09-08)",TOI 263.01
120960812,planet,"TESS FOP Working Group disposition 'KP' via NASA Exoplanet Archive TESS FOP WG catalog snapshot (benchmarks/toi_catalog.csv, accessed 2026-09-08)","TOI 1237.01, 1237.02"
121490076,planet,"TESS FOP Working Group disposition 'KP' via NASA Exoplanet Archive TESS FOP WG catalog snapshot (benchmarks/toi_catalog.csv, accessed 2026-09-08)",TOI 6726.01
121660904,planet,"TESS FOP Working Group disposition 'KP' via NASA Exoplanet Archive TESS FOP WG catalog snapshot (benchmarks/toi_catalog.csv, accessed 2026-09-08)",TOI 4431.01
121731834,planet,"TESS FOP Working Group disposition 'KP' via NASA Exoplanet Archive TESS FOP WG catalog snapshot (benchmarks/toi_catalog.csv, accessed 2026-09-08)",TOI 6003.01
122375047,planet,"TESS FOP Working Group disposition 'KP' via NASA Exoplanet Archive TESS FOP WG catalog snapshot (benchmarks/toi_catalog.csv, accessed 2026-09-08)",TOI 6088.01
122441491,planet,"TESS FOP Working Group disposition 'KP' via NASA Exoplanet Archive TESS FOP WG catalog snapshot (benchmarks/toi_catalog.csv, accessed 2026-09-08)",TOI 4473.01
122596693,planet,"TESS FOP Working Group disposition 'KP' via NASA Exoplanet Archive TESS FOP WG catalog snapshot (benchmarks/toi_catalog.csv, accessed 2026-09-08)",TOI 4435.01
122612091,planet,"TESS FOP Working Group disposition 'KP' via NASA Exoplanet Archive TESS FOP WG catalog snapshot (benchmarks/toi_catalog.csv, accessed 2026-09-08)",TOI 264.01
122617317,planet,"TESS FOP Working Group disposition 'CP' via NASA Exoplanet Archive TESS FOP WG catalog snapshot (benchmarks/toi_catalog.csv, accessed 2026-09-08)","TOI 4311.01, 4311.02"
122785299,planet,"TESS FOP Working Group disposition 'KP' via NASA Exoplanet Archive TESS FOP WG catalog snapshot (benchmarks/toi_catalog.csv, accessed 2026-09-08)",TOI 4592.01
123233041,planet,"TESS FOP Working Group disposition 'KP' via NASA Exoplanet Archive TESS FOP WG catalog snapshot (benchmarks/toi_catalog.csv, accessed 2026-09-08)",TOI 2177.01
123309556,planet,"TESS FOP Working Group disposition 'KP' via NASA Exoplanet Archive TESS FOP WG catalog snapshot (benchmarks/toi_catalog.csv, accessed 2026-09-08)",TOI 6006.01
123357864,planet,"TESS FOP Working Group disposition 'KP' via NASA Exoplanet Archive TESS FOP WG catalog snapshot (benchmarks/toi_catalog.csv, accessed 2026-09-08)",TOI 6005.01
123482865,planet,"TESS FOP Working Group disposition 'CP' via NASA Exoplanet Archive TESS FOP WG catalog snapshot (benchmarks/toi_catalog.csv, accessed 2026-09-08)",TOI 569.01
123495874,planet,"TESS FOP Working Group disposition 'KP' via NASA Exoplanet Archive TESS FOP WG catalog snapshot (benchmarks/toi_catalog.csv, accessed 2026-09-08)",TOI 2176.01
124029677,planet,"TESS FOP Working Group disposition 'CP' via NASA Exoplanet Archive TESS FOP WG catalog snapshot (benchmarks/toi_catalog.csv, accessed 2026-09-08)",TOI 5153.01
12421862,planet,"TESS FOP Working Group disposition 'CP' via NASA Exoplanet Archive TESS FOP WG catalog snapshot (benchmarks/toi_catalog.csv, accessed 2026-09-08)",TOI 198.01
124379043,planet,"TESS FOP Working Group disposition 'CP' via NASA Exoplanet Archive TESS FOP WG catalog snapshot (benchmarks/toi_catalog.csv, accessed 2026-09-08)",TOI 2803.01
124573851,planet,"TESS FOP Working Group disposition 'CP' via NASA Exoplanet Archive TESS FOP WG catalog snapshot (benchmarks/toi_catalog.csv, accessed 2026-09-08)",TOI 669.01
124778445,planet,"TESS FOP Working Group disposition 'KP' via NASA Exoplanet Archive TESS FOP WG catalog snapshot (benchmarks/toi_catalog.csv, accessed 2026-09-08)",TOI 2503.01
125520907,planet,"TESS FOP Working Group disposition 'CP' via NASA Exoplanet Archive TESS FOP WG catalog snapshot (benchmarks/toi_catalog.csv, accessed 2026-09-08)",TOI 6019.01
125739286,planet,"TESS FOP Working Group disposition 'KP' via NASA Exoplanet Archive TESS FOP WG catalog snapshot (benchmarks/toi_catalog.csv, accessed 2026-09-08)",TOI 1934.01
12611594,planet,"TESS FOP Working Group disposition 'KP' via NASA Exoplanet Archive TESS FOP WG catalog snapshot (benchmarks/toi_catalog.csv, accessed 2026-09-08)",TOI 7493.01
126325985,planet,"TESS FOP Working Group disposition 'KP' via NASA Exoplanet Archive TESS FOP WG catalog snapshot (benchmarks/toi_catalog.csv, accessed 2026-09-08)",TOI 7477.01
126606859,planet,"TESS FOP Working Group disposition 'CP' via NASA Exoplanet Archive TESS FOP WG catalog snapshot (benchmarks/toi_catalog.csv, accessed 2026-09-08)",TOI 4479.01
127530399,planet,"TESS FOP Working Group disposition 'CP' via NASA Exoplanet Archive TESS FOP WG catalog snapshot (benchmarks/toi_catalog.csv, accessed 2026-09-08); TESS FOP Working Group disposition 'KP' via NASA Exoplanet Archive TESS FOP WG catalog snapshot (benchmarks/toi_catalog.csv, accessed 2026-09-08)","TOI 822.01, 822.02"
12862099,planet,"TESS FOP Working Group disposition 'KP' via NASA Exoplanet Archive TESS FOP WG catalog snapshot (benchmarks/toi_catalog.csv, accessed 2026-09-08)",TOI 259.01
129979528,planet,"TESS FOP Working Group disposition 'KP' via NASA Exoplanet Archive TESS FOP WG catalog snapshot (benchmarks/toi_catalog.csv, accessed 2026-09-08)",TOI 1599.01
130181866,planet,"TESS FOP Working Group disposition 'CP' via NASA Exoplanet Archive TESS FOP WG catalog snapshot (benchmarks/toi_catalog.csv, accessed 2026-09-08)","TOI 1726.01, 1726.02"
13021029,planet,"TESS FOP Working Group disposition 'KP' via NASA Exoplanet Archive TESS FOP WG catalog snapshot (benchmarks/toi_catalog.csv, accessed 2026-09-08)",TOI 439.01
130633912,planet,"TESS FOP Working Group disposition 'KP' via NASA Exoplanet Archive TESS FOP WG catalog snapshot (benchmarks/toi_catalog.csv, accessed 2026-09-08)",TOI 7497.01
130924120,planet,"TESS FOP Working Group disposition 'CP' via NASA Exoplanet Archive TESS FOP WG catalog snapshot (benchmarks/toi_catalog.csv, accessed 2026-09-08)",TOI 757.01
1333933,planet,"TESS FOP Working Group disposition 'KP' via NASA Exoplanet Archive TESS FOP WG catalog snapshot (benchmarks/toi_catalog.csv, accessed 2026-09-08)",TOI 7719.01
13349647,planet,"TESS FOP Working Group disposition 'KP' via NASA Exoplanet Archive TESS FOP WG catalog snapshot (benchmarks/toi_catalog.csv, accessed 2026-09-08)",TOI 567.01
134200185,planet,"TESS FOP Working Group disposition 'CP' via NASA Exoplanet Archive TESS FOP WG catalog snapshot (benchmarks/toi_catalog.csv, accessed 2026-09-08)",TOI 500.01
134537478,planet,"TESS FOP Working Group disposition 'KP' via NASA Exoplanet Archive TESS FOP WG catalog snapshot (benchmarks/toi_catalog.csv, accessed 2026-09-08)",TOI 501.01
136916387,planet,"TESS FOP Working Group disposition 'KP' via NASA Exoplanet Archive TESS FOP WG catalog snapshot (benchmarks/toi_catalog.csv, accessed 2026-09-08)","TOI 2011.01, 2011.02, 2011.03"
137151335,planet,"TESS FOP Working Group disposition 'KP' via NASA Exoplanet Archive TESS FOP WG catalog snapshot (benchmarks/toi_catalog.csv, accessed 2026-09-08)",TOI 5979.01
137402055,planet,"TESS FOP Working Group disposition 'KP' via NASA Exoplanet Archive TESS FOP WG catalog snapshot (benchmarks/toi_catalog.csv, accessed 2026-09-08)",TOI 4570.01
137683938,planet,"TESS FOP Working Group disposition 'KP' via NASA Exoplanet Archive TESS FOP WG catalog snapshot (benchmarks/toi_catalog.csv, accessed 2026-09-08)",TOI 4587.01
137685450,planet,"TESS FOP Working Group disposition 'KP' via NASA Exoplanet Archive TESS FOP WG catalog snapshot (benchmarks/toi_catalog.csv, accessed 2026-09-08)",TOI 7068.01
137881699,planet,"TESS FOP Working Group disposition 'KP' via NASA Exoplanet Archive TESS FOP WG catalog snapshot (benchmarks/toi_catalog.csv, accessed 2026-09-08)",TOI 1781.01
137899948,planet,"TESS FOP Working Group disposition 'KP' via NASA Exoplanet Archive TESS FOP WG catalog snapshot (benchmarks/toi_catalog.csv, accessed 2026-09-08)",TOI 4446.01
137903329,planet,"TESS FOP Working Group disposition 'KP' via NASA Exoplanet Archive TESS FOP WG catalog snapshot (benchmarks/toi_catalog.csv, accessed 2026-09-08)",TOI 4485.01
137906197,planet,"TESS FOP Working Group disposition 'CP' via NASA Exoplanet Archive TESS FOP WG catalog snapshot (benchmarks/toi_catalog.csv, accessed 2026-09-08)",TOI 1768.01
138168780,planet,"TESS FOP Working Group disposition 'KP' via NASA Exoplanet Archive TESS FOP WG catalog snapshot (benchmarks/toi_catalog.csv, accessed 2026-09-08)",TOI 1651.01
138294130,planet,"TESS FOP Working Group disposition 'KP' via NASA Exoplanet Archive TESS FOP WG catalog snapshot (benchmarks/toi_catalog.csv, accessed 2026-09-08)",TOI 2012.01
138359318,planet,"TESS FOP Working Group disposition 'KP' via NASA Exoplanet Archive TESS FOP WG catalog snapshot (benchmarks/toi_catalog.csv, accessed 2026-09-08)",TOI 4448.01
138364831,planet,"TESS FOP Working Group disposition 'KP' via NASA Exoplanet Archive TESS FOP WG catalog snapshot (benchmarks/toi_catalog.csv, accessed 2026-09-08)",TOI 4577.01
138644215,planet,"TESS FOP Working Group disposition 'KP' via NASA Exoplanet Archive TESS FOP WG catalog snapshot (benchmarks/toi_catalog.csv, accessed 2026-09-08)",TOI 4455.01
138819293,planet,"TESS FOP Working Group disposition 'KP' via NASA Exoplanet Archive TESS FOP WG catalog snapshot (benchmarks/toi_catalog.csv, accessed 2026-09-08)",TOI 1796.01
139104940,planet,"TESS FOP Working Group disposition 'KP' via NASA Exoplanet Archive TESS FOP WG catalog snapshot (benchmarks/toi_catalog.csv, accessed 2026-09-08)",TOI 6001.01
139158696,planet,"TESS FOP Working Group disposition 'KP' via NASA Exoplanet Archive TESS FOP WG catalog snapshot (benchmarks/toi_catalog.csv, accessed 2026-09-08)",TOI 7067.01
139285832,planet,"TESS FOP Working Group disposition 'CP' via NASA Exoplanet Archive TESS FOP WG catalog snapshot (benchmarks/toi_catalog.csv, accessed 2026-09-08)",TOI 332.01
139375960,planet,"TESS FOP Working Group disposition 'CP' via NASA Exoplanet Archive TESS FOP WG catalog snapshot (benchmarks/toi_catalog.csv, accessed 2026-09-08)",TOI 1601.01
139528693,planet,"TESS FOP Working Group disposition 'KP' via NASA Exoplanet Archive TESS FOP WG catalog snapshot (benchmarks/toi_catalog.csv, accessed 2026-09-08)",TOI 449.01
139733308,planet,"TESS FOP Working Group disposition 'KP' via NASA Exoplanet Archive TESS FOP WG catalog snapshot (benchmarks/toi_catalog.csv, accessed 2026-09-08)",TOI 452.01
140691463,planet,"TESS FOP Working Group disposition 'CP' via NASA Exoplanet Archive TESS FOP WG catalog snapshot (benchmarks/toi_catalog.csv, accessed 2026-09-08)",TOI 157.01
141205978,planet,"TESS FOP Working Group disposition 'CP' via NASA Exoplanet Archive TESS FOP WG catalog snapshot (benchmarks/toi_catalog.csv, accessed 2026-09-08)",TOI 3862.01
141488193,planet,"TESS FOP Working Group disposition 'CP' via NASA Exoplanet Archive TESS FOP WG catalog snapshot (benchmarks/toi_catalog.csv, accessed 2026-09-08)",TOI 4127.01
142211778,planet,"TESS FOP Working Group disposition 'KP' via NASA Exoplanet Archive TESS FOP WG catalog snapshot (benchmarks/toi_catalog.csv, accessed 2026-09-08)",TOI 6273.01
142276270,planet,"TESS FOP Working Group disposition 'CP' via NASA Exoplanet Archive TESS FOP WG catalog snapshot (benchmarks/toi_catalog.csv, accessed 2026-09-08)","TOI 1136.01, 1136.02, 1136.03, 1136.04"
142277868,planet,"TESS FOP Working Group disposition 'CP' via NASA Exoplanet Archive TESS FOP WG catalog snapshot (benchmarks/toi_catalog.csv, accessed 2026-09-08)",TOI 6508.01
142381532,planet,"TESS FOP Working Group disposition 'CP' via NASA Exoplanet Archive TESS FOP WG catalog snapshot (benchmarks/toi_catalog.csv, accessed 2026-09-08)",TOI 1823.01
142387023,planet,"TESS FOP Working Group disposition 'CP' via NASA Exoplanet Archive TESS FOP WG catalog snapshot (benchmarks/toi_catalog.csv, accessed 2026-09-08)",TOI 1824.01
142394656,planet,"TESS FOP Working Group disposition 'CP' via NASA Exoplanet Archive TESS FOP WG catalog snapshot (benchmarks/toi_catalog.csv, accessed 2026-09-08)",TOI 1268.01
142532090,planet,"TESS FOP Working Group disposition 'CP' via NASA Exoplanet Archive TESS FOP WG catalog snapshot (benchmarks/toi_catalog.csv, accessed 2026-09-08)",TOI 4737.01
142748283,planet,"TESS FOP Working Group disposition 'CP' via NASA Exoplanet Archive TESS FOP WG catalog snapshot (benchmarks/toi_catalog.csv, accessed 2026-09-08)","TOI 2096.01, 2096.02"
142937186,planet,"TESS FOP Working Group disposition 'CP' via NASA Exoplanet Archive TESS FOP WG catalog snapshot (benchmarks/toi_catalog.csv, accessed 2026-09-08)",TOI 2427.01
143143769,planet,"TESS FOP Working Group disposition 'KP' via NASA Exoplanet Archive TESS FOP WG catalog snapshot (benchmarks/toi_catalog.csv, accessed 2026-09-08)",TOI 1926.01
14336130,planet,"TESS FOP Working Group disposition 'CP' via NASA Exoplanet Archive TESS FOP WG catalog snapshot (benchmarks/toi_catalog.csv, accessed 2026-09-08)",TOI 1716.01
14344979,planet,"TESS FOP Working Group disposition 'KP' via NASA Exoplanet Archive TESS FOP WG catalog snapshot (benchmarks/toi_catalog.csv, accessed 2026-09-08)",TOI 1927.01
144065872,planet,"TESS FOP Working Group disposition 'KP' via NASA Exoplanet Archive TESS FOP WG catalog snapshot (benchmarks/toi_catalog.csv, accessed 2026-09-08)",TOI 105.01
144193715,planet,"TESS FOP Working Group disposition 'CP' via NASA Exoplanet Archive TESS FOP WG catalog snapshot (benchmarks/toi_catalog.csv, accessed 2026-09-08)",TOI 4308.01
144700903,planet,"TESS FOP Working Group disposition 'CP' via NASA Exoplanet Archive TESS FOP WG catalog snapshot (benchmarks/toi_catalog.csv, accessed 2026-09-08)",TOI 532.01
145368316,planet,"TESS FOP Working Group disposition 'KP' via NASA Exoplanet Archive TESS FOP WG catalog snapshot (benchmarks/toi_catalog.csv, accessed 2026-09-08)",TOI 7472.01
14570099,planet,"TESS FOP Working Group disposition 'KP' via NASA Exoplanet Archive TESS FOP WG catalog snapshot (benchmarks/toi_catalog.csv, accessed 2026-09-08)",TOI 5558.01
145750719,planet,"TESS FOP Working Group disposition 'KP' via NASA Exoplanet Archive TESS FOP WG catalog snapshot (benchmarks/toi_catalog.csv, accessed 2026-09-08)",TOI 303.01
14614418,planet,"TESS FOP Working Group disposition 'KP' via NASA Exoplanet Archive TESS FOP WG catalog snapshot (benchmarks/toi_catalog.csv, accessed 2026-09-08)",TOI 750.01
146364192,planet,"TESS FOP Working Group disposition 'KP' via NASA Exoplanet Archive TESS FOP WG catalog snapshot (benchmarks/toi_catalog.csv, accessed 2026-09-08)",TOI 7511.01
146520535,planet,"TESS FOP Working Group disposition 'CP' via NASA Exoplanet Archive TESS FOP WG catalog snapshot (benchmarks/toi_catalog.csv, accessed 2026-09-08)",TOI 942.01
14661418,planet,"TESS FOP Working Group disposition 'KP' via NASA Exoplanet Archive TESS FOP WG catalog snapshot (benchmarks/toi_catalog.csv, accessed 2026-09-08)",TOI 751.01
14770122,planet,"TESS FOP Working Group disposition 'KP' via NASA Exoplanet Archive TESS FOP WG catalog snapshot (benchmarks/toi_catalog.csv, accessed 2026-09-08)",TOI 5098.01
147797743,planet,"TESS FOP Working Group disposition 'KP' via NASA Exoplanet Archive TESS FOP WG catalog snapshot (benchmarks/toi_catalog.csv, accessed 2026-09-08)",TOI 6072.01
147950620,planet,"TESS FOP Working Group disposition 'CP' via NASA Exoplanet Archive TESS FOP WG catalog snapshot (benchmarks/toi_catalog.csv, accessed 2026-09-08)",TOI 1194.01
147977348,planet,"TESS FOP Working Group disposition 'CP' via NASA Exoplanet Archive TESS FOP WG catalog snapshot (benchmarks/toi_catalog.csv, accessed 2026-09-08)",TOI 640.01
148673433,planet,"TESS FOP Working Group disposition 'CP' via NASA Exoplanet Archive TESS FOP WG catalog snapshot (benchmarks/toi_catalog.csv, accessed 2026-09-08)",TOI 5704.01
149601126,planet,"TESS FOP Working Group disposition 'CP' via NASA Exoplanet Archive TESS FOP WG catalog snapshot (benchmarks/toi_catalog.csv, accessed 2026-09-08)","TOI 2525.01, 2525.02"
149603524,planet,"TESS FOP Working Group disposition 'KP' via NASA Exoplanet Archive TESS FOP WG catalog snapshot (benchmarks/toi_catalog.csv, accessed 2026-09-08)",TOI 102.01
149845414,planet,"TESS FOP Working Group disposition 'CP' via NASA Exoplanet Archive TESS FOP WG catalog snapshot (benchmarks/toi_catalog.csv, accessed 2026-09-08)",TOI 2545.01
149918151,planet,"TESS FOP Working Group disposition 'KP' via NASA Exoplanet Archive TESS FOP WG catalog snapshot (benchmarks/toi_catalog.csv, accessed 2026-09-08)",TOI 3846.01
149969625,planet,"TESS FOP Working Group disposition 'KP' via NASA Exoplanet Archive TESS FOP WG catalog snapshot (benchmarks/toi_catalog.csv, accessed 2026-09-08)",TOI 5178.01
150030205,planet,"TESS FOP Working Group disposition 'CP' via NASA Exoplanet Archive TESS FOP WG catalog snapshot (benchmarks/toi_catalog.csv, accessed 2026-09-08)","TOI 286.01, 286.02"
150096001,planet,"TESS FOP Working Group disposition 'KP' via NASA Exoplanet Archive TESS FOP WG catalog snapshot (benchmarks/toi_catalog.csv, accessed 2026-09-08)",TOI 6872.01
150098860,planet,"TESS FOP Working Group disposition 'CP' via NASA Exoplanet Archive TESS FOP WG catalog snapshot (benchmarks/toi_catalog.csv, accessed 2026-09-08)",TOI 220.01
150428135,planet,"TESS FOP Working Group disposition 'CP' via NASA Exoplanet Archive TESS FOP WG catalog snapshot (benchmarks/toi_catalog.csv, accessed 2026-09-08)","TOI 700.01, 700.02, 700.03, 700.04"
151483286,planet,"TESS FOP Working Group disposition 'CP' via NASA Exoplanet Archive TESS FOP WG catalog snapshot (benchmarks/toi_catalog.csv, accessed 2026-09-08)",TOI 2818.01
151724385,planet,"TESS FOP Working Group disposition 'CP' via NASA Exoplanet Archive TESS FOP WG catalog snapshot (benchmarks/toi_catalog.csv, accessed 2026-09-08)",TOI 5795.01
151759246,planet,"TESS FOP Working Group disposition 'CP' via NASA Exoplanet Archive TESS FOP WG catalog snapshot (benchmarks/toi_catalog.csv, accessed 2026-09-08)",TOI 5800.01
151825527,planet,"TESS FOP Working Group disposition 'CP' via NASA Exoplanet Archive TESS FOP WG catalog snapshot (benchmarks/toi_catalog.csv, accessed 2026-09-08)",TOI 672.01
151920165,planet,"TESS FOP Working Group disposition 'CP' via NASA Exoplanet Archive TESS FOP WG catalog snapshot (benchmarks/toi_catalog.csv, accessed 2026-09-08)",TOI 4270.01
152476657,planet,"TESS FOP Working Group disposition 'KP' via NASA Exoplanet Archive TESS FOP WG catalog snapshot (benchmarks/toi_catalog.csv, accessed 2026-09-08)",TOI 415.01
152852327,planet,"TESS FOP Working Group disposition 'KP' via NASA Exoplanet Archive TESS FOP WG catalog snapshot (benchmarks/toi_catalog.csv, accessed 2026-09-08)",TOI 2643.01
1528696,planet,"TESS FOP Working Group disposition 'CP' via NASA Exoplanet Archive TESS FOP WG catalog snapshot (benchmarks/toi_catalog.csv, accessed 2026-09-08)",TOI 448.01
153065527,planet,"TESS FOP Working Group disposition 'CP' via NASA Exoplanet Archive TESS FOP WG catalog snapshot (benchmarks/toi_catalog.csv, accessed 2026-09-08)","TOI 406.01, 406.02"
153078576,planet,"TESS FOP Working Group disposition 'CP' via NASA Exoplanet Archive TESS FOP WG catalog snapshot (benchmarks/toi_catalog.csv, accessed 2026-09-08)",TOI 2407.01
153951307,planet,"TESS FOP Working Group disposition 'CP' via NASA Exoplanet Archive TESS FOP WG catalog snapshot (benchmarks/toi_catalog.csv, accessed 2026-09-08)","TOI 1238.01, 1238.02"
154089169,planet,"TESS FOP Working Group disposition 'CP' via NASA Exoplanet Archive TESS FOP WG catalog snapshot (benchmarks/toi_catalog.csv, accessed 2026-09-08)",TOI 1174.01
154220877,planet,"TESS FOP Working Group disposition 'CP' via NASA Exoplanet Archive TESS FOP WG catalog snapshot (benchmarks/toi_catalog.csv, accessed 2026-09-08)",TOI 5616.01
154293917,planet,"TESS FOP Working Group disposition 'CP' via NASA Exoplanet Archive TESS FOP WG catalog snapshot (benchmarks/toi_catalog.csv, accessed 2026-09-08)",TOI 3976.01
15445551,planet,"TESS FOP Working Group disposition 'KP' via NASA Exoplanet Archive TESS FOP WG catalog snapshot (benchmarks/toi_catalog.csv, accessed 2026-09-08)",TOI 747.01
154872375,planet,"TESS FOP Working Group disposition 'CP' via NASA Exoplanet Archive TESS FOP WG catalog snapshot (benchmarks/toi_catalog.csv, accessed 2026-09-08)",TOI 1135.01
155867025,planet,"TESS FOP Working Group disposition 'CP' via NASA Exoplanet Archive TESS FOP WG catalog snapshot (benchmarks/toi_catalog.csv, accessed 2026-09-08)",TOI 3714.01
156514476,planet,"TESS FOP Working Group disposition 'CP' via NASA Exoplanet Archive TESS FOP WG catalog snapshot (benchmarks/toi_catalog.csv, accessed 2026-09-08)",TOI 6884.01
156648452,planet,"TESS FOP Working Group disposition 'CP' via NASA Exoplanet Archive TESS FOP WG catalog snapshot (benchmarks/toi_catalog.csv, accessed 2026-09-08)",TOI 3912.01
15692883,planet,"TESS FOP Working Group disposition 'CP' via NASA Exoplanet Archive TESS FOP WG catalog snapshot (benchmarks/toi_catalog.csv, accessed 2026-09-08)",TOI 1493.01
157230659,planet,"TESS FOP Working Group disposition 'KP' via NASA Exoplanet Archive TESS FOP WG catalog snapshot (benchmarks/toi_catalog.csv, accessed 2026-09-08)",TOI 6278.01
157236902,planet,"TESS FOP Working Group disposition 'CP' via NASA Exoplanet Archive TESS FOP WG catalog snapshot (benchmarks/toi_catalog.csv, accessed 2026-09-08)",TOI 4465.01
157266693,planet,"TESS FOP Working Group disposition 'KP' via NASA Exoplanet Archive TESS FOP WG catalog snapshot (benchmarks/toi_catalog.csv, accessed 2026-09-08)",TOI 1929.01
157586003,planet,"TESS FOP Working Group disposition 'KP' via NASA Exoplanet Archive TESS FOP WG catalog snapshot (benchmarks/toi_catalog.csv, accessed 2026-09-08)",TOI 1626.01
157698565,planet,"TESS FOP Working Group disposition 'CP' via NASA Exoplanet Archive TESS FOP WG catalog snapshot (benchmarks/toi_catalog.csv, accessed 2026-09-08)",TOI 2589.01
158002130,planet,"TESS FOP Working Group disposition 'CP' via NASA Exoplanet Archive TESS FOP WG catalog snapshot (benchmarks/toi_catalog.csv, accessed 2026-09-08)",TOI 1180.01
158025009,planet,"TESS FOP Working Group disposition 'CP' via NASA Exoplanet Archive TESS FOP WG catalog snapshot (benchmarks/toi_catalog.csv, accessed 2026-09-08)",TOI 1416.01
158170594,planet,"TESS FOP Working Group disposition 'KP' via NASA Exoplanet Archive TESS FOP WG catalog snapshot (benchmarks/toi_catalog.csv, accessed 2026-09-08)",TOI 1240.01
158241252,planet,"TESS FOP Working Group disposition 'CP' via NASA Exoplanet Archive TESS FOP WG catalog snapshot (benchmarks/toi_catalog.csv, accessed 2026-09-08)",TOI 4443.01
158297421,planet,"TESS FOP Working Group disposition 'CP' via NASA Exoplanet Archive TESS FOP WG catalog snapshot (benchmarks/toi_catalog.csv, accessed 2026-09-08)",TOI 1073.01
158324245,planet,"TESS FOP Working Group disposition 'KP' via NASA Exoplanet Archive TESS FOP WG catalog snapshot (benchmarks/toi_catalog.csv, accessed 2026-09-08)",TOI 1161.01
158388163,planet,"TESS FOP Working Group disposition 'KP' via NASA Exoplanet Archive TESS FOP WG catalog snapshot (benchmarks/toi_catalog.csv, accessed 2026-09-08)",TOI 4445.01
158561566,planet,"TESS FOP Working Group disposition 'KP' via NASA Exoplanet Archive TESS FOP WG catalog snapshot (benchmarks/toi_catalog.csv, accessed 2026-09-08)",TOI 1267.01
158588995,planet,"TESS FOP Working Group disposition 'CP' via NASA Exoplanet Archive TESS FOP WG catalog snapshot (benchmarks/toi_catalog.csv, accessed 2026-09-08)",TOI 674.01
158623531,planet,"TESS FOP Working Group disposition 'KP' via NASA Exoplanet Archive TESS FOP WG catalog snapshot (benchmarks/toi_catalog.csv, accessed 2026-09-08)",TOI 246.01
158657354,planet,"TESS FOP Working Group disposition 'KP' via NASA Exoplanet Archive TESS FOP WG catalog snapshot (benchmarks/toi_catalog.csv, accessed 2026-09-08)",TOI 5986.01
158933249,planet,"TESS FOP Working Group disposition 'KP' via NASA Exoplanet Archive TESS FOP WG catalog snapshot (benchmarks/toi_catalog.csv, accessed 2026-09-08)",TOI 7456.01
159054620,planet,"TESS FOP Working Group disposition 'KP' via NASA Exoplanet Archive TESS FOP WG catalog snapshot (benchmarks/toi_catalog.csv, accessed 2026-09-08)",TOI 5992.01
159098316,planet,"TESS FOP Working Group disposition 'KP' via NASA Exoplanet Archive TESS FOP WG catalog snapshot (benchmarks/toi_catalog.csv, accessed 2026-09-08)",TOI 4475.01
159418353,planet,"TESS FOP Working Group disposition 'CP' via NASA Exoplanet Archive TESS FOP WG catalog snapshot (benchmarks/toi_catalog.csv, accessed 2026-09-08)",TOI 1739.01
159725995,planet,"TESS FOP Working Group disposition 'KP' via NASA Exoplanet Archive TESS FOP WG catalog snapshot (benchmarks/toi_catalog.csv, accessed 2026-09-08)",TOI 4595.01
159742538,planet,"TESS FOP Working Group disposition 'KP' via NASA Exoplanet Archive TESS FOP WG catalog snapshot (benchmarks/toi_catalog.csv, accessed 2026-09-08)",TOI 2124.01
159781361,planet,"TESS FOP Working Group disposition 'CP' via NASA Exoplanet Archive TESS FOP WG catalog snapshot (benchmarks/toi_catalog.csv, accessed 2026-09-08)",TOI 2019.01
159873822,planet,"TESS FOP Working Group disposition 'CP' via NASA Exoplanet Archive TESS FOP WG catalog snapshot (benchmarks/toi_catalog.csv, accessed 2026-09-08)",TOI 2048.01
159951311,planet,"TESS FOP Working Group disposition 'KP' via NASA Exoplanet Archive TESS FOP WG catalog snapshot (benchmarks/toi_catalog.csv, accessed 2026-09-08)",TOI 265.01
160045097,planet,"TESS FOP Working Group disposition 'CP' via NASA Exoplanet Archive TESS FOP WG catalog snapshot (benchmarks/toi_catalog.csv, accessed 2026-09-08)","TOI 1782.01, 1782.02"
16005254,planet,"TESS FOP Working Group disposition 'CP' via NASA Exoplanet Archive TESS FOP WG catalog snapshot (benchmarks/toi_catalog.csv, accessed 2026-09-08)",TOI 5344.01
160148385,planet,"TESS FOP Working Group disposition 'KP' via NASA Exoplanet Archive TESS FOP WG catalog snapshot (benchmarks/toi_catalog.csv, accessed 2026-09-08)",TOI 247.01
160390955,planet,"TESS FOP Working Group disposition 'CP' via NASA Exoplanet Archive TESS FOP WG catalog snapshot (benchmarks/toi_catalog.csv, accessed 2026-09-08)",TOI 3568.01
160578764,planet,"TESS FOP Working Group disposition 'KP' via NASA Exoplanet Archive TESS FOP WG catalog snapshot (benchmarks/toi_catalog.csv, accessed 2026-09-08)",TOI 1930.01
160708862,planet,"TESS FOP Working Group disposition 'KP' via NASA Exoplanet Archive TESS FOP WG catalog snapshot (benchmarks/toi_catalog.csv, accessed 2026-09-08)",TOI 1337.01
161032923,planet,"TESS FOP Working Group disposition 'CP' via NASA Exoplanet Archive TESS FOP WG catalog snapshot (benchmarks/toi_catalog.csv, accessed 2026-09-08)",TOI 1080.01
161687211,planet,"TESS FOP Working Group disposition 'CP' via NASA Exoplanet Archive TESS FOP WG catalog snapshot (benchmarks/toi_catalog.csv, accessed 2026-09-08)",TOI 7394.01
162689341,planet,"TESS FOP Working Group disposition 'KP' via NASA Exoplanet Archive TESS FOP WG catalog snapshot (benchmarks/toi_catalog.csv, accessed 2026-09-08)",TOI 1838.01
162802770,planet,"TESS FOP Working Group disposition 'CP' via NASA Exoplanet Archive TESS FOP WG catalog snapshot (benchmarks/toi_catalog.csv, accessed 2026-09-08)",TOI 2641.01
16288184,planet,"TESS FOP Working Group disposition 'KP' via NASA Exoplanet Archive TESS FOP WG catalog snapshot (benchmarks/toi_catalog.csv, accessed 2026-09-08)",TOI 1049.01
162922904,planet,"TESS FOP Working Group disposition 'KP' via NASA Exoplanet Archive TESS FOP WG catalog snapshot (benchmarks/toi_catalog.csv, accessed 2026-09-08)",TOI 1931.01
163539739,planet,"TESS FOP Working Group disposition 'CP' via NASA Exoplanet Archive TESS FOP WG catalog snapshot (benchmarks/toi_catalog.csv, accessed 2026-09-08)",TOI 1278.01
164173105,planet,"TESS FOP Working Group disposition 'CP' via NASA Exoplanet Archive TESS FOP WG catalog snapshot (benchmarks/toi_catalog.csv, accessed 2026-09-08)",TOI 1417.01
164458714,planet,"TESS FOP Working Group disposition 'KP' via NASA Exoplanet Archive TESS FOP WG catalog snapshot (benchmarks/toi_catalog.csv, accessed 2026-09-08)",TOI 4589.01
164652245,planet,"TESS FOP Working Group disposition 'KP' via NASA Exoplanet Archive TESS FOP WG catalog snapshot (benchmarks/toi_catalog.csv, accessed 2026-09-08)",TOI 5980.01
164767175,planet,"TESS FOP Working Group disposition 'CP' via NASA Exoplanet Archive TESS FOP WG catalog snapshot (benchmarks/toi_catalog.csv, accessed 2026-09-08)","TOI 266.01, 266.02"
164786087,planet,"TESS FOP Working Group disposition 'KP' via NASA Exoplanet Archive TESS FOP WG catalog snapshot (benchmarks/toi_catalog.csv, accessed 2026-09-08)",TOI 4440.01
164892194,planet,"TESS FOP Working Group disposition 'KP' via NASA Exoplanet Archive TESS FOP WG catalog snapshot (benchmarks/toi_catalog.csv, accessed 2026-09-08)",TOI 2178.01
165202476,planet,"TESS FOP Working Group disposition 'CP' via NASA Exoplanet Archive TESS FOP WG catalog snapshot (benchmarks/toi_catalog.csv, accessed 2026-09-08)",TOI 4666.01
165297570,planet,"TESS FOP Working Group disposition 'KP' via NASA Exoplanet Archive TESS FOP WG catalog snapshot (benchmarks/toi_catalog.csv, accessed 2026-09-08)",TOI 5384.01
165464482,planet,"TESS FOP Working Group disposition 'CP' via NASA Exoplanet Archive TESS FOP WG catalog snapshot (benchmarks/toi_catalog.csv, accessed 2026-09-08)",TOI 3894.01
165598669,planet,"TESS FOP Working Group disposition 'CP' via NASA Exoplanet Archive TESS FOP WG catalog snapshot (benchmarks/toi_catalog.csv, accessed 2026-09-08)",TOI 7393.01
165987272,planet,"TESS FOP Working Group disposition 'KP' via NASA Exoplanet Archive TESS FOP WG catalog snapshot (benchmarks/toi_catalog.csv, accessed 2026-09-08)",TOI 1840.01
166184428,planet,"TESS FOP Working Group disposition 'CP' via NASA Exoplanet Archive TESS FOP WG catalog snapshot (benchmarks/toi_catalog.csv, accessed 2026-09-08)",TOI 4336.01
166527623,planet,"TESS FOP Working Group disposition 'KP' via NASA Exoplanet Archive TESS FOP WG catalog snapshot (benchmarks/toi_catalog.csv, accessed 2026-09-08)",TOI 6551.01
166648874,planet,"TESS FOP Working Group disposition 'CP' via NASA Exoplanet Archive TESS FOP WG catalog snapshot (benchmarks/toi_catalog.csv, accessed 2026-09-08)",TOI 1806.01
166739520,planet,"TESS FOP Working Group disposition 'KP' via NASA Exoplanet Archive TESS FOP WG catalog snapshot (benchmarks/toi_catalog.csv, accessed 2026-09-08)",TOI 190.01
166833457,planet,"TESS FOP Working Group disposition 'KP' via NASA Exoplanet Archive TESS FOP WG catalog snapshot (benchmarks/toi_catalog.csv, accessed 2026-09-08)",TOI 404.01
166836920,planet,"TESS FOP Working Group disposition 'KP' via NASA Exoplanet Archive TESS FOP WG catalog snapshot (benchmarks/toi_catalog.csv, accessed 2026-09-08)",TOI 267.01
167227214,planet,"TESS FOP Working Group disposition 'KP' via NASA Exoplanet Archive TESS FOP WG catalog snapshot (benchmarks/toi_catalog.csv, accessed 2026-09-08)",TOI 7055.01
16740101,planet,"TESS FOP Working Group disposition 'KP' via NASA Exoplanet Archive TESS FOP WG catalog snapshot (benchmarks/toi_catalog.csv, accessed 2026-09-08)",TOI 1150.01
168281028,planet,"TESS FOP Working Group disposition 'KP' via NASA Exoplanet Archive TESS FOP WG catalog snapshot (benchmarks/toi_catalog.csv, accessed 2026-09-08)",TOI 6269.01
168699373,planet,"TESS FOP Working Group disposition 'KP' via NASA Exoplanet Archive TESS FOP WG catalog snapshot (benchmarks/toi_catalog.csv, accessed 2026-09-08)",TOI 1841.01
169081296,planet,"TESS FOP Working Group disposition 'KP' via NASA Exoplanet Archive TESS FOP WG catalog snapshot (benchmarks/toi_catalog.csv, accessed 2026-09-08)",TOI 7458.01
169226822,planet,"TESS FOP Working Group disposition 'KP' via NASA Exoplanet Archive TESS FOP WG catalog snapshot (benchmarks/toi_catalog.csv, accessed 2026-09-08)",TOI 675.01
169249234,planet,"TESS FOP Working Group disposition 'CP' via NASA Exoplanet Archive TESS FOP WG catalog snapshot (benchmarks/toi_catalog.csv, accessed 2026-09-08)",TOI 2524.01
169461816,planet,"TESS FOP Working Group disposition 'KP' via NASA Exoplanet Archive TESS FOP WG catalog snapshot (benchmarks/toi_catalog.csv, accessed 2026-09-08)",TOI 3563.01
169504920,planet,"TESS FOP Working Group disposition 'KP' via NASA Exoplanet Archive TESS FOP WG catalog snapshot (benchmarks/toi_catalog.csv, accessed 2026-09-08)",TOI 7502.01
169765334,planet,"TESS FOP Working Group disposition 'CP' via NASA Exoplanet Archive TESS FOP WG catalog snapshot (benchmarks/toi_catalog.csv, accessed 2026-09-08)",TOI 329.01
170102285,planet,"TESS FOP Working Group disposition 'KP' via NASA Exoplanet Archive TESS FOP WG catalog snapshot (benchmarks/toi_catalog.csv, accessed 2026-09-08)",TOI 477.01
170634116,planet,"TESS FOP Working Group disposition 'KP' via NASA Exoplanet Archive TESS FOP WG catalog snapshot (benchmarks/toi_catalog.csv, accessed 2026-09-08)",TOI 413.01
170729775,planet,"TESS FOP Working Group disposition 'CP' via NASA Exoplanet Archive TESS FOP WG catalog snapshot (benchmarks/toi_catalog.csv, accessed 2026-09-08)",TOI 2449.01
170849515,planet,"TESS FOP Working Group disposition 'CP' via NASA Exoplanet Archive TESS FOP WG catalog snapshot (benchmarks/toi_catalog.csv, accessed 2026-09-08)",TOI 555.01
172370679,planet,"TESS FOP Working Group disposition 'CP' via NASA Exoplanet Archive TESS FOP WG catalog snapshot (benchmarks/toi_catalog.csv, accessed 2026-09-08)",TOI 1899.01
172518755,planet,"TESS FOP Working Group disposition 'CP' via NASA Exoplanet Archive TESS FOP WG catalog snapshot (benchmarks/toi_catalog.csv, accessed 2026-09-08)",TOI 1789.01
172598832,planet,"TESS FOP Working Group disposition 'KP' via NASA Exoplanet Archive TESS FOP WG catalog snapshot (benchmarks/toi_catalog.csv, accessed 2026-09-08)",TOI 1933.01
17307715,planet,"TESS FOP Working Group disposition 'KP' via NASA Exoplanet Archive TESS FOP WG catalog snapshot (benchmarks/toi_catalog.csv, accessed 2026-09-08)",TOI 5562.01
173103335,planet,"TESS FOP Working Group disposition 'KP' via NASA Exoplanet Archive TESS FOP WG catalog snapshot (benchmarks/toi_catalog.csv, accessed 2026-09-08)",TOI 5146.01
17409453,planet,"TESS FOP Working Group disposition 'KP' via NASA Exoplanet Archive TESS FOP WG catalog snapshot (benchmarks/toi_catalog.csv, accessed 2026-09-08)",TOI 5080.01
174328045,planet,"TESS FOP Working Group disposition 'CP' via NASA Exoplanet Archive TESS FOP WG catalog snapshot (benchmarks/toi_catalog.csv, accessed 2026-09-08)",TOI 6651.01
175236511,planet,"TESS FOP Working Group disposition 'KP' via NASA Exoplanet Archive TESS FOP WG catalog snapshot (benchmarks/toi_catalog.csv, accessed 2026-09-08)",TOI 5136.01
175772482,planet,"TESS FOP Working Group disposition 'KP' via NASA Exoplanet Archive TESS FOP WG catalog snapshot (benchmarks/toi_catalog.csv, accessed 2026-09-08)",TOI 5673.01
176220787,planet,"TESS FOP Working Group disposition 'KP' via NASA Exoplanet Archive TESS FOP WG catalog snapshot (benchmarks/toi_catalog.csv, accessed 2026-09-08)",TOI 2380.01
176314383,planet,"TESS FOP Working Group disposition 'CP' via NASA Exoplanet Archive TESS FOP WG catalog snapshot (benchmarks/toi_catalog.csv, accessed 2026-09-08)",TOI 2719.01
176685457,planet,"TESS FOP Working Group disposition 'KP' via NASA Exoplanet Archive TESS FOP WG catalog snapshot (benchmarks/toi_catalog.csv, accessed 2026-09-08)",TOI 1935.01
176868951,planet,"TESS FOP Working Group disposition 'KP' via NASA Exoplanet Archive TESS FOP WG catalog snapshot (benchmarks/toi_catalog.csv, accessed 2026-09-08)",TOI 5534.01
176899385,planet,"TESS FOP Working Group disposition 'KP' via NASA Exoplanet Archive TESS FOP WG catalog snapshot (benchmarks/toi_catalog.csv, accessed 2026-09-08)",TOI 1373.01
176956893,planet,"TESS FOP Working Group disposition 'CP' via NASA Exoplanet Archive TESS FOP WG catalog snapshot (benchmarks/toi_catalog.csv, accessed 2026-09-08)",TOI 2184.01
17746821,planet,"TESS FOP Working Group disposition 'KP' via NASA Exoplanet Archive TESS FOP WG catalog snapshot (benchmarks/toi_catalog.csv, accessed 2026-09-08)",TOI 492.01
178155732,planet,"TESS FOP Working Group disposition 'CP' via NASA Exoplanet Archive TESS FOP WG catalog snapshot (benchmarks/toi_catalog.csv, accessed 2026-09-08)","TOI 396.01, 396.02, 396.03"
178162579,planet,"TESS FOP Working Group disposition 'CP' via NASA Exoplanet Archive TESS FOP WG catalog snapshot (benchmarks/toi_catalog.csv, accessed 2026-09-08)",TOI 2842.01
178217113,planet,"TESS FOP Working Group disposition 'KP' via NASA Exoplanet Archive TESS FOP WG catalog snapshot (benchmarks/toi_catalog.csv, accessed 2026-09-08)",TOI 5086.01
178284730,planet,"TESS FOP Working Group disposition 'KP' via NASA Exoplanet Archive TESS FOP WG catalog snapshot (benchmarks/toi_catalog.csv, accessed 2026-09-08)",TOI 418.01
178289267,planet,"TESS FOP Working Group disposition 'KP' via NASA Exoplanet Archive TESS FOP WG catalog snapshot (benchmarks/toi_catalog.csv, accessed 2026-09-08)",TOI 1936.01
178367144,planet,"TESS FOP Working Group disposition 'KP' via NASA Exoplanet Archive TESS FOP WG catalog snapshot (benchmarks/toi_catalog.csv, accessed 2026-09-08)",TOI 966.01
17865622,planet,"TESS FOP Working Group disposition 'CP' via NASA Exoplanet Archive TESS FOP WG catalog snapshot (benchmarks/toi_catalog.csv, accessed 2026-09-08)",TOI 3540.01
178709444,planet,"TESS FOP Working Group disposition 'CP' via NASA Exoplanet Archive TESS FOP WG catalog snapshot (benchmarks/toi_catalog.csv, accessed 2026-09-08)",TOI 762.01
178819686,planet,"TESS FOP Working Group disposition 'CP' via NASA Exoplanet Archive TESS FOP WG catalog snapshot (benchmarks/toi_catalog.csv, accessed 2026-09-08)","TOI 763.01, 763.02"
178879588,planet,"TESS FOP Working Group disposition 'KP' via NASA Exoplanet Archive TESS FOP WG catalog snapshot (benchmarks/toi_catalog.csv, accessed 2026-09-08)",TOI 1900.01
179034327,planet,"TESS FOP Working Group disposition 'CP' via NASA Exoplanet Archive TESS FOP WG catalog snapshot (benchmarks/toi_catalog.csv, accessed 2026-09-08)",TOI 444.01
179317684,planet,"TESS FOP Working Group disposition 'CP' via NASA Exoplanet Archive TESS FOP WG catalog snapshot (benchmarks/toi_catalog.csv, accessed 2026-09-08)",TOI 163.01
179582003,planet,"TESS FOP Working Group disposition 'CP' via NASA Exoplanet Archive TESS FOP WG catalog snapshot (benchmarks/toi_catalog.csv, accessed 2026-09-08)",TOI 4507.01
17993892,planet,"TESS FOP Working Group disposition 'KP' via NASA Exoplanet Archive TESS FOP WG catalog snapshot (benchmarks/toi_catalog.csv, accessed 2026-09-08)",TOI 1800.01
180695581,planet,"TESS FOP Working Group disposition 'CP' via NASA Exoplanet Archive TESS FOP WG catalog snapshot (benchmarks/toi_catalog.csv, accessed 2026-09-08)",TOI 1807.01
180991313,planet,"TESS FOP Working Group disposition 'KP' via NASA Exoplanet Archive TESS FOP WG catalog snapshot (benchmarks/toi_catalog.csv, accessed 2026-09-08)",TOI 2330.01
181804752,planet,"TESS FOP Working Group disposition 'CP' via NASA Exoplanet Archive TESS FOP WG catalog snapshot (benchmarks/toi_catalog.csv, accessed 2026-09-08)","TOI 736.01, 736.02"
181949561,planet,"TESS FOP Working Group disposition 'KP' via NASA Exoplanet Archive TESS FOP WG catalog snapshot (benchmarks/toi_catalog.csv, accessed 2026-09-08)",TOI 5675.01
18310799,planet,"TESS FOP Working Group disposition 'KP' via NASA Exoplanet Archive TESS FOP WG catalog snapshot (benchmarks/toi_catalog.csv, accessed 2026-09-08)",TOI 5087.01
183120439,planet,"TESS FOP Working Group disposition 'CP' via NASA Exoplanet Archive TESS FOP WG catalog snapshot (benchmarks/toi_catalog.csv, accessed 2026-09-08)",TOI 169.01
18318288,planet,"TESS FOP Working Group disposition 'CP' via NASA Exoplanet Archive TESS FOP WG catalog snapshot (benchmarks/toi_catalog.csv, accessed 2026-09-08)",TOI 6086.01
183532609,planet,"TESS FOP Working Group disposition 'KP' via NASA Exoplanet Archive TESS FOP WG catalog snapshot (benchmarks/toi_catalog.csv, accessed 2026-09-08)",TOI 191.01
183537452,planet,"TESS FOP Working Group disposition 'KP' via NASA Exoplanet Archive TESS FOP WG catalog snapshot (benchmarks/toi_catalog.csv, accessed 2026-09-08)",TOI 192.01
183985250,planet,"TESS FOP Working Group disposition 'CP' via NASA Exoplanet Archive TESS FOP WG catalog snapshot (benchmarks/toi_catalog.csv, accessed 2026-09-08)",TOI 193.01
184240683,planet,"TESS FOP Working Group disposition 'KP' via NASA Exoplanet Archive TESS FOP WG catalog snapshot (benchmarks/toi_catalog.csv, accessed 2026-09-08)",TOI 250.01
184892124,planet,"TESS FOP Working Group disposition 'KP' via NASA Exoplanet Archive TESS FOP WG catalog snapshot (benchmarks/toi_catalog.csv, accessed 2026-09-08)",TOI 5090.01
186812530,planet,"TESS FOP Working Group disposition 'CP' via NASA Exoplanet Archive TESS FOP WG catalog snapshot (benchmarks/toi_catalog.csv, accessed 2026-09-08)",TOI 503.01
187278212,planet,"TESS FOP Working Group disposition 'KP' via NASA Exoplanet Archive TESS FOP WG catalog snapshot (benchmarks/toi_catalog.csv, accessed 2026-09-08)",TOI 7473.01
187309502,planet,"TESS FOP Working Group disposition 'KP' via NASA Exoplanet Archive TESS FOP WG catalog snapshot (benchmarks/toi_catalog.csv, accessed 2026-09-08)",TOI 7469.01
188570092,planet,"TESS FOP Working Group disposition 'CP' via NASA Exoplanet Archive TESS FOP WG catalog snapshot (benchmarks/toi_catalog.csv, accessed 2026-09-08)",TOI 294.01
188589164,planet,"TESS FOP Working Group disposition 'CP' via NASA Exoplanet Archive TESS FOP WG catalog snapshot (benchmarks/toi_catalog.csv, accessed 2026-09-08)",TOI 2013.01
188768068,planet,"TESS FOP Working Group disposition 'CP' via NASA Exoplanet Archive TESS FOP WG catalog snapshot (benchmarks/toi_catalog.csv, accessed 2026-09-08)",TOI 1462.01
18885659,planet,"TESS FOP Working Group disposition 'CP' via NASA Exoplanet Archive TESS FOP WG catalog snapshot (benchmarks/toi_catalog.csv, accessed 2026-09-08)",TOI 7189.01
188876052,planet,"TESS FOP Working Group disposition 'KP' via NASA Exoplanet Archive TESS FOP WG catalog snapshot (benchmarks/toi_catalog.csv, accessed 2026-09-08)",TOI 5960.01
189380158,planet,"TESS FOP Working Group disposition 'KP' via NASA Exoplanet Archive TESS FOP WG catalog snapshot (benchmarks/toi_catalog.csv, accessed 2026-09-08)",TOI 3630.01
189625051,planet,"TESS FOP Working Group disposition 'KP' via NASA Exoplanet Archive TESS FOP WG catalog snapshot (benchmarks/toi_catalog.csv, accessed 2026-09-08)",TOI 2604.01
19028197,planet,"TESS FOP Working Group disposition 'KP' via NASA Exoplanet Archive TESS FOP WG catalog snapshot (benchmarks/toi_catalog.csv, accessed 2026-09-08)",TOI 5094.01
190496853,planet,"TESS FOP Working Group disposition 'CP' via NASA Exoplanet Archive TESS FOP WG catalog snapshot (benchmarks/toi_catalog.csv, accessed 2026-09-08)",TOI 615.01
190998418,planet,"TESS FOP Working Group disposition 'KP' via NASA Exoplanet Archive TESS FOP WG catalog snapshot (benchmarks/toi_catalog.csv, accessed 2026-09-08)",TOI 1463.01
191284318,planet,"TESS FOP Working Group disposition 'KP' via NASA Exoplanet Archive TESS FOP WG catalog snapshot (benchmarks/toi_catalog.csv, accessed 2026-09-08)",TOI 1458.01
192790476,planet,"TESS FOP Working Group disposition 'CP' via NASA Exoplanet Archive TESS FOP WG catalog snapshot (benchmarks/toi_catalog.csv, accessed 2026-09-08)",TOI 2459.01
192826603,planet,"TESS FOP Working Group disposition 'KP' via NASA Exoplanet Archive TESS FOP WG catalog snapshot (benchmarks/toi_catalog.csv, accessed 2026-09-08)",TOI 551.01
193336820,planet,"TESS FOP Working Group disposition 'CP' via NASA Exoplanet Archive TESS FOP WG catalog snapshot (benchmarks/toi_catalog.csv, accessed 2026-09-08)",TOI 4491.01
19342878,planet,"TESS FOP Working Group disposition 'CP' via NASA Exoplanet Archive TESS FOP WG catalog snapshot (benchmarks/toi_catalog.csv, accessed 2026-09-08)",TOI 6101.01
193634953,planet,"TESS FOP Working Group disposition 'CP' via NASA Exoplanet Archive TESS FOP WG catalog snapshot (benchmarks/toi_catalog.csv, accessed 2026-09-08)",TOI 5688.01
193641523,planet,"TESS FOP Working Group disposition 'CP' via NASA Exoplanet Archive TESS FOP WG catalog snapshot (benchmarks/toi_catalog.csv, accessed 2026-09-08)",TOI 824.01
194736418,planet,"TESS FOP Working Group disposition 'CP' via NASA Exoplanet Archive TESS FOP WG catalog snapshot (benchmarks/toi_catalog.csv, accessed 2026-09-08)",TOI 6038.01
194795551,planet,"TESS FOP Working Group disposition 'CP' via NASA Exoplanet Archive TESS FOP WG catalog snapshot (benchmarks/toi_catalog.csv, accessed 2026-09-08)",TOI 3331.01
19684256,planet,"TESS FOP Working Group disposition 'KP' via NASA Exoplanet Archive TESS FOP WG catalog snapshot (benchmarks/toi_catalog.csv, accessed 2026-09-08)",TOI 1901.01
197643976,planet,"TESS FOP Working Group disposition 'KP' via NASA Exoplanet Archive TESS FOP WG catalog snapshot (benchmarks/toi_catalog.csv, accessed 2026-09-08)",TOI 6821.01
198008005,planet,"TESS FOP Working Group disposition 'CP' via NASA Exoplanet Archive TESS FOP WG catalog snapshot (benchmarks/toi_catalog.csv, accessed 2026-09-08)",TOI 858.01
198108326,planet,"TESS FOP Working Group disposition 'KP' via NASA Exoplanet Archive TESS FOP WG catalog snapshot (benchmarks/toi_catalog.csv, accessed 2026-09-08)",TOI 1844.01
198153540,planet,"TESS FOP Working Group disposition 'CP' via NASA Exoplanet Archive TESS FOP WG catalog snapshot (benchmarks/toi_catalog.csv, accessed 2026-09-08)","TOI 1798.01, 1798.02"
198241702,planet,"TESS FOP Working Group disposition 'CP' via NASA Exoplanet Archive TESS FOP WG catalog snapshot (benchmarks/toi_catalog.csv, accessed 2026-09-08)",TOI 1269.01
198356533,planet,"TESS FOP Working Group disposition 'CP' via NASA Exoplanet Archive TESS FOP WG catalog snapshot (benchmarks/toi_catalog.csv, accessed 2026-09-08)",TOI 1437.01
198385543,planet,"TESS FOP Working Group disposition 'CP' via NASA Exoplanet Archive TESS FOP WG catalog snapshot (benchmarks/toi_catalog.csv, accessed 2026-09-08)",TOI 1846.01
198390247,planet,"TESS FOP Working Group disposition 'CP' via NASA Exoplanet Archive TESS FOP WG catalog snapshot (benchmarks/toi_catalog.csv, accessed 2026-09-08)","TOI 1453.01, 1453.02"
198485881,planet,"TESS FOP Working Group disposition 'CP' via NASA Exoplanet Archive TESS FOP WG catalog snapshot (benchmarks/toi_catalog.csv, accessed 2026-09-08)",TOI 2257.01
198588220,planet,"TESS FOP Working Group disposition 'KP' via NASA Exoplanet Archive TESS FOP WG catalog snapshot (benchmarks/toi_catalog.csv, accessed 2026-09-08)",TOI 2014.01
199376584,planet,"TESS FOP Working Group disposition 'CP' via NASA Exoplanet Archive TESS FOP WG catalog snapshot (benchmarks/toi_catalog.csv, accessed 2026-09-08)",TOI 1456.01
199444169,planet,"TESS FOP Working Group disposition 'CP' via NASA Exoplanet Archive TESS FOP WG catalog snapshot (benchmarks/toi_catalog.csv, accessed 2026-09-08)",TOI 1410.01
199671901,planet,"TESS FOP Working Group disposition 'KP' via NASA Exoplanet Archive TESS FOP WG catalog snapshot (benchmarks/toi_catalog.csv, accessed 2026-09-08)",TOI 5959.01
200322593,planet,"TESS FOP Working Group disposition 'CP' via NASA Exoplanet Archive TESS FOP WG catalog snapshot (benchmarks/toi_catalog.csv, accessed 2026-09-08)",TOI 540.01
200723869,planet,"TESS FOP Working Group disposition 'CP' via NASA Exoplanet Archive TESS FOP WG catalog snapshot (benchmarks/toi_catalog.csv, accessed 2026-09-08)",TOI 257.01
20096620,planet,"TESS FOP Working Group disposition 'KP' via NASA Exoplanet Archive TESS FOP WG catalog snapshot (benchmarks/toi_catalog.csv, accessed 2026-09-08)",TOI 5374.01
201175570,planet,"TESS FOP Working Group disposition 'CP' via NASA Exoplanet Archive TESS FOP WG catalog snapshot (benchmarks/toi_catalog.csv, accessed 2026-09-08)",TOI 7041.01
201177276,planet,"TESS FOP Working Group disposition 'CP' via NASA Exoplanet Archive TESS FOP WG catalog snapshot (benchmarks/toi_catalog.csv, accessed 2026-09-08)",TOI 2379.01
201186294,planet,"TESS FOP Working Group disposition 'CP' via NASA Exoplanet Archive TESS FOP WG catalog snapshot (benchmarks/toi_catalog.csv, accessed 2026-09-08)",TOI 1634.01
201248411,planet,"TESS FOP Working Group disposition 'CP' via NASA Exoplanet Archive TESS FOP WG catalog snapshot (benchmarks/toi_catalog.csv, accessed 2026-09-08)",TOI 129.01
201604954,planet,"TESS FOP Working Group disposition 'KP' via NASA Exoplanet Archive TESS FOP WG catalog snapshot (benchmarks/toi_catalog.csv, accessed 2026-09-08)",TOI 1066.01
201642601,planet,"TESS FOP Working Group disposition 'KP' via NASA Exoplanet Archive TESS FOP WG catalog snapshot (benchmarks/toi_catalog.csv, accessed 2026-09-08)",TOI 1067.01
20182780,planet,"TESS FOP Working Group disposition 'CP' via NASA Exoplanet Archive TESS FOP WG catalog snapshot (benchmarks/toi_catalog.csv, accessed 2026-09-08)",TOI 3984.01
202426247,planet,"TESS FOP Working Group disposition 'CP' via NASA Exoplanet Archive TESS FOP WG catalog snapshot (benchmarks/toi_catalog.csv, accessed 2026-09-08)",TOI 1860.01
203189770,planet,"TESS FOP Working Group disposition 'KP' via NASA Exoplanet Archive TESS FOP WG catalog snapshot (benchmarks/toi_catalog.csv, accessed 2026-09-08)",TOI 1198.01
203214081,planet,"TESS FOP Working Group disposition 'KP' via NASA Exoplanet Archive TESS FOP WG catalog snapshot (benchmarks/toi_catalog.csv, accessed 2026-09-08)",TOI 5097.01
203214138,planet,"TESS FOP Working Group disposition 'KP' via NASA Exoplanet Archive TESS FOP WG catalog snapshot (benchmarks/toi_catalog.csv, accessed 2026-09-08)",TOI 5081.01
203289099,planet,"TESS FOP Working Group disposition 'KP' via NASA Exoplanet Archive TESS FOP WG catalog snapshot (benchmarks/toi_catalog.csv, accessed 2026-09-08)",TOI 5111.01
204317710,planet,"TESS FOP Working Group disposition 'KP' via NASA Exoplanet Archive TESS FOP WG catalog snapshot (benchmarks/toi_catalog.csv, accessed 2026-09-08)",TOI 255.01
204376737,planet,"TESS FOP Working Group disposition 'KP' via NASA Exoplanet Archive TESS FOP WG catalog snapshot (benchmarks/toi_catalog.csv, accessed 2026-09-08)",TOI 231.01
204650483,planet,"TESS FOP Working Group disposition 'CP' via NASA Exoplanet Archive TESS FOP WG catalog snapshot (benchmarks/toi_catalog.csv, accessed 2026-09-08)",TOI 4551.01
206284139,planet,"TESS FOP Working Group disposition 'KP' via NASA Exoplanet Archive TESS FOP WG catalog snapshot (benchmarks/toi_catalog.csv, accessed 2026-09-08)",TOI 4547.01
206541859,planet,"TESS FOP Working Group disposition 'CP' via NASA Exoplanet Archive TESS FOP WG catalog snapshot (benchmarks/toi_catalog.csv, accessed 2026-09-08)",TOI 4406.01
207077681,planet,"TESS FOP Working Group disposition 'KP' via NASA Exoplanet Archive TESS FOP WG catalog snapshot (benchmarks/toi_catalog.csv, accessed 2026-09-08)",TOI 1928.01
207110080,planet,"TESS FOP Working Group disposition 'CP' via NASA Exoplanet Archive TESS FOP WG catalog snapshot (benchmarks/toi_catalog.csv, accessed 2026-09-08)",TOI 558.01
207141131,planet,"TESS FOP Working Group disposition 'CP' via NASA Exoplanet Archive TESS FOP WG catalog snapshot (benchmarks/toi_catalog.csv, accessed 2026-09-08)",TOI 179.01
209459275,planet,"TESS FOP Working Group disposition 'CP' via NASA Exoplanet Archive TESS FOP WG catalog snapshot (benchmarks/toi_catalog.csv, accessed 2026-09-08)",TOI 559.01
209464063,planet,"TESS FOP Working Group disposition 'CP' via NASA Exoplanet Archive TESS FOP WG catalog snapshot (benchmarks/toi_catalog.csv, accessed 2026-09-08)",TOI 5678.01
209752908,planet,"TESS FOP Working Group disposition 'KP' via NASA Exoplanet Archive TESS FOP WG catalog snapshot (benchmarks/toi_catalog.csv, accessed 2026-09-08)",TOI 4483.01
210083929,planet,"TESS FOP Working Group disposition 'CP' via NASA Exoplanet Archive TESS FOP WG catalog snapshot (benchmarks/toi_catalog.csv, accessed 2026-09-08)",TOI 6130.01
21113347,planet,"TESS FOP Working Group disposition 'KP' via NASA Exoplanet Archive TESS FOP WG catalog snapshot (benchmarks/toi_catalog.csv, accessed 2026-09-08)",TOI 3497.01
211438925,planet,"TESS FOP Working Group disposition 'KP' via NASA Exoplanet Archive TESS FOP WG catalog snapshot (benchmarks/toi_catalog.csv, accessed 2026-09-08)",TOI 194.01
212253390,planet,"TESS FOP Working Group disposition 'CP' via NASA Exoplanet Archive TESS FOP WG catalog snapshot (benchmarks/toi_catalog.csv, accessed 2026-09-08)",TOI 2211.01
212957629,planet,"TESS FOP Working Group disposition 'CP' via NASA Exoplanet Archive TESS FOP WG catalog snapshot (benchmarks/toi_catalog.csv, accessed 2026-09-08)",TOI 2406.01
21535395,planet,"TESS FOP Working Group disposition 'CP' via NASA Exoplanet Archive TESS FOP WG catalog snapshot (benchmarks/toi_catalog.csv, accessed 2026-09-08)",TOI 1776.01
21744120,planet,"TESS FOP Working Group disposition 'KP' via NASA Exoplanet Archive TESS FOP WG catalog snapshot (benchmarks/toi_catalog.csv, accessed 2026-09-08)",TOI 2127.01
21832928,planet,"TESS FOP Working Group disposition 'CP' via NASA Exoplanet Archive TESS FOP WG catalog snapshot (benchmarks/toi_catalog.csv, accessed 2026-09-08)",TOI 2128.01
218795833,planet,"TESS FOP Working Group disposition 'CP' via NASA Exoplanet Archive TESS FOP WG catalog snapshot (benchmarks/toi_catalog.csv, accessed 2026-09-08)",TOI 519.01
219015370,planet,"TESS FOP Working Group disposition 'CP' via NASA Exoplanet Archive TESS FOP WG catalog snapshot (benchmarks/toi_catalog.csv, accessed 2026-09-08)",TOI 1294.01
219016883,planet,"TESS FOP Working Group disposition 'CP' via NASA Exoplanet Archive TESS FOP WG catalog snapshot (benchmarks/toi_catalog.csv, accessed 2026-09-08)",TOI 5238.01
219041246,planet,"TESS FOP Working Group disposition 'CP' via NASA Exoplanet Archive TESS FOP WG catalog snapshot (benchmarks/toi_catalog.csv, accessed 2026-09-08)",TOI 5713.01
219189765,planet,"TESS FOP Working Group disposition 'CP' via NASA Exoplanet Archive TESS FOP WG catalog snapshot (benchmarks/toi_catalog.csv, accessed 2026-09-08)",TOI 737.01
219344917,planet,"TESS FOP Working Group disposition 'CP' via NASA Exoplanet Archive TESS FOP WG catalog snapshot (benchmarks/toi_catalog.csv, accessed 2026-09-08)",TOI 871.01
219698776,planet,"TESS FOP Working Group disposition 'CP' via NASA Exoplanet Archive TESS FOP WG catalog snapshot (benchmarks/toi_catalog.csv, accessed 2026-09-08)",TOI 1243.01
219698950,planet,"TESS FOP Working Group disposition 'KP' via NASA Exoplanet Archive TESS FOP WG catalog snapshot (benchmarks/toi_catalog.csv, accessed 2026-09-08)",TOI 766.01
219850915,planet,"TESS FOP Working Group disposition 'CP' via NASA Exoplanet Archive TESS FOP WG catalog snapshot (benchmarks/toi_catalog.csv, accessed 2026-09-08)",TOI 1244.01
219852584,planet,"TESS FOP Working Group disposition 'CP' via NASA Exoplanet Archive TESS FOP WG catalog snapshot (benchmarks/toi_catalog.csv, accessed 2026-09-08)",TOI 1295.01
219852882,planet,"TESS FOP Working Group disposition 'CP' via NASA Exoplanet Archive TESS FOP WG catalog snapshot (benchmarks/toi_catalog.csv, accessed 2026-09-08)","TOI 1346.01, 1346.02"
219854185,planet,"TESS FOP Working Group disposition 'CP' via NASA Exoplanet Archive TESS FOP WG catalog snapshot (benchmarks/toi_catalog.csv, accessed 2026-09-08)",TOI 1296.01
219854519,planet,"TESS FOP Working Group disposition 'CP' via NASA Exoplanet Archive TESS FOP WG catalog snapshot (benchmarks/toi_catalog.csv, accessed 2026-09-08)",TOI 4582.01
219857012,planet,"TESS FOP Working Group disposition 'CP' via NASA Exoplanet Archive TESS FOP WG catalog snapshot (benchmarks/toi_catalog.csv, accessed 2026-09-08)",TOI 1742.01
219860288,planet,"TESS FOP Working Group disposition 'CP' via NASA Exoplanet Archive TESS FOP WG catalog snapshot (benchmarks/toi_catalog.csv, accessed 2026-09-08)",TOI 1743.01
220029715,planet,"TESS FOP Working Group disposition 'KP' via NASA Exoplanet Archive TESS FOP WG catalog snapshot (benchmarks/toi_catalog.csv, accessed 2026-09-08)",TOI 825.01
220076110,planet,"TESS FOP Working Group disposition 'CP' via NASA Exoplanet Archive TESS FOP WG catalog snapshot (benchmarks/toi_catalog.csv, accessed 2026-09-08)",TOI 2796.01
220479565,planet,"TESS FOP Working Group disposition 'CP' via NASA Exoplanet Archive TESS FOP WG catalog snapshot (benchmarks/toi_catalog.csv, accessed 2026-09-08)",TOI 269.01
22221375,planet,"TESS FOP Working Group disposition 'CP' via NASA Exoplanet Archive TESS FOP WG catalog snapshot (benchmarks/toi_catalog.csv, accessed 2026-09-08)",TOI 652.01
22233480,planet,"TESS FOP Working Group disposition 'CP' via NASA Exoplanet Archive TESS FOP WG catalog snapshot (benchmarks/toi_catalog.csv, accessed 2026-09-08)",TOI 4438.01
224225541,planet,"TESS FOP Working Group disposition 'CP' via NASA Exoplanet Archive TESS FOP WG catalog snapshot (benchmarks/toi_catalog.csv, accessed 2026-09-08)",TOI 251.01
224245334,planet,"TESS FOP Working Group disposition 'CP' via NASA Exoplanet Archive TESS FOP WG catalog snapshot (benchmarks/toi_catalog.csv, accessed 2026-09-08)",TOI 333.01
224297258,planet,"TESS FOP Working Group disposition 'CP' via NASA Exoplanet Archive TESS FOP WG catalog snapshot (benchmarks/toi_catalog.csv, accessed 2026-09-08)",TOI 1279.01
22529346,planet,"TESS FOP Working Group disposition 'KP' via NASA Exoplanet Archive TESS FOP WG catalog snapshot (benchmarks/toi_catalog.csv, accessed 2026-09-08)",TOI 495.01
228381868,planet,"TESS FOP Working Group disposition 'KP' via NASA Exoplanet Archive TESS FOP WG catalog snapshot (benchmarks/toi_catalog.csv, accessed 2026-09-08)",TOI 351.01
229047362,planet,"TESS FOP Working Group disposition 'KP' via NASA Exoplanet Archive TESS FOP WG catalog snapshot (benchmarks/toi_catalog.csv, accessed 2026-09-08)",TOI 767.01
229400092,planet,"TESS FOP Working Group disposition 'CP' via NASA Exoplanet Archive TESS FOP WG catalog snapshot (benchmarks/toi_catalog.csv, accessed 2026-09-08)",TOI 1826.01
229455001,planet,"TESS FOP Working Group disposition 'CP' via NASA Exoplanet Archive TESS FOP WG catalog snapshot (benchmarks/toi_catalog.csv, accessed 2026-09-08)",TOI 1744.01
229510866,planet,"TESS FOP Working Group disposition 'CP' via NASA Exoplanet Archive TESS FOP WG catalog snapshot (benchmarks/toi_catalog.csv, accessed 2026-09-08)",TOI 1181.01
229650439,planet,"TESS FOP Working Group disposition 'CP' via NASA Exoplanet Archive TESS FOP WG catalog snapshot (benchmarks/toi_catalog.csv, accessed 2026-09-08)","TOI 1438.01, 1438.02"
229742722,planet,"TESS FOP Working Group disposition 'CP' via NASA Exoplanet Archive TESS FOP WG catalog snapshot (benchmarks/toi_catalog.csv, accessed 2026-09-08)",TOI 1859.01
229747848,planet,"TESS FOP Working Group disposition 'CP' via NASA Exoplanet Archive TESS FOP WG catalog snapshot (benchmarks/toi_catalog.csv, accessed 2026-09-08)","TOI 1347.01, 1347.02"
229791084,planet,"TESS FOP Working Group disposition 'KP' via NASA Exoplanet Archive TESS FOP WG catalog snapshot (benchmarks/toi_catalog.csv, accessed 2026-09-08)",TOI 1864.01
230001847,planet,"TESS FOP Working Group disposition 'CP' via NASA Exoplanet Archive TESS FOP WG catalog snapshot (benchmarks/toi_catalog.csv, accessed 2026-09-08)",TOI 2337.01
230055368,planet,"TESS FOP Working Group disposition 'CP' via NASA Exoplanet Archive TESS FOP WG catalog snapshot (benchmarks/toi_catalog.csv, accessed 2026-09-08)",TOI 5720.01
230127302,planet,"TESS FOP Working Group disposition 'CP' via NASA Exoplanet Archive TESS FOP WG catalog snapshot (benchmarks/toi_catalog.csv, accessed 2026-09-08)","TOI 1246.01, 1246.02, 1246.03, 1246.04"
230982885,planet,"TESS FOP Working Group disposition 'KP' via NASA Exoplanet Archive TESS FOP WG catalog snapshot (benchmarks/toi_catalog.csv, accessed 2026-09-08)",TOI 195.01
231663901,planet,"TESS FOP Working Group disposition 'KP' via NASA Exoplanet Archive TESS FOP WG catalog snapshot (benchmarks/toi_catalog.csv, accessed 2026-09-08)",TOI 101.01
231670397,planet,"TESS FOP Working Group disposition 'KP' via NASA Exoplanet Archive TESS FOP WG catalog snapshot (benchmarks/toi_catalog.csv, accessed 2026-09-08)",TOI 104.01
231702397,planet,"TESS FOP Working Group disposition 'CP' via NASA Exoplanet Archive TESS FOP WG catalog snapshot (benchmarks/toi_catalog.csv, accessed 2026-09-08)",TOI 122.01
231736113,planet,"TESS FOP Working Group disposition 'CP' via NASA Exoplanet Archive TESS FOP WG catalog snapshot (benchmarks/toi_catalog.csv, accessed 2026-09-08)",TOI 1406.01
232038798,planet,"TESS FOP Working Group disposition 'KP' via NASA Exoplanet Archive TESS FOP WG catalog snapshot (benchmarks/toi_catalog.csv, accessed 2026-09-08)",TOI 1909.01
232540264,planet,"TESS FOP Working Group disposition 'CP' via NASA Exoplanet Archive TESS FOP WG catalog snapshot (benchmarks/toi_catalog.csv, accessed 2026-09-08)",TOI 1247.01
232568235,planet,"TESS FOP Working Group disposition 'CP' via NASA Exoplanet Archive TESS FOP WG catalog snapshot (benchmarks/toi_catalog.csv, accessed 2026-09-08)",TOI 2260.01
232608943,planet,"TESS FOP Working Group disposition 'CP' via NASA Exoplanet Archive TESS FOP WG catalog snapshot (benchmarks/toi_catalog.csv, accessed 2026-09-08)","TOI 4600.01, 4600.02"
232612416,planet,"TESS FOP Working Group disposition 'CP' via NASA Exoplanet Archive TESS FOP WG catalog snapshot (benchmarks/toi_catalog.csv, accessed 2026-09-08)",TOI 1248.01
232941965,planet,"TESS FOP Working Group disposition 'CP' via NASA Exoplanet Archive TESS FOP WG catalog snapshot (benchmarks/toi_catalog.csv, accessed 2026-09-08)",TOI 5882.01
232967440,planet,"TESS FOP Working Group disposition 'CP' via NASA Exoplanet Archive TESS FOP WG catalog snapshot (benchmarks/toi_catalog.csv, accessed 2026-09-08)",TOI 1173.01
232976128,planet,"TESS FOP Working Group disposition 'CP' via NASA Exoplanet Archive TESS FOP WG catalog snapshot (benchmarks/toi_catalog.csv, accessed 2026-09-08)",TOI 1249.01
232982558,planet,"TESS FOP Working Group disposition 'CP' via NASA Exoplanet Archive TESS FOP WG catalog snapshot (benchmarks/toi_catalog.csv, accessed 2026-09-08)",TOI 1439.01
232982938,planet,"TESS FOP Working Group disposition 'CP' via NASA Exoplanet Archive TESS FOP WG catalog snapshot (benchmarks/toi_catalog.csv, accessed 2026-09-08)",TOI 1828.01
233087860,planet,"TESS FOP Working Group disposition 'CP' via NASA Exoplanet Archive TESS FOP WG catalog snapshot (benchmarks/toi_catalog.csv, accessed 2026-09-08)",TOI 1184.01
233602827,planet,"TESS FOP Working Group disposition 'CP' via NASA Exoplanet Archive TESS FOP WG catalog snapshot (benchmarks/toi_catalog.csv, accessed 2026-09-08); TESS FOP Working Group disposition 'KP' via NASA Exoplanet Archive TESS FOP WG catalog snapshot (benchmarks/toi_catalog.csv, accessed 2026-09-08)","TOI 1749.01, 1749.02, 1749.03"
233948455,planet,"TESS FOP Working Group disposition 'KP' via NASA Exoplanet Archive TESS FOP WG catalog snapshot (benchmarks/toi_catalog.csv, accessed 2026-09-08)",TOI 3612.01
234112540,planet,"TESS FOP Working Group disposition 'KP' via NASA Exoplanet Archive TESS FOP WG catalog snapshot (benchmarks/toi_catalog.csv, accessed 2026-09-08)",TOI 537.01
23434737,planet,"TESS FOP Working Group disposition 'CP' via NASA Exoplanet Archive TESS FOP WG catalog snapshot (benchmarks/toi_catalog.csv, accessed 2026-09-08)",TOI 1203.01
234523599,planet,"TESS FOP Working Group disposition 'CP' via NASA Exoplanet Archive TESS FOP WG catalog snapshot (benchmarks/toi_catalog.csv, accessed 2026-09-08)",TOI 127.01
234825296,planet,"TESS FOP Working Group disposition 'KP' via NASA Exoplanet Archive TESS FOP WG catalog snapshot (benchmarks/toi_catalog.csv, accessed 2026-09-08)",TOI 536.01
234994474,planet,"TESS FOP Working Group disposition 'CP' via NASA Exoplanet Archive TESS FOP WG catalog snapshot (benchmarks/toi_catalog.csv, accessed 2026-09-08)",TOI 134.01
235678745,planet,"TESS FOP Working Group disposition 'CP' via NASA Exoplanet Archive TESS FOP WG catalog snapshot (benchmarks/toi_catalog.csv, accessed 2026-09-08)","TOI 2095.01, 2095.02"
235683377,planet,"TESS FOP Working Group disposition 'CP' via NASA Exoplanet Archive TESS FOP WG catalog snapshot (benchmarks/toi_catalog.csv, accessed 2026-09-08)",TOI 1442.01
236312126,planet,"TESS FOP Working Group disposition 'KP' via NASA Exoplanet Archive TESS FOP WG catalog snapshot (benchmarks/toi_catalog.csv, accessed 2026-09-08)",TOI 2021.01
236387002,planet,"TESS FOP Working Group disposition 'CP' via NASA Exoplanet Archive TESS FOP WG catalog snapshot (benchmarks/toi_catalog.csv, accessed 2026-09-08)",TOI 2119.01
236445129,planet,"TESS FOP Working Group disposition 'KP' via NASA Exoplanet Archive TESS FOP WG catalog snapshot (benchmarks/toi_catalog.csv, accessed 2026-09-08)",TOI 1282.01
236887394,planet,"TESS FOP Working Group disposition 'KP' via NASA Exoplanet Archive TESS FOP WG catalog snapshot (benchmarks/toi_catalog.csv, accessed 2026-09-08)",TOI 1465.01
237104103,planet,"TESS FOP Working Group disposition 'CP' via NASA Exoplanet Archive TESS FOP WG catalog snapshot (benchmarks/toi_catalog.csv, accessed 2026-09-08)",TOI 1298.01
237222864,planet,"TESS FOP Working Group disposition 'CP' via NASA Exoplanet Archive TESS FOP WG catalog snapshot (benchmarks/toi_catalog.csv, accessed 2026-09-08)",TOI 1255.01
237232044,planet,"TESS FOP Working Group disposition 'CP' via NASA Exoplanet Archive TESS FOP WG catalog snapshot (benchmarks/toi_catalog.csv, accessed 2026-09-08)",TOI 1443.01
237320326,planet,"TESS FOP Working Group disposition 'KP' via NASA Exoplanet Archive TESS FOP WG catalog snapshot (benchmarks/toi_catalog.csv, accessed 2026-09-08)",TOI 2414.01
23769326,planet,"TESS FOP Working Group disposition 'CP' via NASA Exoplanet Archive TESS FOP WG catalog snapshot (benchmarks/toi_catalog.csv, accessed 2026-09-08)",TOI 3919.01
237913194,planet,"TESS FOP Working Group disposition 'CP' via NASA Exoplanet Archive TESS FOP WG catalog snapshot (benchmarks/toi_catalog.csv, accessed 2026-09-08)",TOI 2179.01
237922465,planet,"TESS FOP Working Group disposition 'CP' via NASA Exoplanet Archive TESS FOP WG catalog snapshot (benchmarks/toi_catalog.csv, accessed 2026-09-08)",TOI 2416.01
237929468,planet,"TESS FOP Working Group disposition 'CP' via NASA Exoplanet Archive TESS FOP WG catalog snapshot (benchmarks/toi_catalog.csv, accessed 2026-09-08)",TOI 4940.01
238176110,planet,"TESS FOP Working Group disposition 'KP' via NASA Exoplanet Archive TESS FOP WG catalog snapshot (benchmarks/toi_catalog.csv, accessed 2026-09-08)",TOI 116.01
239154970,planet,"TESS FOP Working Group disposition 'KP' via NASA Exoplanet Archive TESS FOP WG catalog snapshot (benchmarks/toi_catalog.csv, accessed 2026-09-08)",TOI 1714.01
239277658,planet,"TESS FOP Working Group disposition 'KP' via NASA Exoplanet Archive TESS FOP WG catalog snapshot (benchmarks/toi_catalog.csv, accessed 2026-09-08)",TOI 7165.01
239332587,planet,"TESS FOP Working Group disposition 'CP' via NASA Exoplanet Archive TESS FOP WG catalog snapshot (benchmarks/toi_catalog.csv, accessed 2026-09-08)",TOI 4481.01
239816546,planet,"TESS FOP Working Group disposition 'CP' via NASA Exoplanet Archive TESS FOP WG catalog snapshot (benchmarks/toi_catalog.csv, accessed 2026-09-08)",TOI 2570.01
239977528,planet,"TESS FOP Working Group disposition 'CP' via NASA Exoplanet Archive TESS FOP WG catalog snapshot (benchmarks/toi_catalog.csv, accessed 2026-09-08)",TOI 5110.01
240681314,planet,"TESS FOP Working Group disposition 'KP' via NASA Exoplanet Archive TESS FOP WG catalog snapshot (benchmarks/toi_catalog.csv, accessed 2026-09-08)",TOI 1477.01
240823272,planet,"TESS FOP Working Group disposition 'CP' via NASA Exoplanet Archive TESS FOP WG catalog snapshot (benchmarks/toi_catalog.csv, accessed 2026-09-08)",TOI 3693.01
240968774,planet,"TESS FOP Working Group disposition 'CP' via NASA Exoplanet Archive TESS FOP WG catalog snapshot (benchmarks/toi_catalog.csv, accessed 2026-09-08)",TOI 1467.01
243014114,planet,"TESS FOP Working Group disposition 'KP' via NASA Exoplanet Archive TESS FOP WG catalog snapshot (benchmarks/toi_catalog.csv, accessed 2026-09-08)",TOI 4512.01
243185500,planet,"TESS FOP Working Group disposition 'CP' via NASA Exoplanet Archive TESS FOP WG catalog snapshot (benchmarks/toi_catalog.csv, accessed 2026-09-08)","TOI 1468.01, 1468.02"
243200602,planet,"TESS FOP Working Group disposition 'KP' via NASA Exoplanet Archive TESS FOP WG catalog snapshot (benchmarks/toi_catalog.csv, accessed 2026-09-08)",TOI 826.01
243244680,planet,"TESS FOP Working Group disposition 'KP' via NASA Exoplanet Archive TESS FOP WG catalog snapshot (benchmarks/toi_catalog.csv, accessed 2026-09-08)",TOI 5065.01
24358417,planet,"TESS FOP Working Group disposition 'CP' via NASA Exoplanet Archive TESS FOP WG catalog snapshot (benchmarks/toi_catalog.csv, accessed 2026-09-08)",TOI 2338.01
243641947,planet,"TESS FOP Working Group disposition 'CP' via NASA Exoplanet Archive TESS FOP WG catalog snapshot (benchmarks/toi_catalog.csv, accessed 2026-09-08)",TOI 3235.01
243921117,planet,"TESS FOP Working Group disposition 'KP' via NASA Exoplanet Archive TESS FOP WG catalog snapshot (benchmarks/toi_catalog.csv, accessed 2026-09-08)",TOI 5801.01
244089109,planet,"TESS FOP Working Group disposition 'KP' via NASA Exoplanet Archive TESS FOP WG catalog snapshot (benchmarks/toi_catalog.csv, accessed 2026-09-08)",TOI 7061.01
245392284,planet,"TESS FOP Working Group disposition 'KP' via NASA Exoplanet Archive TESS FOP WG catalog snapshot (benchmarks/toi_catalog.csv, accessed 2026-09-08)",TOI 6030.01
245509452,planet,"TESS FOP Working Group disposition 'CP' via NASA Exoplanet Archive TESS FOP WG catalog snapshot (benchmarks/toi_catalog.csv, accessed 2026-09-08)",TOI 3688.01
246965431,planet,"TESS FOP Working Group disposition 'CP' via NASA Exoplanet Archive TESS FOP WG catalog snapshot (benchmarks/toi_catalog.csv, accessed 2026-09-08)",TOI 5319.01
248075138,planet,"TESS FOP Working Group disposition 'KP' via NASA Exoplanet Archive TESS FOP WG catalog snapshot (benchmarks/toi_catalog.csv, accessed 2026-09-08)",TOI 769.01
248111245,planet,"TESS FOP Working Group disposition 'KP' via NASA Exoplanet Archive TESS FOP WG catalog snapshot (benchmarks/toi_catalog.csv, accessed 2026-09-08)",TOI 770.01
248250955,planet,"TESS FOP Working Group disposition 'CP' via NASA Exoplanet Archive TESS FOP WG catalog snapshot (benchmarks/toi_catalog.csv, accessed 2026-09-08)",TOI 4552.01
248853232,planet,"TESS FOP Working Group disposition 'KP' via NASA Exoplanet Archive TESS FOP WG catalog snapshot (benchmarks/toi_catalog.csv, accessed 2026-09-08)",TOI 5823.01
250111245,planet,"TESS FOP Working Group disposition 'CP' via NASA Exoplanet Archive TESS FOP WG catalog snapshot (benchmarks/toi_catalog.csv, accessed 2026-09-08)",TOI 5293.01
250707118,planet,"TESS FOP Working Group disposition 'KP' via NASA Exoplanet Archive TESS FOP WG catalog snapshot (benchmarks/toi_catalog.csv, accessed 2026-09-08)",TOI 6028.01
250977648,planet,"TESS FOP Working Group disposition 'KP' via NASA Exoplanet Archive TESS FOP WG catalog snapshot (benchmarks/toi_catalog.csv, accessed 2026-09-08)",TOI 7490.01
25155310,planet,"TESS FOP Working Group disposition 'KP' via NASA Exoplanet Archive TESS FOP WG catalog snapshot (benchmarks/toi_catalog.csv, accessed 2026-09-08)",TOI 114.01
251848941,planet,"TESS FOP Working Group disposition 'CP' via NASA Exoplanet Archive TESS FOP WG catalog snapshot (benchmarks/toi_catalog.csv, accessed 2026-09-08); TESS FOP Working Group disposition 'KP' via NASA Exoplanet Archive TESS FOP WG catalog snapshot (benchmarks/toi_catalog.csv, accessed 2026-09-08)","TOI 178.01, 178.02, 178.03, 178.04, 178.05"
252479260,planet,"TESS FOP Working Group disposition 'KP' via NASA Exoplanet Archive TESS FOP WG catalog snapshot (benchmarks/toi_catalog.csv, accessed 2026-09-08)",TOI 1771.01
25375553,planet,"TESS FOP Working Group disposition 'KP' via NASA Exoplanet Archive TESS FOP WG catalog snapshot (benchmarks/toi_catalog.csv, accessed 2026-09-08)",TOI 143.01
254113311,planet,"TESS FOP Working Group disposition 'CP' via NASA Exoplanet Archive TESS FOP WG catalog snapshot (benchmarks/toi_catalog.csv, accessed 2026-09-08)","TOI 1130.01, 1130.02"
255930614,planet,"TESS FOP Working Group disposition 'KP' via NASA Exoplanet Archive TESS FOP WG catalog snapshot (benchmarks/toi_catalog.csv, accessed 2026-09-08)",TOI 2024.01
256364928,planet,"TESS FOP Working Group disposition 'KP' via NASA Exoplanet Archive TESS FOP WG catalog snapshot (benchmarks/toi_catalog.csv, accessed 2026-09-08)",TOI 4470.01
256722647,planet,"TESS FOP Working Group disposition 'CP' via NASA Exoplanet Archive TESS FOP WG catalog snapshot (benchmarks/toi_catalog.csv, accessed 2026-09-08)",TOI 4329.01
257060897,planet,"TESS FOP Working Group disposition 'CP' via NASA Exoplanet Archive TESS FOP WG catalog snapshot (benchmarks/toi_catalog.csv, accessed 2026-09-08)",TOI 4138.01
257527578,planet,"TESS FOP Working Group disposition 'CP' via NASA Exoplanet Archive TESS FOP WG catalog snapshot (benchmarks/toi_catalog.csv, accessed 2026-09-08)",TOI 5152.01
257567854,planet,"TESS FOP Working Group disposition 'KP' via NASA Exoplanet Archive TESS FOP WG catalog snapshot (benchmarks/toi_catalog.csv, accessed 2026-09-08)",TOI 403.01
257605131,planet,"TESS FOP Working Group disposition 'CP' via NASA Exoplanet Archive TESS FOP WG catalog snapshot (benchmarks/toi_catalog.csv, accessed 2026-09-08)","TOI 451.01, 451.02, 451.03"
257774438,planet,"TESS FOP Working Group disposition 'KP' via NASA Exoplanet Archive TESS FOP WG catalog snapshot (benchmarks/toi_catalog.csv, accessed 2026-09-08)",TOI 4648.01
258510872,planet,"TESS FOP Working Group disposition 'CP' via NASA Exoplanet Archive TESS FOP WG catalog snapshot (benchmarks/toi_catalog.csv, accessed 2026-09-08)",TOI 1885.01
258514800,planet,"TESS FOP Working Group disposition 'CP' via NASA Exoplanet Archive TESS FOP WG catalog snapshot (benchmarks/toi_catalog.csv, accessed 2026-09-08)",TOI 1444.01
258796169,planet,"TESS FOP Working Group disposition 'CP' via NASA Exoplanet Archive TESS FOP WG catalog snapshot (benchmarks/toi_catalog.csv, accessed 2026-09-08)",TOI 4616.01
258804746,planet,"TESS FOP Working Group disposition 'CP' via NASA Exoplanet Archive TESS FOP WG catalog snapshot (benchmarks/toi_catalog.csv, accessed 2026-09-08)",TOI 2431.01
258920431,planet,"TESS FOP Working Group disposition 'CP' via NASA Exoplanet Archive TESS FOP WG catalog snapshot (benchmarks/toi_catalog.csv, accessed 2026-09-08)",TOI 2567.01
259168516,planet,"TESS FOP Working Group disposition 'CP' via NASA Exoplanet Archive TESS FOP WG catalog snapshot (benchmarks/toi_catalog.csv, accessed 2026-09-08)",TOI 1680.01
259172249,planet,"TESS FOP Working Group disposition 'CP' via NASA Exoplanet Archive TESS FOP WG catalog snapshot (benchmarks/toi_catalog.csv, accessed 2026-09-08)",TOI 5218.01
259233660,planet,"TESS FOP Working Group disposition 'CP' via NASA Exoplanet Archive TESS FOP WG catalog snapshot (benchmarks/toi_catalog.csv, accessed 2026-09-08)",TOI 6000.01
259377017,planet,"TESS FOP Working Group disposition 'CP' via NASA Exoplanet Archive TESS FOP WG catalog snapshot (benchmarks/toi_catalog.csv, accessed 2026-09-08)","TOI 270.01, 270.02, 270.03"
259506033,planet,"TESS FOP Working Group disposition 'KP' via NASA Exoplanet Archive TESS FOP WG catalog snapshot (benchmarks/toi_catalog.csv, accessed 2026-09-08)",TOI 3705.01
260004324,planet,"TESS FOP Working Group disposition 'CP' via NASA Exoplanet Archive TESS FOP WG catalog snapshot (benchmarks/toi_catalog.csv, accessed 2026-09-08)",TOI 704.01
260128333,planet,"TESS FOP Working Group disposition 'CP' via NASA Exoplanet Archive TESS FOP WG catalog snapshot (benchmarks/toi_catalog.csv, accessed 2026-09-08)",TOI 1338.01
26017005,planet,"TESS FOP Working Group disposition 'KP' via NASA Exoplanet Archive TESS FOP WG catalog snapshot (benchmarks/toi_catalog.csv, accessed 2026-09-08)",TOI 4535.01
26054627,planet,"TESS FOP Working Group disposition 'CP' via NASA Exoplanet Archive TESS FOP WG catalog snapshot (benchmarks/toi_catalog.csv, accessed 2026-09-08)",TOI 5349.01
260647166,planet,"TESS FOP Working Group disposition 'CP' via NASA Exoplanet Archive TESS FOP WG catalog snapshot (benchmarks/toi_catalog.csv, accessed 2026-09-08)","TOI 1233.01, 1233.02, 1233.03, 1233.04"
260708537,planet,"TESS FOP Working Group disposition 'CP' via NASA Exoplanet Archive TESS FOP WG catalog snapshot (benchmarks/toi_catalog.csv, accessed 2026-09-08)",TOI 486.01
26078330,planet,"TESS FOP Working Group disposition 'KP' via NASA Exoplanet Archive TESS FOP WG catalog snapshot (benchmarks/toi_catalog.csv, accessed 2026-09-08)",TOI 6979.01
261135533,planet,"TESS FOP Working Group disposition 'CP' via NASA Exoplanet Archive TESS FOP WG catalog snapshot (benchmarks/toi_catalog.csv, accessed 2026-09-08)",TOI 6255.01
261136679,planet,"TESS FOP Working Group disposition 'CP' via NASA Exoplanet Archive TESS FOP WG catalog snapshot (benchmarks/toi_catalog.csv, accessed 2026-09-08)",TOI 144.01
261257684,planet,"TESS FOP Working Group disposition 'CP' via NASA Exoplanet Archive TESS FOP WG catalog snapshot (benchmarks/toi_catalog.csv, accessed 2026-09-08)","TOI 904.01, 904.02"
261867566,planet,"TESS FOP Working Group disposition 'CP' via NASA Exoplanet Archive TESS FOP WG catalog snapshot (benchmarks/toi_catalog.csv, accessed 2026-09-08)",TOI 905.01
2621212,planet,"TESS FOP Working Group disposition 'KP' via NASA Exoplanet Archive TESS FOP WG catalog snapshot (benchmarks/toi_catalog.csv, accessed 2026-09-08)",TOI 7468.01
262530407,planet,"TESS FOP Working Group disposition 'CP' via NASA Exoplanet Archive TESS FOP WG catalog snapshot (benchmarks/toi_catalog.csv, accessed 2026-09-08)",TOI 177.01
262662119,planet,"TESS FOP Working Group disposition 'KP' via NASA Exoplanet Archive TESS FOP WG catalog snapshot (benchmarks/toi_catalog.csv, accessed 2026-09-08)",TOI 4531.01
262715204,planet,"TESS FOP Working Group disposition 'KP' via NASA Exoplanet Archive TESS FOP WG catalog snapshot (benchmarks/toi_catalog.csv, accessed 2026-09-08)","TOI 4538.01, 4538.02, 4538.03"
262746281,planet,"TESS FOP Working Group disposition 'CP' via NASA Exoplanet Archive TESS FOP WG catalog snapshot (benchmarks/toi_catalog.csv, accessed 2026-09-08)",TOI 603.01
263003176,planet,"TESS FOP Working Group disposition 'CP' via NASA Exoplanet Archive TESS FOP WG catalog snapshot (benchmarks/toi_catalog.csv, accessed 2026-09-08)",TOI 130.01
263179590,planet,"TESS FOP Working Group disposition 'CP' via NASA Exoplanet Archive TESS FOP WG catalog snapshot (benchmarks/toi_catalog.csv, accessed 2026-09-08)",TOI 2498.01
264508014,planet,"TESS FOP Working Group disposition 'KP' via NASA Exoplanet Archive TESS FOP WG catalog snapshot (benchmarks/toi_catalog.csv, accessed 2026-09-08)",TOI 4474.01
264678534,planet,"TESS FOP Working Group disposition 'CP' via NASA Exoplanet Archive TESS FOP WG catalog snapshot (benchmarks/toi_catalog.csv, accessed 2026-09-08)",TOI 1611.01
26547036,planet,"TESS FOP Working Group disposition 'CP' via NASA Exoplanet Archive TESS FOP WG catalog snapshot (benchmarks/toi_catalog.csv, accessed 2026-09-08)",TOI 2010.01
266593143,planet,"TESS FOP Working Group disposition 'KP' via NASA Exoplanet Archive TESS FOP WG catalog snapshot (benchmarks/toi_catalog.csv, accessed 2026-09-08)",TOI 1283.01
266980320,planet,"TESS FOP Working Group disposition 'CP' via NASA Exoplanet Archive TESS FOP WG catalog snapshot (benchmarks/toi_catalog.csv, accessed 2026-09-08)",TOI 118.01
267263253,planet,"TESS FOP Working Group disposition 'CP' via NASA Exoplanet Archive TESS FOP WG catalog snapshot (benchmarks/toi_catalog.csv, accessed 2026-09-08)",TOI 135.01
267572272,planet,"TESS FOP Working Group disposition 'KP' via NASA Exoplanet Archive TESS FOP WG catalog snapshot (benchmarks/toi_catalog.csv, accessed 2026-09-08)",TOI 4489.01
267574918,planet,"TESS FOP Working Group disposition 'CP' via NASA Exoplanet Archive TESS FOP WG catalog snapshot (benchmarks/toi_catalog.csv, accessed 2026-09-08)",TOI 1690.01
267650535,planet,"TESS FOP Working Group disposition 'KP' via NASA Exoplanet Archive TESS FOP WG catalog snapshot (benchmarks/toi_catalog.csv, accessed 2026-09-08)",TOI 3597.01
268159158,planet,"TESS FOP Working Group disposition 'KP' via NASA Exoplanet Archive TESS FOP WG catalog snapshot (benchmarks/toi_catalog.csv, accessed 2026-09-08)",TOI 6090.01
26826078,planet,"TESS FOP Working Group disposition 'KP' via NASA Exoplanet Archive TESS FOP WG catalog snapshot (benchmarks/toi_catalog.csv, accessed 2026-09-08)",TOI 5096.01
268301217,planet,"TESS FOP Working Group disposition 'CP' via NASA Exoplanet Archive TESS FOP WG catalog snapshot (benchmarks/toi_catalog.csv, accessed 2026-09-08)",TOI 1937.01
268334473,planet,"TESS FOP Working Group disposition 'CP' via NASA Exoplanet Archive TESS FOP WG catalog snapshot (benchmarks/toi_catalog.csv, accessed 2026-09-08)",TOI 1691.01
268403451,planet,"TESS FOP Working Group disposition 'KP' via NASA Exoplanet Archive TESS FOP WG catalog snapshot (benchmarks/toi_catalog.csv, accessed 2026-09-08)",TOI 1612.01
268532343,planet,"TESS FOP Working Group disposition 'CP' via NASA Exoplanet Archive TESS FOP WG catalog snapshot (benchmarks/toi_catalog.csv, accessed 2026-09-08)",TOI 2420.01
268604331,planet,"TESS FOP Working Group disposition 'KP' via NASA Exoplanet Archive TESS FOP WG catalog snapshot (benchmarks/toi_catalog.csv, accessed 2026-09-08)",TOI 4466.01
268644785,planet,"TESS FOP Working Group disposition 'KP' via NASA Exoplanet Archive TESS FOP WG catalog snapshot (benchmarks/toi_catalog.csv, accessed 2026-09-08)",TOI 505.01
268766053,planet,"TESS FOP Working Group disposition 'KP' via NASA Exoplanet Archive TESS FOP WG catalog snapshot (benchmarks/toi_catalog.csv, accessed 2026-09-08)",TOI 272.01
268823307,planet,"TESS FOP Working Group disposition 'KP' via NASA Exoplanet Archive TESS FOP WG catalog snapshot (benchmarks/toi_catalog.csv, accessed 2026-09-08)",TOI 2182.01
268924036,planet,"TESS FOP Working Group disposition 'KP' via NASA Exoplanet Archive TESS FOP WG catalog snapshot (benchmarks/toi_catalog.csv, accessed 2026-09-08)",TOI 4490.01
269217040,planet,"TESS FOP Working Group disposition 'KP' via NASA Exoplanet Archive TESS FOP WG catalog snapshot (benchmarks/toi_catalog.csv, accessed 2026-09-08)",TOI 6686.01
269269546,planet,"TESS FOP Working Group disposition 'KP' via NASA Exoplanet Archive TESS FOP WG catalog snapshot (benchmarks/toi_catalog.csv, accessed 2026-09-08)",TOI 4488.01
269333648,planet,"TESS FOP Working Group disposition 'CP' via NASA Exoplanet Archive TESS FOP WG catalog snapshot (benchmarks/toi_catalog.csv, accessed 2026-09-08)",TOI 2529.01
269701147,planet,"TESS FOP Working Group disposition 'CP' via NASA Exoplanet Archive TESS FOP WG catalog snapshot (benchmarks/toi_catalog.csv, accessed 2026-09-08)","TOI 1339.01, 1339.02, 1339.03"
270380593,planet,"TESS FOP Working Group disposition 'KP' via NASA Exoplanet Archive TESS FOP WG catalog snapshot (benchmarks/toi_catalog.csv, accessed 2026-09-08)",TOI 465.01
27039476,planet,"TESS FOP Working Group disposition 'KP' via NASA Exoplanet Archive TESS FOP WG catalog snapshot (benchmarks/toi_catalog.csv, accessed 2026-09-08)",TOI 4604.01
270468559,planet,"TESS FOP Working Group disposition 'KP' via NASA Exoplanet Archive TESS FOP WG catalog snapshot (benchmarks/toi_catalog.csv, accessed 2026-09-08)",TOI 571.01
270604417,planet,"TESS FOP Working Group disposition 'CP' via NASA Exoplanet Archive TESS FOP WG catalog snapshot (benchmarks/toi_catalog.csv, accessed 2026-09-08)",TOI 2543.01
27064468,planet,"TESS FOP Working Group disposition 'CP' via NASA Exoplanet Archive TESS FOP WG catalog snapshot (benchmarks/toi_catalog.csv, accessed 2026-09-08)","TOI 5126.01, 5126.02"
271042217,planet,"TESS FOP Working Group disposition 'KP' via NASA Exoplanet Archive TESS FOP WG catalog snapshot (benchmarks/toi_catalog.csv, accessed 2026-09-08)",TOI 4428.01
271052158,planet,"TESS FOP Working Group disposition 'KP' via NASA Exoplanet Archive TESS FOP WG catalog snapshot (benchmarks/toi_catalog.csv, accessed 2026-09-08)",TOI 7461.01
271168962,planet,"TESS FOP Working Group disposition 'KP' via NASA Exoplanet Archive TESS FOP WG catalog snapshot (benchmarks/toi_catalog.csv, accessed 2026-09-08)",TOI 828.01
271169413,planet,"TESS FOP Working Group disposition 'CP' via NASA Exoplanet Archive TESS FOP WG catalog snapshot (benchmarks/toi_catalog.csv, accessed 2026-09-08)",TOI 4559.01
271354351,planet,"TESS FOP Working Group disposition 'KP' via NASA Exoplanet Archive TESS FOP WG catalog snapshot (benchmarks/toi_catalog.csv, accessed 2026-09-08)",TOI 4426.01
271424111,planet,"TESS FOP Working Group disposition 'KP' via NASA Exoplanet Archive TESS FOP WG catalog snapshot (benchmarks/toi_catalog.csv, accessed 2026-09-08)",TOI 6073.01
271431851,planet,"TESS FOP Working Group disposition 'KP' via NASA Exoplanet Archive TESS FOP WG catalog snapshot (benchmarks/toi_catalog.csv, accessed 2026-09-08)",TOI 6081.01
271478281,planet,"TESS FOP Working Group disposition 'CP' via NASA Exoplanet Archive TESS FOP WG catalog snapshot (benchmarks/toi_catalog.csv, accessed 2026-09-08)",TOI 2194.01
271749758,planet,"TESS FOP Working Group disposition 'KP' via NASA Exoplanet Archive TESS FOP WG catalog snapshot (benchmarks/toi_catalog.csv, accessed 2026-09-08)",TOI 6970.01
271893367,planet,"TESS FOP Working Group disposition 'CP' via NASA Exoplanet Archive TESS FOP WG catalog snapshot (benchmarks/toi_catalog.csv, accessed 2026-09-08)",TOI 150.01
271898990,planet,"TESS FOP Working Group disposition 'KP' via NASA Exoplanet Archive TESS FOP WG catalog snapshot (benchmarks/toi_catalog.csv, accessed 2026-09-08)",TOI 7501.01
271971130,planet,"TESS FOP Working Group disposition 'CP' via NASA Exoplanet Archive TESS FOP WG catalog snapshot (benchmarks/toi_catalog.csv, accessed 2026-09-08)",TOI 715.01
272212970,planet,"TESS FOP Working Group disposition 'KP' via NASA Exoplanet Archive TESS FOP WG catalog snapshot (benchmarks/toi_catalog.csv, accessed 2026-09-08)",TOI 1902.01
272213425,planet,"TESS FOP Working Group disposition 'KP' via NASA Exoplanet Archive TESS FOP WG catalog snapshot (benchmarks/toi_catalog.csv, accessed 2026-09-08)",TOI 1904.01
272366748,planet,"TESS FOP Working Group disposition 'KP' via NASA Exoplanet Archive TESS FOP WG catalog snapshot (benchmarks/toi_catalog.csv, accessed 2026-09-08)",TOI 5824.01
272840455,planet,"TESS FOP Working Group disposition 'KP' via NASA Exoplanet Archive TESS FOP WG catalog snapshot (benchmarks/toi_catalog.csv, accessed 2026-09-08)",TOI 7457.01
27318774,planet,"TESS FOP Working Group disposition 'KP' via NASA Exoplanet Archive TESS FOP WG catalog snapshot (benchmarks/toi_catalog.csv, accessed 2026-09-08)",TOI 4471.01
273231214,planet,"TESS FOP Working Group disposition 'KP' via NASA Exoplanet Archive TESS FOP WG catalog snapshot (benchmarks/toi_catalog.csv, accessed 2026-09-08)","TOI 4581.01, 4581.02"
273234825,planet,"TESS FOP Working Group disposition 'KP' via NASA Exoplanet Archive TESS FOP WG catalog snapshot (benchmarks/toi_catalog.csv, accessed 2026-09-08)",TOI 7395.01
273690178,planet,"TESS FOP Working Group disposition 'KP' via NASA Exoplanet Archive TESS FOP WG catalog snapshot (benchmarks/toi_catalog.csv, accessed 2026-09-08)",TOI 7396.01
273874849,planet,"TESS FOP Working Group disposition 'KP' via NASA Exoplanet Archive TESS FOP WG catalog snapshot (benchmarks/toi_catalog.csv, accessed 2026-09-08)",TOI 5794.01
274198407,planet,"TESS FOP Working Group disposition 'KP' via NASA Exoplanet Archive TESS FOP WG catalog snapshot (benchmarks/toi_catalog.csv, accessed 2026-09-08)",TOI 7463.01
27491137,planet,"TESS FOP Working Group disposition 'CP' via NASA Exoplanet Archive TESS FOP WG catalog snapshot (benchmarks/toi_catalog.csv, accessed 2026-09-08)","TOI 2076.01, 2076.02, 2076.03"
27534138,planet,"TESS FOP Working Group disposition 'KP' via NASA Exoplanet Archive TESS FOP WG catalog snapshot (benchmarks/toi_catalog.csv, accessed 2026-09-08)",TOI 5993.01
275717567,planet,"TESS FOP Working Group disposition 'CP' via NASA Exoplanet Archive TESS FOP WG catalog snapshot (benchmarks/toi_catalog.csv, accessed 2026-09-08)",TOI 7265.01
27635334,planet,"TESS FOP Working Group disposition 'KP' via NASA Exoplanet Archive TESS FOP WG catalog snapshot (benchmarks/toi_catalog.csv, accessed 2026-09-08)",TOI 6967.01
27649847,planet,"TESS FOP Working Group disposition 'CP' via NASA Exoplanet Archive TESS FOP WG catalog snapshot (benchmarks/toi_catalog.csv, accessed 2026-09-08)",TOI 521.01
277128619,planet,"TESS FOP Working Group disposition 'CP' via NASA Exoplanet Archive TESS FOP WG catalog snapshot (benchmarks/toi_catalog.csv, accessed 2026-09-08)",TOI 4994.01
277634430,planet,"TESS FOP Working Group disposition 'CP' via NASA Exoplanet Archive TESS FOP WG catalog snapshot (benchmarks/toi_catalog.csv, accessed 2026-09-08)",TOI 771.01
27769688,planet,"TESS FOP Working Group disposition 'KP' via NASA Exoplanet Archive TESS FOP WG catalog snapshot (benchmarks/toi_catalog.csv, accessed 2026-09-08)",TOI 4579.01
27774415,planet,"TESS FOP Working Group disposition 'KP' via NASA Exoplanet Archive TESS FOP WG catalog snapshot (benchmarks/toi_catalog.csv, accessed 2026-09-08)",TOI 4456.01
277833995,planet,"TESS FOP Working Group disposition 'KP' via NASA Exoplanet Archive TESS FOP WG catalog snapshot (benchmarks/toi_catalog.csv, accessed 2026-09-08)",TOI 5524.01
278348461,planet,"TESS FOP Working Group disposition 'KP' via NASA Exoplanet Archive TESS FOP WG catalog snapshot (benchmarks/toi_catalog.csv, accessed 2026-09-08)",TOI 1257.01
27848472,planet,"TESS FOP Working Group disposition 'KP' via NASA Exoplanet Archive TESS FOP WG catalog snapshot (benchmarks/toi_catalog.csv, accessed 2026-09-08)",TOI 2131.01
278892590,planet,"TESS FOP Working Group disposition 'KP' via NASA Exoplanet Archive TESS FOP WG catalog snapshot (benchmarks/toi_catalog.csv, accessed 2026-09-08)",TOI 6838.01
27916356,planet,"TESS FOP Working Group disposition 'KP' via NASA Exoplanet Archive TESS FOP WG catalog snapshot (benchmarks/toi_catalog.csv, accessed 2026-09-08)",TOI 3534.01
279741379,planet,"TESS FOP Working Group disposition 'CP' via NASA Exoplanet Archive TESS FOP WG catalog snapshot (benchmarks/toi_catalog.csv, accessed 2026-09-08)","TOI 186.01, 186.02"
27990610,planet,"TESS FOP Working Group disposition 'KP' via NASA Exoplanet Archive TESS FOP WG catalog snapshot (benchmarks/toi_catalog.csv, accessed 2026-09-08)",TOI 4482.01
279947414,planet,"TESS FOP Working Group disposition 'CP' via NASA Exoplanet Archive TESS FOP WG catalog snapshot (benchmarks/toi_catalog.csv, accessed 2026-09-08)",TOI 4145.01
280206394,planet,"TESS FOP Working Group disposition 'CP' via NASA Exoplanet Archive TESS FOP WG catalog snapshot (benchmarks/toi_catalog.csv, accessed 2026-09-08)",TOI 677.01
280210963,planet,"TESS FOP Working Group disposition 'KP' via NASA Exoplanet Archive TESS FOP WG catalog snapshot (benchmarks/toi_catalog.csv, accessed 2026-09-08)",TOI 535.01
280437559,planet,"TESS FOP Working Group disposition 'CP' via NASA Exoplanet Archive TESS FOP WG catalog snapshot (benchmarks/toi_catalog.csv, accessed 2026-09-08)",TOI 969.01
280655495,planet,"TESS FOP Working Group disposition 'CP' via NASA Exoplanet Archive TESS FOP WG catalog snapshot (benchmarks/toi_catalog.csv, accessed 2026-09-08)",TOI 3364.01
281196902,planet,"TESS FOP Working Group disposition 'CP' via NASA Exoplanet Archive TESS FOP WG catalog snapshot (benchmarks/toi_catalog.csv, accessed 2026-09-08)",TOI 3755.01
281408474,planet,"TESS FOP Working Group disposition 'CP' via NASA Exoplanet Archive TESS FOP WG catalog snapshot (benchmarks/toi_catalog.csv, accessed 2026-09-08)",TOI 628.01
281459670,planet,"TESS FOP Working Group disposition 'KP' via NASA Exoplanet Archive TESS FOP WG catalog snapshot (benchmarks/toi_catalog.csv, accessed 2026-09-08)",TOI 110.01
281541545,planet,"TESS FOP Working Group disposition 'KP' via NASA Exoplanet Archive TESS FOP WG catalog snapshot (benchmarks/toi_catalog.csv, accessed 2026-09-08)",TOI 6720.01
281541555,planet,"TESS FOP Working Group disposition 'KP' via NASA Exoplanet Archive TESS FOP WG catalog snapshot (benchmarks/toi_catalog.csv, accessed 2026-09-08)",TOI 115.01
281731203,planet,"TESS FOP Working Group disposition 'KP' via NASA Exoplanet Archive TESS FOP WG catalog snapshot (benchmarks/toi_catalog.csv, accessed 2026-09-08)",TOI 685.01
281885301,planet,"TESS FOP Working Group disposition 'KP' via NASA Exoplanet Archive TESS FOP WG catalog snapshot (benchmarks/toi_catalog.csv, accessed 2026-09-08)",TOI 5145.01
281909674,planet,"TESS FOP Working Group disposition 'KP' via NASA Exoplanet Archive TESS FOP WG catalog snapshot (benchmarks/toi_catalog.csv, accessed 2026-09-08)",TOI 534.01
28230919,planet,"TESS FOP Working Group disposition 'KP' via NASA Exoplanet Archive TESS FOP WG catalog snapshot (benchmarks/toi_catalog.csv, accessed 2026-09-08)",TOI 1144.01
282485660,planet,"TESS FOP Working Group disposition 'CP' via NASA Exoplanet Archive TESS FOP WG catalog snapshot (benchmarks/toi_catalog.csv, accessed 2026-09-08)",TOI 5005.01
283419843,planet,"TESS FOP Working Group disposition 'KP' via NASA Exoplanet Archive TESS FOP WG catalog snapshot (benchmarks/toi_catalog.csv, accessed 2026-09-08)",TOI 5818.01
283722336,planet,"TESS FOP Working Group disposition 'KP' via NASA Exoplanet Archive TESS FOP WG catalog snapshot (benchmarks/toi_catalog.csv, accessed 2026-09-08)","TOI 1469.01, 1469.02"
284326455,planet,"TESS FOP Working Group disposition 'KP' via NASA Exoplanet Archive TESS FOP WG catalog snapshot (benchmarks/toi_catalog.csv, accessed 2026-09-08)",TOI 4618.01
284441182,planet,"TESS FOP Working Group disposition 'CP' via NASA Exoplanet Archive TESS FOP WG catalog snapshot (benchmarks/toi_catalog.csv, accessed 2026-09-08)",TOI 1470.01
284475976,planet,"TESS FOP Working Group disposition 'KP' via NASA Exoplanet Archive TESS FOP WG catalog snapshot (benchmarks/toi_catalog.csv, accessed 2026-09-08)",TOI 1628.01
285048486,planet,"TESS FOP Working Group disposition 'CP' via NASA Exoplanet Archive TESS FOP WG catalog snapshot (benchmarks/toi_catalog.csv, accessed 2026-09-08)",TOI 1728.01
285272237,planet,"TESS FOP Working Group disposition 'KP' via NASA Exoplanet Archive TESS FOP WG catalog snapshot (benchmarks/toi_catalog.csv, accessed 2026-09-08)",TOI 3681.01
286099128,planet,"TESS FOP Working Group disposition 'KP' via NASA Exoplanet Archive TESS FOP WG catalog snapshot (benchmarks/toi_catalog.csv, accessed 2026-09-08)",TOI 3422.01
286201103,planet,"TESS FOP Working Group disposition 'CP' via NASA Exoplanet Archive TESS FOP WG catalog snapshot (benchmarks/toi_catalog.csv, accessed 2026-09-08)",TOI 6008.01
286865921,planet,"TESS FOP Working Group disposition 'KP' via NASA Exoplanet Archive TESS FOP WG catalog snapshot (benchmarks/toi_catalog.csv, accessed 2026-09-08)",TOI 773.01
286916251,planet,"TESS FOP Working Group disposition 'CP' via NASA Exoplanet Archive TESS FOP WG catalog snapshot (benchmarks/toi_catalog.csv, accessed 2026-09-08)",TOI 1794.01
286923464,planet,"TESS FOP Working Group disposition 'KP' via NASA Exoplanet Archive TESS FOP WG catalog snapshot (benchmarks/toi_catalog.csv, accessed 2026-09-08)",TOI 1271.01
287080092,planet,"TESS FOP Working Group disposition 'CP' via NASA Exoplanet Archive TESS FOP WG catalog snapshot (benchmarks/toi_catalog.csv, accessed 2026-09-08)",TOI 1751.01
287139872,planet,"TESS FOP Working Group disposition 'CP' via NASA Exoplanet Archive TESS FOP WG catalog snapshot (benchmarks/toi_catalog.csv, accessed 2026-09-08)","TOI 1752.01, 1752.02"
287145649,planet,"TESS FOP Working Group disposition 'CP' via NASA Exoplanet Archive TESS FOP WG catalog snapshot (benchmarks/toi_catalog.csv, accessed 2026-09-08)",TOI 2981.01
287156968,planet,"TESS FOP Working Group disposition 'CP' via NASA Exoplanet Archive TESS FOP WG catalog snapshot (benchmarks/toi_catalog.csv, accessed 2026-09-08)",TOI 1230.01
287256467,planet,"TESS FOP Working Group disposition 'CP' via NASA Exoplanet Archive TESS FOP WG catalog snapshot (benchmarks/toi_catalog.csv, accessed 2026-09-08)",TOI 2141.01
287563610,planet,"TESS FOP Working Group disposition 'KP' via NASA Exoplanet Archive TESS FOP WG catalog snapshot (benchmarks/toi_catalog.csv, accessed 2026-09-08)",TOI 840.01
288144647,planet,"TESS FOP Working Group disposition 'CP' via NASA Exoplanet Archive TESS FOP WG catalog snapshot (benchmarks/toi_catalog.csv, accessed 2026-09-08)",TOI 6223.01
288246496,planet,"TESS FOP Working Group disposition 'KP' via NASA Exoplanet Archive TESS FOP WG catalog snapshot (benchmarks/toi_catalog.csv, accessed 2026-09-08)",TOI 6015.01
288421619,planet,"TESS FOP Working Group disposition 'CP' via NASA Exoplanet Archive TESS FOP WG catalog snapshot (benchmarks/toi_catalog.csv, accessed 2026-09-08)",TOI 7166.01
288631580,planet,"TESS FOP Working Group disposition 'CP' via NASA Exoplanet Archive TESS FOP WG catalog snapshot (benchmarks/toi_catalog.csv, accessed 2026-09-08)",TOI 1659.01
288735205,planet,"TESS FOP Working Group disposition 'CP' via NASA Exoplanet Archive TESS FOP WG catalog snapshot (benchmarks/toi_catalog.csv, accessed 2026-09-08)",TOI 1259.01
28900646,planet,"TESS FOP Working Group disposition 'CP' via NASA Exoplanet Archive TESS FOP WG catalog snapshot (benchmarks/toi_catalog.csv, accessed 2026-09-08)",TOI 1685.01
289164482,planet,"TESS FOP Working Group disposition 'CP' via NASA Exoplanet Archive TESS FOP WG catalog snapshot (benchmarks/toi_catalog.csv, accessed 2026-09-08)",TOI 2274.01
289580577,planet,"TESS FOP Working Group disposition 'CP' via NASA Exoplanet Archive TESS FOP WG catalog snapshot (benchmarks/toi_catalog.csv, accessed 2026-09-08)",TOI 1753.01
289661991,planet,"TESS FOP Working Group disposition 'CP' via NASA Exoplanet Archive TESS FOP WG catalog snapshot (benchmarks/toi_catalog.csv, accessed 2026-09-08)",TOI 3807.01
289793076,planet,"TESS FOP Working Group disposition 'KP' via NASA Exoplanet Archive TESS FOP WG catalog snapshot (benchmarks/toi_catalog.csv, accessed 2026-09-08)",TOI 108.01
290131778,planet,"TESS FOP Working Group disposition 'CP' via NASA Exoplanet Archive TESS FOP WG catalog snapshot (benchmarks/toi_catalog.csv, accessed 2026-09-08)",TOI 123.01
290348383,planet,"TESS FOP Working Group disposition 'CP' via NASA Exoplanet Archive TESS FOP WG catalog snapshot (benchmarks/toi_catalog.csv, accessed 2026-09-08)",TOI 1099.01
291685334,planet,"TESS FOP Working Group disposition 'KP' via NASA Exoplanet Archive TESS FOP WG catalog snapshot (benchmarks/toi_catalog.csv, accessed 2026-09-08)",TOI 6021.01
291751373,planet,"TESS FOP Working Group disposition 'KP' via NASA Exoplanet Archive TESS FOP WG catalog snapshot (benchmarks/toi_catalog.csv, accessed 2026-09-08)",TOI 6017.01
29191624,planet,"TESS FOP Working Group disposition 'CP' via NASA Exoplanet Archive TESS FOP WG catalog snapshot (benchmarks/toi_catalog.csv, accessed 2026-09-08)",TOI 1777.01
292152376,planet,"TESS FOP Working Group disposition 'KP' via NASA Exoplanet Archive TESS FOP WG catalog snapshot (benchmarks/toi_catalog.csv, accessed 2026-09-08)",TOI 6031.01
293435336,planet,"TESS FOP Working Group disposition 'KP' via NASA Exoplanet Archive TESS FOP WG catalog snapshot (benchmarks/toi_catalog.csv, accessed 2026-09-08)",TOI 2403.01
29344935,planet,"TESS FOP Working Group disposition 'KP' via NASA Exoplanet Archive TESS FOP WG catalog snapshot (benchmarks/toi_catalog.csv, accessed 2026-09-08)",TOI 109.01
293457754,planet,"TESS FOP Working Group disposition 'KP' via NASA Exoplanet Archive TESS FOP WG catalog snapshot (benchmarks/toi_catalog.csv, accessed 2026-09-08)",TOI 4621.01
293607057,planet,"TESS FOP Working Group disposition 'CP' via NASA Exoplanet Archive TESS FOP WG catalog snapshot (benchmarks/toi_catalog.csv, accessed 2026-09-08)",TOI 4987.01
293612446,planet,"TESS FOP Working Group disposition 'KP' via NASA Exoplanet Archive TESS FOP WG catalog snapshot (benchmarks/toi_catalog.csv, accessed 2026-09-08)",TOI 2466.01
293687315,planet,"TESS FOP Working Group disposition 'KP' via NASA Exoplanet Archive TESS FOP WG catalog snapshot (benchmarks/toi_catalog.csv, accessed 2026-09-08)",TOI 1300.01
293853437,planet,"TESS FOP Working Group disposition 'CP' via NASA Exoplanet Archive TESS FOP WG catalog snapshot (benchmarks/toi_catalog.csv, accessed 2026-09-08)",TOI 629.01
293954617,planet,"TESS FOP Working Group disposition 'CP' via NASA Exoplanet Archive TESS FOP WG catalog snapshot (benchmarks/toi_catalog.csv, accessed 2026-09-08)",TOI 1430.01
294301883,planet,"TESS FOP Working Group disposition 'KP' via NASA Exoplanet Archive TESS FOP WG catalog snapshot (benchmarks/toi_catalog.csv, accessed 2026-09-08)",TOI 774.01
296739893,planet,"TESS FOP Working Group disposition 'CP' via NASA Exoplanet Archive TESS FOP WG catalog snapshot (benchmarks/toi_catalog.csv, accessed 2026-09-08)",TOI 620.01
298074836,planet,"TESS FOP Working Group disposition 'CP' via NASA Exoplanet Archive TESS FOP WG catalog snapshot (benchmarks/toi_catalog.csv, accessed 2026-09-08)",TOI 5716.01
29857954,planet,"TESS FOP Working Group disposition 'CP' via NASA Exoplanet Archive TESS FOP WG catalog snapshot (benchmarks/toi_catalog.csv, accessed 2026-09-08)",TOI 172.01
298663873,planet,"TESS FOP Working Group disposition 'CP' via NASA Exoplanet Archive TESS FOP WG catalog snapshot (benchmarks/toi_catalog.csv, accessed 2026-09-08)",TOI 2180.01
299087490,planet,"TESS FOP Working Group disposition 'KP' via NASA Exoplanet Archive TESS FOP WG catalog snapshot (benchmarks/toi_catalog.csv, accessed 2026-09-08)",TOI 5982.01
299089652,planet,"TESS FOP Working Group disposition 'KP' via NASA Exoplanet Archive TESS FOP WG catalog snapshot (benchmarks/toi_catalog.csv, accessed 2026-09-08)",TOI 6083.01
299158887,planet,"TESS FOP Working Group disposition 'KP' via NASA Exoplanet Archive TESS FOP WG catalog snapshot (benchmarks/toi_catalog.csv, accessed 2026-09-08)",TOI 1554.01
299220166,planet,"TESS FOP Working Group disposition 'KP' via NASA Exoplanet Archive TESS FOP WG catalog snapshot (benchmarks/toi_catalog.csv, accessed 2026-09-08)",TOI 4457.01
29960110,planet,"TESS FOP Working Group disposition 'CP' via NASA Exoplanet Archive TESS FOP WG catalog snapshot (benchmarks/toi_catalog.csv, accessed 2026-09-08)",TOI 1201.01
299798795,planet,"TESS FOP Working Group disposition 'CP' via NASA Exoplanet Archive TESS FOP WG catalog snapshot (benchmarks/toi_catalog.csv, accessed 2026-09-08)","TOI 1224.01, 1224.02"
299799658,planet,"TESS FOP Working Group disposition 'CP' via NASA Exoplanet Archive TESS FOP WG catalog snapshot (benchmarks/toi_catalog.csv, accessed 2026-09-08)",TOI 1062.01
300038935,planet,"TESS FOP Working Group disposition 'CP' via NASA Exoplanet Archive TESS FOP WG catalog snapshot (benchmarks/toi_catalog.csv, accessed 2026-09-08)",TOI 1228.01
300812741,planet,"TESS FOP Working Group disposition 'CP' via NASA Exoplanet Archive TESS FOP WG catalog snapshot (benchmarks/toi_catalog.csv, accessed 2026-09-08)","TOI 2322.01, 2322.02"
301031110,planet,"TESS FOP Working Group disposition 'KP' via NASA Exoplanet Archive TESS FOP WG catalog snapshot (benchmarks/toi_catalog.csv, accessed 2026-09-08)",TOI 7499.01
301235044,planet,"TESS FOP Working Group disposition 'KP' via NASA Exoplanet Archive TESS FOP WG catalog snapshot (benchmarks/toi_catalog.csv, accessed 2026-09-08)",TOI 6835.01
301258470,planet,"TESS FOP Working Group disposition 'KP' via NASA Exoplanet Archive TESS FOP WG catalog snapshot (benchmarks/toi_catalog.csv, accessed 2026-09-08)",TOI 7487.01
301289516,planet,"TESS FOP Working Group disposition 'KP' via NASA Exoplanet Archive TESS FOP WG catalog snapshot (benchmarks/toi_catalog.csv, accessed 2026-09-08)",TOI 4517.01
302773669,planet,"TESS FOP Working Group disposition 'KP' via NASA Exoplanet Archive TESS FOP WG catalog snapshot (benchmarks/toi_catalog.csv, accessed 2026-09-08)",TOI 1573.01
303432813,planet,"TESS FOP Working Group disposition 'CP' via NASA Exoplanet Archive TESS FOP WG catalog snapshot (benchmarks/toi_catalog.csv, accessed 2026-09-08)",TOI 5076.01
304142124,planet,"TESS FOP Working Group disposition 'CP' via NASA Exoplanet Archive TESS FOP WG catalog snapshot (benchmarks/toi_catalog.csv, accessed 2026-09-08)",TOI 1793.01
305048087,planet,"TESS FOP Working Group disposition 'CP' via NASA Exoplanet Archive TESS FOP WG catalog snapshot (benchmarks/toi_catalog.csv, accessed 2026-09-08)",TOI 237.01
305243225,planet,"TESS FOP Working Group disposition 'KP' via NASA Exoplanet Archive TESS FOP WG catalog snapshot (benchmarks/toi_catalog.csv, accessed 2026-09-08)",TOI 5798.01
305424003,planet,"TESS FOP Working Group disposition 'CP' via NASA Exoplanet Archive TESS FOP WG catalog snapshot (benchmarks/toi_catalog.csv, accessed 2026-09-08)",TOI 907.01
305506996,planet,"TESS FOP Working Group disposition 'CP' via NASA Exoplanet Archive TESS FOP WG catalog snapshot (benchmarks/toi_catalog.csv, accessed 2026-09-08)",TOI 5916.01
305739565,planet,"TESS FOP Working Group disposition 'CP' via NASA Exoplanet Archive TESS FOP WG catalog snapshot (benchmarks/toi_catalog.csv, accessed 2026-09-08)",TOI 3218.01
306263608,planet,"TESS FOP Working Group disposition 'CP' via NASA Exoplanet Archive TESS FOP WG catalog snapshot (benchmarks/toi_catalog.csv, accessed 2026-09-08)","TOI 1471.01, 1471.02"
306362738,planet,"TESS FOP Working Group disposition 'KP' via NASA Exoplanet Archive TESS FOP WG catalog snapshot (benchmarks/toi_catalog.csv, accessed 2026-09-08)",TOI 479.01
306472057,planet,"TESS FOP Working Group disposition 'CP' via NASA Exoplanet Archive TESS FOP WG catalog snapshot (benchmarks/toi_catalog.csv, accessed 2026-09-08)","TOI 791.01, 791.02"
306648160,planet,"TESS FOP Working Group disposition 'CP' via NASA Exoplanet Archive TESS FOP WG catalog snapshot (benchmarks/toi_catalog.csv, accessed 2026-09-08)",TOI 3321.01
306955329,planet,"TESS FOP Working Group disposition 'CP' via NASA Exoplanet Archive TESS FOP WG catalog snapshot (benchmarks/toi_catalog.csv, accessed 2026-09-08)",TOI 1472.01
306996324,planet,"TESS FOP Working Group disposition 'CP' via NASA Exoplanet Archive TESS FOP WG catalog snapshot (benchmarks/toi_catalog.csv, accessed 2026-09-08)","TOI 776.01, 776.02"
307210830,planet,"TESS FOP Working Group disposition 'CP' via NASA Exoplanet Archive TESS FOP WG catalog snapshot (benchmarks/toi_catalog.csv, accessed 2026-09-08)","TOI 175.01, 175.02, 175.03"
307733361,planet,"TESS FOP Working Group disposition 'KP' via NASA Exoplanet Archive TESS FOP WG catalog snapshot (benchmarks/toi_catalog.csv, accessed 2026-09-08)",TOI 5071.01
307809773,planet,"TESS FOP Working Group disposition 'CP' via NASA Exoplanet Archive TESS FOP WG catalog snapshot (benchmarks/toi_catalog.csv, accessed 2026-09-08)","TOI 4599.01, 4599.02"
307958020,planet,"TESS FOP Working Group disposition 'CP' via NASA Exoplanet Archive TESS FOP WG catalog snapshot (benchmarks/toi_catalog.csv, accessed 2026-09-08)",TOI 4633.01
308073360,planet,"TESS FOP Working Group disposition 'CP' via NASA Exoplanet Archive TESS FOP WG catalog snapshot (benchmarks/toi_catalog.csv, accessed 2026-09-08)",TOI 3837.01
308098254,planet,"TESS FOP Working Group disposition 'KP' via NASA Exoplanet Archive TESS FOP WG catalog snapshot (benchmarks/toi_catalog.csv, accessed 2026-09-08)",TOI 1906.01
308172249,planet,"TESS FOP Working Group disposition 'KP' via NASA Exoplanet Archive TESS FOP WG catalog snapshot (benchmarks/toi_catalog.csv, accessed 2026-09-08)",TOI 2139.01
309694541,planet,"TESS FOP Working Group disposition 'KP' via NASA Exoplanet Archive TESS FOP WG catalog snapshot (benchmarks/toi_catalog.csv, accessed 2026-09-08)",TOI 7772.01
309792357,planet,"TESS FOP Working Group disposition 'CP' via NASA Exoplanet Archive TESS FOP WG catalog snapshot (benchmarks/toi_catalog.csv, accessed 2026-09-08)",TOI 199.01
310002617,planet,"TESS FOP Working Group disposition 'CP' via NASA Exoplanet Archive TESS FOP WG catalog snapshot (benchmarks/toi_catalog.csv, accessed 2026-09-08)",TOI 4087.01
310003988,planet,"TESS FOP Working Group disposition 'KP' via NASA Exoplanet Archive TESS FOP WG catalog snapshot (benchmarks/toi_catalog.csv, accessed 2026-09-08)",TOI 1629.01
311035838,planet,"TESS FOP Working Group disposition 'KP' via NASA Exoplanet Archive TESS FOP WG catalog snapshot (benchmarks/toi_catalog.csv, accessed 2026-09-08)",TOI 1419.01
311133118,planet,"TESS FOP Working Group disposition 'KP' via NASA Exoplanet Archive TESS FOP WG catalog snapshot (benchmarks/toi_catalog.csv, accessed 2026-09-08)",TOI 5676.01
311408969,planet,"TESS FOP Working Group disposition 'KP' via NASA Exoplanet Archive TESS FOP WG catalog snapshot (benchmarks/toi_catalog.csv, accessed 2026-09-08)",TOI 2122.01
31374837,planet,"TESS FOP Working Group disposition 'CP' via NASA Exoplanet Archive TESS FOP WG catalog snapshot (benchmarks/toi_catalog.csv, accessed 2026-09-08)","TOI 431.01, 431.02"
315002523,planet,"TESS FOP Working Group disposition 'KP' via NASA Exoplanet Archive TESS FOP WG catalog snapshot (benchmarks/toi_catalog.csv, accessed 2026-09-08)",TOI 574.01
317060587,planet,"TESS FOP Working Group disposition 'CP' via NASA Exoplanet Archive TESS FOP WG catalog snapshot (benchmarks/toi_catalog.csv, accessed 2026-09-08)",TOI 1052.01
317520667,planet,"TESS FOP Working Group disposition 'KP' via NASA Exoplanet Archive TESS FOP WG catalog snapshot (benchmarks/toi_catalog.csv, accessed 2026-09-08)",TOI 7058.01
317548889,planet,"TESS FOP Working Group disposition 'CP' via NASA Exoplanet Archive TESS FOP WG catalog snapshot (benchmarks/toi_catalog.csv, accessed 2026-09-08)",TOI 480.01
317597583,planet,"TESS FOP Working Group disposition 'CP' via NASA Exoplanet Archive TESS FOP WG catalog snapshot (benchmarks/toi_catalog.csv, accessed 2026-09-08)",TOI 1630.01
318022259,planet,"TESS FOP Working Group disposition 'CP' via NASA Exoplanet Archive TESS FOP WG catalog snapshot (benchmarks/toi_catalog.csv, accessed 2026-09-08)","TOI 1730.01, 1730.02, 1730.03"
31858843,planet,"TESS FOP Working Group disposition 'KP' via NASA Exoplanet Archive TESS FOP WG catalog snapshot (benchmarks/toi_catalog.csv, accessed 2026-09-08)",TOI 1069.01
318753380,planet,"TESS FOP Working Group disposition 'CP' via NASA Exoplanet Archive TESS FOP WG catalog snapshot (benchmarks/toi_catalog.csv, accessed 2026-09-08)",TOI 2443.01
320004517,planet,"TESS FOP Working Group disposition 'CP' via NASA Exoplanet Archive TESS FOP WG catalog snapshot (benchmarks/toi_catalog.csv, accessed 2026-09-08)",TOI 1055.01
320411045,planet,"TESS FOP Working Group disposition 'CP' via NASA Exoplanet Archive TESS FOP WG catalog snapshot (benchmarks/toi_catalog.csv, accessed 2026-09-08)",TOI 6448.01
320798691,planet,"TESS FOP Working Group disposition 'KP' via NASA Exoplanet Archive TESS FOP WG catalog snapshot (benchmarks/toi_catalog.csv, accessed 2026-09-08)",TOI 2130.01
321668398,planet,"TESS FOP Working Group disposition 'CP' via NASA Exoplanet Archive TESS FOP WG catalog snapshot (benchmarks/toi_catalog.csv, accessed 2026-09-08)",TOI 1862.01
321669174,planet,"TESS FOP Working Group disposition 'CP' via NASA Exoplanet Archive TESS FOP WG catalog snapshot (benchmarks/toi_catalog.csv, accessed 2026-09-08)",TOI 2081.01
321857016,planet,"TESS FOP Working Group disposition 'CP' via NASA Exoplanet Archive TESS FOP WG catalog snapshot (benchmarks/toi_catalog.csv, accessed 2026-09-08)",TOI 1420.01
322307342,planet,"TESS FOP Working Group disposition 'KP' via NASA Exoplanet Archive TESS FOP WG catalog snapshot (benchmarks/toi_catalog.csv, accessed 2026-09-08)",TOI 117.01
322807371,planet,"TESS FOP Working Group disposition 'CP' via NASA Exoplanet Archive TESS FOP WG catalog snapshot (benchmarks/toi_catalog.csv, accessed 2026-09-08)",TOI 4862.01
323687123,planet,"TESS FOP Working Group disposition 'CP' via NASA Exoplanet Archive TESS FOP WG catalog snapshot (benchmarks/toi_catalog.csv, accessed 2026-09-08)",TOI 5557.01
32487566,planet,"TESS FOP Working Group disposition 'KP' via NASA Exoplanet Archive TESS FOP WG catalog snapshot (benchmarks/toi_catalog.csv, accessed 2026-09-08)",TOI 2386.01
32499655,planet,"TESS FOP Working Group disposition 'KP' via NASA Exoplanet Archive TESS FOP WG catalog snapshot (benchmarks/toi_catalog.csv, accessed 2026-09-08)",TOI 437.01
325670253,planet,"TESS FOP Working Group disposition 'KP' via NASA Exoplanet Archive TESS FOP WG catalog snapshot (benchmarks/toi_catalog.csv, accessed 2026-09-08)",TOI 7057.01
327369524,planet,"TESS FOP Working Group disposition 'CP' via NASA Exoplanet Archive TESS FOP WG catalog snapshot (benchmarks/toi_catalog.csv, accessed 2026-09-08)",TOI 6016.01
327952677,planet,"TESS FOP Working Group disposition 'KP' via NASA Exoplanet Archive TESS FOP WG catalog snapshot (benchmarks/toi_catalog.csv, accessed 2026-09-08)",TOI 295.01
328081248,planet,"TESS FOP Working Group disposition 'CP' via NASA Exoplanet Archive TESS FOP WG catalog snapshot (benchmarks/toi_catalog.csv, accessed 2026-09-08)",TOI 5799.01
328513434,planet,"TESS FOP Working Group disposition 'CP' via NASA Exoplanet Archive TESS FOP WG catalog snapshot (benchmarks/toi_catalog.csv, accessed 2026-09-08)",TOI 6383.01
328934463,planet,"TESS FOP Working Group disposition 'CP' via NASA Exoplanet Archive TESS FOP WG catalog snapshot (benchmarks/toi_catalog.csv, accessed 2026-09-08)",TOI 2485.01
329148988,planet,"TESS FOP Working Group disposition 'CP' via NASA Exoplanet Archive TESS FOP WG catalog snapshot (benchmarks/toi_catalog.csv, accessed 2026-09-08)",TOI 2285.01
32949762,planet,"TESS FOP Working Group disposition 'KP' via NASA Exoplanet Archive TESS FOP WG catalog snapshot (benchmarks/toi_catalog.csv, accessed 2026-09-08)",TOI 2464.01
330687113,planet,"TESS FOP Working Group disposition 'KP' via NASA Exoplanet Archive TESS FOP WG catalog snapshot (benchmarks/toi_catalog.csv, accessed 2026-09-08)",TOI 5089.01
330690135,planet,"TESS FOP Working Group disposition 'KP' via NASA Exoplanet Archive TESS FOP WG catalog snapshot (benchmarks/toi_catalog.csv, accessed 2026-09-08)",TOI 5170.01
332022997,planet,"TESS FOP Working Group disposition 'KP' via NASA Exoplanet Archive TESS FOP WG catalog snapshot (benchmarks/toi_catalog.csv, accessed 2026-09-08)","TOI 5123.01, 5123.02"
332064670,planet,"TESS FOP Working Group disposition 'KP' via NASA Exoplanet Archive TESS FOP WG catalog snapshot (benchmarks/toi_catalog.csv, accessed 2026-09-08)",TOI 1773.01
332534326,planet,"TESS FOP Working Group disposition 'CP' via NASA Exoplanet Archive TESS FOP WG catalog snapshot (benchmarks/toi_catalog.csv, accessed 2026-09-08)",TOI 2714.01
332558858,planet,"TESS FOP Working Group disposition 'CP' via NASA Exoplanet Archive TESS FOP WG catalog snapshot (benchmarks/toi_catalog.csv, accessed 2026-09-08)",TOI 2373.01
333473672,planet,"TESS FOP Working Group disposition 'CP' via NASA Exoplanet Archive TESS FOP WG catalog snapshot (benchmarks/toi_catalog.csv, accessed 2026-09-08)",TOI 1422.01
333657795,planet,"TESS FOP Working Group disposition 'CP' via NASA Exoplanet Archive TESS FOP WG catalog snapshot (benchmarks/toi_catalog.csv, accessed 2026-09-08)",TOI 4524.01
333736132,planet,"TESS FOP Working Group disposition 'CP' via NASA Exoplanet Archive TESS FOP WG catalog snapshot (benchmarks/toi_catalog.csv, accessed 2026-09-08)",TOI 6669.01
33521996,planet,"TESS FOP Working Group disposition 'KP' via NASA Exoplanet Archive TESS FOP WG catalog snapshot (benchmarks/toi_catalog.csv, accessed 2026-09-08)",TOI 468.01
335590096,planet,"TESS FOP Working Group disposition 'CP' via NASA Exoplanet Archive TESS FOP WG catalog snapshot (benchmarks/toi_catalog.csv, accessed 2026-09-08)",TOI 4860.01
335630746,planet,"TESS FOP Working Group disposition 'CP' via NASA Exoplanet Archive TESS FOP WG catalog snapshot (benchmarks/toi_catalog.csv, accessed 2026-09-08)",TOI 778.01
33595516,planet,"TESS FOP Working Group disposition 'CP' via NASA Exoplanet Archive TESS FOP WG catalog snapshot (benchmarks/toi_catalog.csv, accessed 2026-09-08)",TOI 849.01
336128819,planet,"TESS FOP Working Group disposition 'CP' via NASA Exoplanet Archive TESS FOP WG catalog snapshot (benchmarks/toi_catalog.csv, accessed 2026-09-08)",TOI 2136.01
336732544,planet,"TESS FOP Working Group disposition 'KP' via NASA Exoplanet Archive TESS FOP WG catalog snapshot (benchmarks/toi_catalog.csv, accessed 2026-09-08)",TOI 7486.01
336732616,planet,"TESS FOP Working Group disposition 'KP' via NASA Exoplanet Archive TESS FOP WG catalog snapshot (benchmarks/toi_catalog.csv, accessed 2026-09-08)",TOI 103.01
33692729,planet,"TESS FOP Working Group disposition 'CP' via NASA Exoplanet Archive TESS FOP WG catalog snapshot (benchmarks/toi_catalog.csv, accessed 2026-09-08)",TOI 469.01
339522221,planet,"TESS FOP Working Group disposition 'KP' via NASA Exoplanet Archive TESS FOP WG catalog snapshot (benchmarks/toi_catalog.csv, accessed 2026-09-08)",TOI 1917.01
339672028,planet,"TESS FOP Working Group disposition 'CP' via NASA Exoplanet Archive TESS FOP WG catalog snapshot (benchmarks/toi_catalog.csv, accessed 2026-09-08)",TOI 481.01
34068865,planet,"TESS FOP Working Group disposition 'CP' via NASA Exoplanet Archive TESS FOP WG catalog snapshot (benchmarks/toi_catalog.csv, accessed 2026-09-08)",TOI 731.01
34077285,planet,"TESS FOP Working Group disposition 'CP' via NASA Exoplanet Archive TESS FOP WG catalog snapshot (benchmarks/toi_catalog.csv, accessed 2026-09-08)",TOI 880.02
341630071,planet,"TESS FOP Working Group disposition 'CP' via NASA Exoplanet Archive TESS FOP WG catalog snapshot (benchmarks/toi_catalog.csv, accessed 2026-09-08)",TOI 2147.01
342642208,planet,"TESS FOP Working Group disposition 'CP' via NASA Exoplanet Archive TESS FOP WG catalog snapshot (benchmarks/toi_catalog.csv, accessed 2026-09-08)",TOI 2158.01
343019899,planet,"TESS FOP Working Group disposition 'CP' via NASA Exoplanet Archive TESS FOP WG catalog snapshot (benchmarks/toi_catalog.csv, accessed 2026-09-08)",TOI 1386.01
343628284,planet,"TESS FOP Working Group disposition 'CP' via NASA Exoplanet Archive TESS FOP WG catalog snapshot (benchmarks/toi_catalog.csv, accessed 2026-09-08)",TOI 1448.01
345143460,planet,"TESS FOP Working Group disposition 'CP' via NASA Exoplanet Archive TESS FOP WG catalog snapshot (benchmarks/toi_catalog.csv, accessed 2026-09-08)",TOI 1533.01
346338552,planet,"TESS FOP Working Group disposition 'KP' via NASA Exoplanet Archive TESS FOP WG catalog snapshot (benchmarks/toi_catalog.csv, accessed 2026-09-08)",TOI 1388.01
346626688,planet,"TESS FOP Working Group disposition 'KP' via NASA Exoplanet Archive TESS FOP WG catalog snapshot (benchmarks/toi_catalog.csv, accessed 2026-09-08)",TOI 3666.01
347329162,planet,"TESS FOP Working Group disposition 'KP' via NASA Exoplanet Archive TESS FOP WG catalog snapshot (benchmarks/toi_catalog.csv, accessed 2026-09-08)",TOI 1809.01
347430350,planet,"TESS FOP Working Group disposition 'KP' via NASA Exoplanet Archive TESS FOP WG catalog snapshot (benchmarks/toi_catalog.csv, accessed 2026-09-08)",TOI 5631.01
348755728,planet,"TESS FOP Working Group disposition 'CP' via NASA Exoplanet Archive TESS FOP WG catalog snapshot (benchmarks/toi_catalog.csv, accessed 2026-09-08)",TOI 1883.01
348835438,planet,"TESS FOP Working Group disposition 'CP' via NASA Exoplanet Archive TESS FOP WG catalog snapshot (benchmarks/toi_catalog.csv, accessed 2026-09-08)",TOI 2669.01
349095149,planet,"TESS FOP Working Group disposition 'CP' via NASA Exoplanet Archive TESS FOP WG catalog snapshot (benchmarks/toi_catalog.csv, accessed 2026-09-08)",TOI 1221.01
349488688,planet,"TESS FOP Working Group disposition 'CP' via NASA Exoplanet Archive TESS FOP WG catalog snapshot (benchmarks/toi_catalog.csv, accessed 2026-09-08); TESS FOP Working Group disposition 'KP' via NASA Exoplanet Archive TESS FOP WG catalog snapshot (benchmarks/toi_catalog.csv, accessed 2026-09-08)","TOI 2319.01, 2319.02"
349576261,planet,"TESS FOP Working Group disposition 'CP' via NASA Exoplanet Archive TESS FOP WG catalog snapshot (benchmarks/toi_catalog.csv, accessed 2026-09-08)",TOI 4562.01
349827430,planet,"TESS FOP Working Group disposition 'KP' via NASA Exoplanet Archive TESS FOP WG catalog snapshot (benchmarks/toi_catalog.csv, accessed 2026-09-08)",TOI 1148.01
349972412,planet,"TESS FOP Working Group disposition 'CP' via NASA Exoplanet Archive TESS FOP WG catalog snapshot (benchmarks/toi_catalog.csv, accessed 2026-09-08)","TOI 4504.01, 4504.02"
350020859,planet,"TESS FOP Working Group disposition 'KP' via NASA Exoplanet Archive TESS FOP WG catalog snapshot (benchmarks/toi_catalog.csv, accessed 2026-09-08)",TOI 5141.01
35009898,planet,"TESS FOP Working Group disposition 'CP' via NASA Exoplanet Archive TESS FOP WG catalog snapshot (benchmarks/toi_catalog.csv, accessed 2026-09-08)",TOI 654.01
350153977,planet,"TESS FOP Working Group disposition 'CP' via NASA Exoplanet Archive TESS FOP WG catalog snapshot (benchmarks/toi_catalog.csv, accessed 2026-09-08)",TOI 908.01
35022727,planet,"TESS FOP Working Group disposition 'KP' via NASA Exoplanet Archive TESS FOP WG catalog snapshot (benchmarks/toi_catalog.csv, accessed 2026-09-08)",TOI 4530.01
350293646,planet,"TESS FOP Working Group disposition 'CP' via NASA Exoplanet Archive TESS FOP WG catalog snapshot (benchmarks/toi_catalog.csv, accessed 2026-09-08); TESS FOP Working Group disposition 'KP' via NASA Exoplanet Archive TESS FOP WG catalog snapshot (benchmarks/toi_catalog.csv, accessed 2026-09-08)","TOI 2548.01, 2548.02"
350348197,planet,"TESS FOP Working Group disposition 'CP' via NASA Exoplanet Archive TESS FOP WG catalog snapshot (benchmarks/toi_catalog.csv, accessed 2026-09-08)",TOI 5108.01
350618622,planet,"TESS FOP Working Group disposition 'CP' via NASA Exoplanet Archive TESS FOP WG catalog snapshot (benchmarks/toi_catalog.csv, accessed 2026-09-08)",TOI 201.01
350814622,planet,"TESS FOP Working Group disposition 'KP' via NASA Exoplanet Archive TESS FOP WG catalog snapshot (benchmarks/toi_catalog.csv, accessed 2026-09-08)",TOI 6089.01
351601843,planet,"TESS FOP Working Group disposition 'CP' via NASA Exoplanet Archive TESS FOP WG catalog snapshot (benchmarks/toi_catalog.csv, accessed 2026-09-08)",TOI 1075.01
352011875,planet,"TESS FOP Working Group disposition 'KP' via NASA Exoplanet Archive TESS FOP WG catalog snapshot (benchmarks/toi_catalog.csv, accessed 2026-09-08)",TOI 5995.01
352413427,planet,"TESS FOP Working Group disposition 'CP' via NASA Exoplanet Archive TESS FOP WG catalog snapshot (benchmarks/toi_catalog.csv, accessed 2026-09-08)",TOI 1473.01
352682207,planet,"TESS FOP Working Group disposition 'CP' via NASA Exoplanet Archive TESS FOP WG catalog snapshot (benchmarks/toi_catalog.csv, accessed 2026-09-08)","TOI 4010.01, 4010.02, 4010.03"
353459965,planet,"TESS FOP Working Group disposition 'KP' via NASA Exoplanet Archive TESS FOP WG catalog snapshot (benchmarks/toi_catalog.csv, accessed 2026-09-08)",TOI 6049.01
353475866,planet,"TESS FOP Working Group disposition 'CP' via NASA Exoplanet Archive TESS FOP WG catalog snapshot (benchmarks/toi_catalog.csv, accessed 2026-09-08)",TOI 1693.01
354469661,planet,"TESS FOP Working Group disposition 'KP' via NASA Exoplanet Archive TESS FOP WG catalog snapshot (benchmarks/toi_catalog.csv, accessed 2026-09-08)",TOI 1580.01
354619337,planet,"TESS FOP Working Group disposition 'KP' via NASA Exoplanet Archive TESS FOP WG catalog snapshot (benchmarks/toi_catalog.csv, accessed 2026-09-08)",TOI 5821.01
354944123,planet,"TESS FOP Working Group disposition 'CP' via NASA Exoplanet Archive TESS FOP WG catalog snapshot (benchmarks/toi_catalog.csv, accessed 2026-09-08)","TOI 4342.01, 4342.02"
35516889,planet,"TESS FOP Working Group disposition 'KP' via NASA Exoplanet Archive TESS FOP WG catalog snapshot (benchmarks/toi_catalog.csv, accessed 2026-09-08)",TOI 655.01
355703913,planet,"TESS FOP Working Group disposition 'KP' via NASA Exoplanet Archive TESS FOP WG catalog snapshot (benchmarks/toi_catalog.csv, accessed 2026-09-08)",TOI 111.01
355867695,planet,"TESS FOP Working Group disposition 'CP' via NASA Exoplanet Archive TESS FOP WG catalog snapshot (benchmarks/toi_catalog.csv, accessed 2026-09-08)","TOI 1260.01, 1260.02, 1260.03"
356473034,planet,"TESS FOP Working Group disposition 'KP' via NASA Exoplanet Archive TESS FOP WG catalog snapshot (benchmarks/toi_catalog.csv, accessed 2026-09-08)",TOI 1720.01
356867115,planet,"TESS FOP Working Group disposition 'CP' via NASA Exoplanet Archive TESS FOP WG catalog snapshot (benchmarks/toi_catalog.csv, accessed 2026-09-08)",TOI 1301.01
357501308,planet,"TESS FOP Working Group disposition 'CP' via NASA Exoplanet Archive TESS FOP WG catalog snapshot (benchmarks/toi_catalog.csv, accessed 2026-09-08)",TOI 2018.01
358070912,planet,"TESS FOP Working Group disposition 'CP' via NASA Exoplanet Archive TESS FOP WG catalog snapshot (benchmarks/toi_catalog.csv, accessed 2026-09-08)",TOI 3261.01
358107516,planet,"TESS FOP Working Group disposition 'CP' via NASA Exoplanet Archive TESS FOP WG catalog snapshot (benchmarks/toi_catalog.csv, accessed 2026-09-08)",TOI 2202.01
358516596,planet,"TESS FOP Working Group disposition 'KP' via NASA Exoplanet Archive TESS FOP WG catalog snapshot (benchmarks/toi_catalog.csv, accessed 2026-09-08)",TOI 2132.01
35857242,planet,"TESS FOP Working Group disposition 'KP' via NASA Exoplanet Archive TESS FOP WG catalog snapshot (benchmarks/toi_catalog.csv, accessed 2026-09-08)",TOI 400.01
359271092,planet,"TESS FOP Working Group disposition 'CP' via NASA Exoplanet Archive TESS FOP WG catalog snapshot (benchmarks/toi_catalog.csv, accessed 2026-09-08)",TOI 741.01
360156606,planet,"TESS FOP Working Group disposition 'CP' via NASA Exoplanet Archive TESS FOP WG catalog snapshot (benchmarks/toi_catalog.csv, accessed 2026-09-08)",TOI 1227.01
360630575,planet,"TESS FOP Working Group disposition 'CP' via NASA Exoplanet Archive TESS FOP WG catalog snapshot (benchmarks/toi_catalog.csv, accessed 2026-09-08)","TOI 1097.01, 1097.02"
360742636,planet,"TESS FOP Working Group disposition 'KP' via NASA Exoplanet Archive TESS FOP WG catalog snapshot (benchmarks/toi_catalog.csv, accessed 2026-09-08)",TOI 1076.01
361343239,planet,"TESS FOP Working Group disposition 'CP' via NASA Exoplanet Archive TESS FOP WG catalog snapshot (benchmarks/toi_catalog.csv, accessed 2026-09-08)",TOI 2977.01
361711730,planet,"TESS FOP Working Group disposition 'CP' via NASA Exoplanet Archive TESS FOP WG catalog snapshot (benchmarks/toi_catalog.csv, accessed 2026-09-08)",TOI 5027.01
362249359,planet,"TESS FOP Working Group disposition 'CP' via NASA Exoplanet Archive TESS FOP WG catalog snapshot (benchmarks/toi_catalog.csv, accessed 2026-09-08)",TOI 833.01
36352297,planet,"TESS FOP Working Group disposition 'KP' via NASA Exoplanet Archive TESS FOP WG catalog snapshot (benchmarks/toi_catalog.csv, accessed 2026-09-08)",TOI 547.01
363548415,planet,"TESS FOP Working Group disposition 'KP' via NASA Exoplanet Archive TESS FOP WG catalog snapshot (benchmarks/toi_catalog.csv, accessed 2026-09-08)",TOI 5168.01
363851359,planet,"TESS FOP Working Group disposition 'KP' via NASA Exoplanet Archive TESS FOP WG catalog snapshot (benchmarks/toi_catalog.csv, accessed 2026-09-08)",TOI 1920.01
364186197,planet,"TESS FOP Working Group disposition 'CP' via NASA Exoplanet Archive TESS FOP WG catalog snapshot (benchmarks/toi_catalog.csv, accessed 2026-09-08); TESS FOP Working Group disposition 'KP' via NASA Exoplanet Archive TESS FOP WG catalog snapshot (benchmarks/toi_catalog.csv, accessed 2026-09-08)","TOI 1408.01, 1408.02"
364395234,planet,"TESS FOP Working Group disposition 'CP' via NASA Exoplanet Archive TESS FOP WG catalog snapshot (benchmarks/toi_catalog.csv, accessed 2026-09-08)",TOI 1232.01
36440357,planet,"TESS FOP Working Group disposition 'KP' via NASA Exoplanet Archive TESS FOP WG catalog snapshot (benchmarks/toi_catalog.csv, accessed 2026-09-08)",TOI 546.01
365007485,planet,"TESS FOP Working Group disposition 'KP' via NASA Exoplanet Archive TESS FOP WG catalog snapshot (benchmarks/toi_catalog.csv, accessed 2026-09-08)",TOI 6877.01
365733349,planet,"TESS FOP Working Group disposition 'CP' via NASA Exoplanet Archive TESS FOP WG catalog snapshot (benchmarks/toi_catalog.csv, accessed 2026-09-08)",TOI 1288.01
36592530,planet,"TESS FOP Working Group disposition 'KP' via NASA Exoplanet Archive TESS FOP WG catalog snapshot (benchmarks/toi_catalog.csv, accessed 2026-09-08)",TOI 4525.01
366119858,planet,"TESS FOP Working Group disposition 'CP' via NASA Exoplanet Archive TESS FOP WG catalog snapshot (benchmarks/toi_catalog.csv, accessed 2026-09-08)",TOI 7019.01
366410512,planet,"TESS FOP Working Group disposition 'KP' via NASA Exoplanet Archive TESS FOP WG catalog snapshot (benchmarks/toi_catalog.csv, accessed 2026-09-08)",TOI 5101.01
366411016,planet,"TESS FOP Working Group disposition 'KP' via NASA Exoplanet Archive TESS FOP WG catalog snapshot (benchmarks/toi_catalog.csv, accessed 2026-09-08)",TOI 5529.01
366443426,planet,"TESS FOP Working Group disposition 'KP' via NASA Exoplanet Archive TESS FOP WG catalog snapshot (benchmarks/toi_catalog.csv, accessed 2026-09-08)","TOI 4304.01, 4304.03"
366484980,planet,"TESS FOP Working Group disposition 'KP' via NASA Exoplanet Archive TESS FOP WG catalog snapshot (benchmarks/toi_catalog.csv, accessed 2026-09-08)",TOI 4411.01
366568760,planet,"TESS FOP Working Group disposition 'KP' via NASA Exoplanet Archive TESS FOP WG catalog snapshot (benchmarks/toi_catalog.csv, accessed 2026-09-08)",TOI 5121.01
366576758,planet,"TESS FOP Working Group disposition 'KP' via NASA Exoplanet Archive TESS FOP WG catalog snapshot (benchmarks/toi_catalog.csv, accessed 2026-09-08)",TOI 514.01
366622912,planet,"TESS FOP Working Group disposition 'CP' via NASA Exoplanet Archive TESS FOP WG catalog snapshot (benchmarks/toi_catalog.csv, accessed 2026-09-08)",TOI 515.01
366631954,planet,"TESS FOP Working Group disposition 'KP' via NASA Exoplanet Archive TESS FOP WG catalog snapshot (benchmarks/toi_catalog.csv, accessed 2026-09-08)",TOI 5068.01
366989877,planet,"TESS FOP Working Group disposition 'CP' via NASA Exoplanet Archive TESS FOP WG catalog snapshot (benchmarks/toi_catalog.csv, accessed 2026-09-08)",TOI 1054.01
36724087,planet,"TESS FOP Working Group disposition 'CP' via NASA Exoplanet Archive TESS FOP WG catalog snapshot (benchmarks/toi_catalog.csv, accessed 2026-09-08)","TOI 732.01, 732.02"
36734222,planet,"TESS FOP Working Group disposition 'KP' via NASA Exoplanet Archive TESS FOP WG catalog snapshot (benchmarks/toi_catalog.csv, accessed 2026-09-08)",TOI 656.01
367366318,planet,"TESS FOP Working Group disposition 'KP' via NASA Exoplanet Archive TESS FOP WG catalog snapshot (benchmarks/toi_catalog.csv, accessed 2026-09-08)",TOI 1682.01
367858035,planet,"TESS FOP Working Group disposition 'CP' via NASA Exoplanet Archive TESS FOP WG catalog snapshot (benchmarks/toi_catalog.csv, accessed 2026-09-08)",TOI 1758.01
368287008,planet,"TESS FOP Working Group disposition 'CP' via NASA Exoplanet Archive TESS FOP WG catalog snapshot (benchmarks/toi_catalog.csv, accessed 2026-09-08)",TOI 2015.01
368435330,planet,"TESS FOP Working Group disposition 'CP' via NASA Exoplanet Archive TESS FOP WG catalog snapshot (benchmarks/toi_catalog.csv, accessed 2026-09-08)","TOI 1797.01, 1797.02"
368739874,planet,"TESS FOP Working Group disposition 'CP' via NASA Exoplanet Archive TESS FOP WG catalog snapshot (benchmarks/toi_catalog.csv, accessed 2026-09-08)",TOI 5680.01
368805700,planet,"TESS FOP Working Group disposition 'KP' via NASA Exoplanet Archive TESS FOP WG catalog snapshot (benchmarks/toi_catalog.csv, accessed 2026-09-08)",TOI 5674.01
369327947,planet,"TESS FOP Working Group disposition 'CP' via NASA Exoplanet Archive TESS FOP WG catalog snapshot (benchmarks/toi_catalog.csv, accessed 2026-09-08)",TOI 910.01
369455629,planet,"TESS FOP Working Group disposition 'KP' via NASA Exoplanet Archive TESS FOP WG catalog snapshot (benchmarks/toi_catalog.csv, accessed 2026-09-08)",TOI 2199.01
370133522,planet,"TESS FOP Working Group disposition 'CP' via NASA Exoplanet Archive TESS FOP WG catalog snapshot (benchmarks/toi_catalog.csv, accessed 2026-09-08)",TOI 1078.01
371188886,planet,"TESS FOP Working Group disposition 'CP' via NASA Exoplanet Archive TESS FOP WG catalog snapshot (benchmarks/toi_catalog.csv, accessed 2026-09-08)","TOI 2000.01, 2000.02"
371234684,planet,"TESS FOP Working Group disposition 'KP' via NASA Exoplanet Archive TESS FOP WG catalog snapshot (benchmarks/toi_catalog.csv, accessed 2026-09-08)",TOI 1731.01
371443216,planet,"TESS FOP Working Group disposition 'KP' via NASA Exoplanet Archive TESS FOP WG catalog snapshot (benchmarks/toi_catalog.csv, accessed 2026-09-08)",TOI 1924.01
37168957,planet,"TESS FOP Working Group disposition 'KP' via NASA Exoplanet Archive TESS FOP WG catalog snapshot (benchmarks/toi_catalog.csv, accessed 2026-09-08)",TOI 545.01
372172128,planet,"TESS FOP Working Group disposition 'CP' via NASA Exoplanet Archive TESS FOP WG catalog snapshot (benchmarks/toi_catalog.csv, accessed 2026-09-08)",TOI 2196.01
372207328,planet,"TESS FOP Working Group disposition 'CP' via NASA Exoplanet Archive TESS FOP WG catalog snapshot (benchmarks/toi_catalog.csv, accessed 2026-09-08)",TOI 6324.01
37348844,planet,"TESS FOP Working Group disposition 'KP' via NASA Exoplanet Archive TESS FOP WG catalog snapshot (benchmarks/toi_catalog.csv, accessed 2026-09-08)",TOI 7718.01
373693175,planet,"TESS FOP Working Group disposition 'KP' via NASA Exoplanet Archive TESS FOP WG catalog snapshot (benchmarks/toi_catalog.csv, accessed 2026-09-08)",TOI 1810.01
374180079,planet,"TESS FOP Working Group disposition 'KP' via NASA Exoplanet Archive TESS FOP WG catalog snapshot (benchmarks/toi_catalog.csv, accessed 2026-09-08)","TOI 5520.01, 5520.02"
374530847,planet,"TESS FOP Working Group disposition 'KP' via NASA Exoplanet Archive TESS FOP WG catalog snapshot (benchmarks/toi_catalog.csv, accessed 2026-09-08)",TOI 5797.01
375506058,planet,"TESS FOP Working Group disposition 'CP' via NASA Exoplanet Archive TESS FOP WG catalog snapshot (benchmarks/toi_catalog.csv, accessed 2026-09-08)",TOI 1431.01
375942197,planet,"TESS FOP Working Group disposition 'KP' via NASA Exoplanet Archive TESS FOP WG catalog snapshot (benchmarks/toi_catalog.csv, accessed 2026-09-08)",TOI 5815.01
376353509,planet,"TESS FOP Working Group disposition 'CP' via NASA Exoplanet Archive TESS FOP WG catalog snapshot (benchmarks/toi_catalog.csv, accessed 2026-09-08)",TOI 1648.01
376524552,planet,"TESS FOP Working Group disposition 'CP' via NASA Exoplanet Archive TESS FOP WG catalog snapshot (benchmarks/toi_catalog.csv, accessed 2026-09-08)",TOI 1811.01
376637093,planet,"TESS FOP Working Group disposition 'CP' via NASA Exoplanet Archive TESS FOP WG catalog snapshot (benchmarks/toi_catalog.csv, accessed 2026-09-08)",TOI 1516.01
376939759,planet,"TESS FOP Working Group disposition 'KP' via NASA Exoplanet Archive TESS FOP WG catalog snapshot (benchmarks/toi_catalog.csv, accessed 2026-09-08)",TOI 4532.01
377064495,planet,"TESS FOP Working Group disposition 'CP' via NASA Exoplanet Archive TESS FOP WG catalog snapshot (benchmarks/toi_catalog.csv, accessed 2026-09-08)","TOI 561.01, 561.02, 561.03, 561.04"
37718056,planet,"TESS FOP Working Group disposition 'KP' via NASA Exoplanet Archive TESS FOP WG catalog snapshot (benchmarks/toi_catalog.csv, accessed 2026-09-08)",TOI 1908.01
377293776,planet,"TESS FOP Working Group disposition 'CP' via NASA Exoplanet Archive TESS FOP WG catalog snapshot (benchmarks/toi_catalog.csv, accessed 2026-09-08)",TOI 1450.01
37749396,planet,"TESS FOP Working Group disposition 'CP' via NASA Exoplanet Archive TESS FOP WG catalog snapshot (benchmarks/toi_catalog.csv, accessed 2026-09-08)",TOI 260.01
377622130,planet,"TESS FOP Working Group disposition 'CP' via NASA Exoplanet Archive TESS FOP WG catalog snapshot (benchmarks/toi_catalog.csv, accessed 2026-09-08)",TOI 7154.01
37770169,planet,"TESS FOP Working Group disposition 'CP' via NASA Exoplanet Archive TESS FOP WG catalog snapshot (benchmarks/toi_catalog.csv, accessed 2026-09-08)",TOI 470.01
377780790,planet,"TESS FOP Working Group disposition 'KP' via NASA Exoplanet Archive TESS FOP WG catalog snapshot (benchmarks/toi_catalog.csv, accessed 2026-09-08)",TOI 5988.01
377873569,planet,"TESS FOP Working Group disposition 'KP' via NASA Exoplanet Archive TESS FOP WG catalog snapshot (benchmarks/toi_catalog.csv, accessed 2026-09-08)",TOI 4480.01
379929661,planet,"TESS FOP Working Group disposition 'CP' via NASA Exoplanet Archive TESS FOP WG catalog snapshot (benchmarks/toi_catalog.csv, accessed 2026-09-08)",TOI 625.01
380255458,planet,"TESS FOP Working Group disposition 'KP' via NASA Exoplanet Archive TESS FOP WG catalog snapshot (benchmarks/toi_catalog.csv, accessed 2026-09-08)",TOI 7512.01
380589029,planet,"TESS FOP Working Group disposition 'KP' via NASA Exoplanet Archive TESS FOP WG catalog snapshot (benchmarks/toi_catalog.csv, accessed 2026-09-08)",TOI 1084.01
380619414,planet,"TESS FOP Working Group disposition 'KP' via NASA Exoplanet Archive TESS FOP WG catalog snapshot (benchmarks/toi_catalog.csv, accessed 2026-09-08)",TOI 5144.01
38087018,planet,"TESS FOP Working Group disposition 'KP' via NASA Exoplanet Archive TESS FOP WG catalog snapshot (benchmarks/toi_catalog.csv, accessed 2026-09-08)",TOI 5138.01
380887434,planet,"TESS FOP Working Group disposition 'CP' via NASA Exoplanet Archive TESS FOP WG catalog snapshot (benchmarks/toi_catalog.csv, accessed 2026-09-08)",TOI 4527.01
380907135,planet,"TESS FOP Working Group disposition 'KP' via NASA Exoplanet Archive TESS FOP WG catalog snapshot (benchmarks/toi_catalog.csv, accessed 2026-09-08)",TOI 4536.01
381856447,planet,"TESS FOP Working Group disposition 'KP' via NASA Exoplanet Archive TESS FOP WG catalog snapshot (benchmarks/toi_catalog.csv, accessed 2026-09-08)",TOI 2206.01
382391899,planet,"TESS FOP Working Group disposition 'KP' via NASA Exoplanet Archive TESS FOP WG catalog snapshot (benchmarks/toi_catalog.csv, accessed 2026-09-08)",TOI 391.01
382602147,planet,"TESS FOP Working Group disposition 'CP' via NASA Exoplanet Archive TESS FOP WG catalog snapshot (benchmarks/toi_catalog.csv, accessed 2026-09-08)",TOI 2384.01
382626661,planet,"TESS FOP Working Group disposition 'CP' via NASA Exoplanet Archive TESS FOP WG catalog snapshot (benchmarks/toi_catalog.csv, accessed 2026-09-08)",TOI 283.01
383390264,planet,"TESS FOP Working Group disposition 'CP' via NASA Exoplanet Archive TESS FOP WG catalog snapshot (benchmarks/toi_catalog.csv, accessed 2026-09-08)",TOI 1098.01
384888319,planet,"TESS FOP Working Group disposition 'CP' via NASA Exoplanet Archive TESS FOP WG catalog snapshot (benchmarks/toi_catalog.csv, accessed 2026-09-08)",TOI 4529.01
384984325,planet,"TESS FOP Working Group disposition 'CP' via NASA Exoplanet Archive TESS FOP WG catalog snapshot (benchmarks/toi_catalog.csv, accessed 2026-09-08)","TOI 6109.01, 6109.02"
386259537,planet,"TESS FOP Working Group disposition 'KP' via NASA Exoplanet Archive TESS FOP WG catalog snapshot (benchmarks/toi_catalog.csv, accessed 2026-09-08)",TOI 1932.01
387342052,planet,"TESS FOP Working Group disposition 'CP' via NASA Exoplanet Archive TESS FOP WG catalog snapshot (benchmarks/toi_catalog.csv, accessed 2026-09-08)",TOI 2844.01
387690507,planet,"TESS FOP Working Group disposition 'CP' via NASA Exoplanet Archive TESS FOP WG catalog snapshot (benchmarks/toi_catalog.csv, accessed 2026-09-08)",TOI 530.01
388076422,planet,"TESS FOP Working Group disposition 'CP' via NASA Exoplanet Archive TESS FOP WG catalog snapshot (benchmarks/toi_catalog.csv, accessed 2026-09-08)",TOI 6034.01
388104525,planet,"TESS FOP Working Group disposition 'KP' via NASA Exoplanet Archive TESS FOP WG catalog snapshot (benchmarks/toi_catalog.csv, accessed 2026-09-08)",TOI 112.01
38846515,planet,"TESS FOP Working Group disposition 'KP' via NASA Exoplanet Archive TESS FOP WG catalog snapshot (benchmarks/toi_catalog.csv, accessed 2026-09-08)",TOI 106.01
388804061,planet,"TESS FOP Working Group disposition 'KP' via NASA Exoplanet Archive TESS FOP WG catalog snapshot (benchmarks/toi_catalog.csv, accessed 2026-09-08)",TOI 5555.01
388811663,planet,"TESS FOP Working Group disposition 'KP' via NASA Exoplanet Archive TESS FOP WG catalog snapshot (benchmarks/toi_catalog.csv, accessed 2026-09-08)",TOI 5155.01
388909695,planet,"TESS FOP Working Group disposition 'KP' via NASA Exoplanet Archive TESS FOP WG catalog snapshot (benchmarks/toi_catalog.csv, accessed 2026-09-08)","TOI 5812.01, 5812.02"
389352124,planet,"TESS FOP Working Group disposition 'KP' via NASA Exoplanet Archive TESS FOP WG catalog snapshot (benchmarks/toi_catalog.csv, accessed 2026-09-08)",TOI 2197.01
389900760,planet,"TESS FOP Working Group disposition 'CP' via NASA Exoplanet Archive TESS FOP WG catalog snapshot (benchmarks/toi_catalog.csv, accessed 2026-09-08)",TOI 2120.01
390651552,planet,"TESS FOP Working Group disposition 'CP' via NASA Exoplanet Archive TESS FOP WG catalog snapshot (benchmarks/toi_catalog.csv, accessed 2026-09-08)",TOI 1827.01
391903064,planet,"TESS FOP Working Group disposition 'CP' via NASA Exoplanet Archive TESS FOP WG catalog snapshot (benchmarks/toi_catalog.csv, accessed 2026-09-08)",TOI 3353.01
391949880,planet,"TESS FOP Working Group disposition 'CP' via NASA Exoplanet Archive TESS FOP WG catalog snapshot (benchmarks/toi_catalog.csv, accessed 2026-09-08)",TOI 128.01
391958006,planet,"TESS FOP Working Group disposition 'KP' via NASA Exoplanet Archive TESS FOP WG catalog snapshot (benchmarks/toi_catalog.csv, accessed 2026-09-08)",TOI 5796.01
392476080,planet,"TESS FOP Working Group disposition 'CP' via NASA Exoplanet Archive TESS FOP WG catalog snapshot (benchmarks/toi_catalog.csv, accessed 2026-09-08)",TOI 2109.01
392681545,planet,"TESS FOP Working Group disposition 'CP' via NASA Exoplanet Archive TESS FOP WG catalog snapshot (benchmarks/toi_catalog.csv, accessed 2026-09-08)","TOI 6054.01, 6054.02"
393414358,planet,"TESS FOP Working Group disposition 'KP' via NASA Exoplanet Archive TESS FOP WG catalog snapshot (benchmarks/toi_catalog.csv, accessed 2026-09-08)",TOI 483.01
393495970,planet,"TESS FOP Working Group disposition 'KP' via NASA Exoplanet Archive TESS FOP WG catalog snapshot (benchmarks/toi_catalog.csv, accessed 2026-09-08)",TOI 5142.01
393818343,planet,"TESS FOP Working Group disposition 'CP' via NASA Exoplanet Archive TESS FOP WG catalog snapshot (benchmarks/toi_catalog.csv, accessed 2026-09-08)",TOI 6883.01
393831507,planet,"TESS FOP Working Group disposition 'CP' via NASA Exoplanet Archive TESS FOP WG catalog snapshot (benchmarks/toi_catalog.csv, accessed 2026-09-08)",TOI 1820.01
393940766,planet,"TESS FOP Working Group disposition 'CP' via NASA Exoplanet Archive TESS FOP WG catalog snapshot (benchmarks/toi_catalog.csv, accessed 2026-09-08)",TOI 148.01
394050135,planet,"TESS FOP Working Group disposition 'CP' via NASA Exoplanet Archive TESS FOP WG catalog snapshot (benchmarks/toi_catalog.csv, accessed 2026-09-08)",TOI 2025.01
394137592,planet,"TESS FOP Working Group disposition 'CP' via NASA Exoplanet Archive TESS FOP WG catalog snapshot (benchmarks/toi_catalog.csv, accessed 2026-09-08)",TOI 120.01
39414571,planet,"TESS FOP Working Group disposition 'CP' via NASA Exoplanet Archive TESS FOP WG catalog snapshot (benchmarks/toi_catalog.csv, accessed 2026-09-08)",TOI 2364.01
394287035,planet,"TESS FOP Working Group disposition 'CP' via NASA Exoplanet Archive TESS FOP WG catalog snapshot (benchmarks/toi_catalog.csv, accessed 2026-09-08)",TOI 2328.01
394357918,planet,"TESS FOP Working Group disposition 'CP' via NASA Exoplanet Archive TESS FOP WG catalog snapshot (benchmarks/toi_catalog.csv, accessed 2026-09-08)",TOI 4184.01
394561119,planet,"TESS FOP Working Group disposition 'CP' via NASA Exoplanet Archive TESS FOP WG catalog snapshot (benchmarks/toi_catalog.csv, accessed 2026-09-08)",TOI 1107.01
394657039,planet,"TESS FOP Working Group disposition 'CP' via NASA Exoplanet Archive TESS FOP WG catalog snapshot (benchmarks/toi_catalog.csv, accessed 2026-09-08)",TOI 159.01
394722182,planet,"TESS FOP Working Group disposition 'CP' via NASA Exoplanet Archive TESS FOP WG catalog snapshot (benchmarks/toi_catalog.csv, accessed 2026-09-08)",TOI 2236.01
394918211,planet,"TESS FOP Working Group disposition 'CP' via NASA Exoplanet Archive TESS FOP WG catalog snapshot (benchmarks/toi_catalog.csv, accessed 2026-09-08)",TOI 4377.01
395171208,planet,"TESS FOP Working Group disposition 'CP' via NASA Exoplanet Archive TESS FOP WG catalog snapshot (benchmarks/toi_catalog.csv, accessed 2026-09-08)",TOI 1333.01
395393265,planet,"TESS FOP Working Group disposition 'CP' via NASA Exoplanet Archive TESS FOP WG catalog snapshot (benchmarks/toi_catalog.csv, accessed 2026-09-08)",TOI 2152.01
396133015,planet,"TESS FOP Working Group disposition 'CP' via NASA Exoplanet Archive TESS FOP WG catalog snapshot (benchmarks/toi_catalog.csv, accessed 2026-09-08)",TOI 3577.01
396562848,planet,"TESS FOP Working Group disposition 'CP' via NASA Exoplanet Archive TESS FOP WG catalog snapshot (benchmarks/toi_catalog.csv, accessed 2026-09-08)",TOI 1640.01
396740648,planet,"TESS FOP Working Group disposition 'CP' via NASA Exoplanet Archive TESS FOP WG catalog snapshot (benchmarks/toi_catalog.csv, accessed 2026-09-08)",TOI 1694.01
39699648,planet,"TESS FOP Working Group disposition 'CP' via NASA Exoplanet Archive TESS FOP WG catalog snapshot (benchmarks/toi_catalog.csv, accessed 2026-09-08)",TOI 1778.01
397362481,planet,"TESS FOP Working Group disposition 'CP' via NASA Exoplanet Archive TESS FOP WG catalog snapshot (benchmarks/toi_catalog.csv, accessed 2026-09-08)","TOI 6276.01, 6276.02"
398572544,planet,"TESS FOP Working Group disposition 'KP' via NASA Exoplanet Archive TESS FOP WG catalog snapshot (benchmarks/toi_catalog.csv, accessed 2026-09-08)",TOI 4518.01
398895470,planet,"TESS FOP Working Group disposition 'KP' via NASA Exoplanet Archive TESS FOP WG catalog snapshot (benchmarks/toi_catalog.csv, accessed 2026-09-08)",TOI 5793.01
398943781,planet,"TESS FOP Working Group disposition 'KP' via NASA Exoplanet Archive TESS FOP WG catalog snapshot (benchmarks/toi_catalog.csv, accessed 2026-09-08)",TOI 780.01
39903405,planet,"TESS FOP Working Group disposition 'KP' via NASA Exoplanet Archive TESS FOP WG catalog snapshot (benchmarks/toi_catalog.csv, accessed 2026-09-08)",TOI 2020.01
39926974,planet,"TESS FOP Working Group disposition 'KP' via NASA Exoplanet Archive TESS FOP WG catalog snapshot (benchmarks/toi_catalog.csv, accessed 2026-09-08)",TOI 4526.01
399402994,planet,"TESS FOP Working Group disposition 'KP' via NASA Exoplanet Archive TESS FOP WG catalog snapshot (benchmarks/toi_catalog.csv, accessed 2026-09-08)",TOI 5802.01
399794420,planet,"TESS FOP Working Group disposition 'KP' via NASA Exoplanet Archive TESS FOP WG catalog snapshot (benchmarks/toi_catalog.csv, accessed 2026-09-08)",TOI 4476.01
399860444,planet,"TESS FOP Working Group disposition 'KP' via NASA Exoplanet Archive TESS FOP WG catalog snapshot (benchmarks/toi_catalog.csv, accessed 2026-09-08)",TOI 2140.01
399870368,planet,"TESS FOP Working Group disposition 'CP' via NASA Exoplanet Archive TESS FOP WG catalog snapshot (benchmarks/toi_catalog.csv, accessed 2026-09-08)",TOI 624.01
399954349,planet,"TESS FOP Working Group disposition 'KP' via NASA Exoplanet Archive TESS FOP WG catalog snapshot (benchmarks/toi_catalog.csv, accessed 2026-09-08)","TOI 4593.01, 4593.02"
399967279,planet,"TESS FOP Working Group disposition 'CP' via NASA Exoplanet Archive TESS FOP WG catalog snapshot (benchmarks/toi_catalog.csv, accessed 2026-09-08)",TOI 2537.01
40055053,planet,"TESS FOP Working Group disposition 'CP' via NASA Exoplanet Archive TESS FOP WG catalog snapshot (benchmarks/toi_catalog.csv, accessed 2026-09-08)",TOI 5240.01
401125028,planet,"TESS FOP Working Group disposition 'CP' via NASA Exoplanet Archive TESS FOP WG catalog snapshot (benchmarks/toi_catalog.csv, accessed 2026-09-08)",TOI 2368.01
401604346,planet,"TESS FOP Working Group disposition 'CP' via NASA Exoplanet Archive TESS FOP WG catalog snapshot (benchmarks/toi_catalog.csv, accessed 2026-09-08)",TOI 2193.01
402026209,planet,"TESS FOP Working Group disposition 'KP' via NASA Exoplanet Archive TESS FOP WG catalog snapshot (benchmarks/toi_catalog.csv, accessed 2026-09-08)",TOI 232.01
402898317,planet,"TESS FOP Working Group disposition 'CP' via NASA Exoplanet Archive TESS FOP WG catalog snapshot (benchmarks/toi_catalog.csv, accessed 2026-09-08)",TOI 2093.01
40292751,planet,"TESS FOP Working Group disposition 'CP' via NASA Exoplanet Archive TESS FOP WG catalog snapshot (benchmarks/toi_catalog.csv, accessed 2026-09-08)",TOI 5786.01
403224672,planet,"TESS FOP Working Group disposition 'CP' via NASA Exoplanet Archive TESS FOP WG catalog snapshot (benchmarks/toi_catalog.csv, accessed 2026-09-08)",TOI 141.01
404243877,planet,"TESS FOP Working Group disposition 'KP' via NASA Exoplanet Archive TESS FOP WG catalog snapshot (benchmarks/toi_catalog.csv, accessed 2026-09-08)",TOI 4520.01
404340025,planet,"TESS FOP Working Group disposition 'KP' via NASA Exoplanet Archive TESS FOP WG catalog snapshot (benchmarks/toi_catalog.csv, accessed 2026-09-08)",TOI 834.01
404421005,planet,"TESS FOP Working Group disposition 'KP' via NASA Exoplanet Archive TESS FOP WG catalog snapshot (benchmarks/toi_catalog.csv, accessed 2026-09-08)",TOI 4628.01
404456775,planet,"TESS FOP Working Group disposition 'CP' via NASA Exoplanet Archive TESS FOP WG catalog snapshot (benchmarks/toi_catalog.csv, accessed 2026-09-08)",TOI 6158.01
404467699,planet,"TESS FOP Working Group disposition 'KP' via NASA Exoplanet Archive TESS FOP WG catalog snapshot (benchmarks/toi_catalog.csv, accessed 2026-09-08)",TOI 857.01
404505029,planet,"TESS FOP Working Group disposition 'CP' via NASA Exoplanet Archive TESS FOP WG catalog snapshot (benchmarks/toi_catalog.csv, accessed 2026-09-08)",TOI 1842.01
405010127,planet,"TESS FOP Working Group disposition 'KP' via NASA Exoplanet Archive TESS FOP WG catalog snapshot (benchmarks/toi_catalog.csv, accessed 2026-09-08)",TOI 7066.01
405717754,planet,"TESS FOP Working Group disposition 'KP' via NASA Exoplanet Archive TESS FOP WG catalog snapshot (benchmarks/toi_catalog.csv, accessed 2026-09-08)",TOI 2175.01
406941612,planet,"TESS FOP Working Group disposition 'CP' via NASA Exoplanet Archive TESS FOP WG catalog snapshot (benchmarks/toi_catalog.csv, accessed 2026-09-08)",TOI 912.01
4070275,planet,"TESS FOP Working Group disposition 'CP' via NASA Exoplanet Archive TESS FOP WG catalog snapshot (benchmarks/toi_catalog.csv, accessed 2026-09-08)",TOI 4364.01
407126408,planet,"TESS FOP Working Group disposition 'CP' via NASA Exoplanet Archive TESS FOP WG catalog snapshot (benchmarks/toi_catalog.csv, accessed 2026-09-08)",TOI 913.01
407591297,planet,"TESS FOP Working Group disposition 'CP' via NASA Exoplanet Archive TESS FOP WG catalog snapshot (benchmarks/toi_catalog.csv, accessed 2026-09-08)",TOI 5388.01
407966340,planet,"TESS FOP Working Group disposition 'CP' via NASA Exoplanet Archive TESS FOP WG catalog snapshot (benchmarks/toi_catalog.csv, accessed 2026-09-08)","TOI 554.01, 554.02"
408310006,planet,"TESS FOP Working Group disposition 'CP' via NASA Exoplanet Archive TESS FOP WG catalog snapshot (benchmarks/toi_catalog.csv, accessed 2026-09-08)",TOI 576.01
408618999,planet,"TESS FOP Working Group disposition 'CP' via NASA Exoplanet Archive TESS FOP WG catalog snapshot (benchmarks/toi_catalog.csv, accessed 2026-09-08)",TOI 1736.01
408636441,planet,"TESS FOP Working Group disposition 'CP' via NASA Exoplanet Archive TESS FOP WG catalog snapshot (benchmarks/toi_catalog.csv, accessed 2026-09-08)",TOI 1759.01
409794137,planet,"TESS FOP Working Group disposition 'CP' via NASA Exoplanet Archive TESS FOP WG catalog snapshot (benchmarks/toi_catalog.csv, accessed 2026-09-08)",TOI 1478.01
410153553,planet,"TESS FOP Working Group disposition 'CP' via NASA Exoplanet Archive TESS FOP WG catalog snapshot (benchmarks/toi_catalog.csv, accessed 2026-09-08)",TOI 136.01
410214986,planet,"TESS FOP Working Group disposition 'CP' via NASA Exoplanet Archive TESS FOP WG catalog snapshot (benchmarks/toi_catalog.csv, accessed 2026-09-08)",TOI 200.01
411608801,planet,"TESS FOP Working Group disposition 'CP' via NASA Exoplanet Archive TESS FOP WG catalog snapshot (benchmarks/toi_catalog.csv, accessed 2026-09-08)",TOI 1494.01
411697517,planet,"TESS FOP Working Group disposition 'KP' via NASA Exoplanet Archive TESS FOP WG catalog snapshot (benchmarks/toi_catalog.csv, accessed 2026-09-08)",TOI 5535.01
411839167,planet,"TESS FOP Working Group disposition 'KP' via NASA Exoplanet Archive TESS FOP WG catalog snapshot (benchmarks/toi_catalog.csv, accessed 2026-09-08)",TOI 2461.01
413248763,planet,"TESS FOP Working Group disposition 'CP' via NASA Exoplanet Archive TESS FOP WG catalog snapshot (benchmarks/toi_catalog.csv, accessed 2026-09-08)",TOI 562.01
413376180,planet,"TESS FOP Working Group disposition 'KP' via NASA Exoplanet Archive TESS FOP WG catalog snapshot (benchmarks/toi_catalog.csv, accessed 2026-09-08)",TOI 781.01
417646390,planet,"TESS FOP Working Group disposition 'CP' via NASA Exoplanet Archive TESS FOP WG catalog snapshot (benchmarks/toi_catalog.csv, accessed 2026-09-08)",TOI 4137.01
417676622,planet,"TESS FOP Working Group disposition 'KP' via NASA Exoplanet Archive TESS FOP WG catalog snapshot (benchmarks/toi_catalog.csv, accessed 2026-09-08)",TOI 1290.01
417931300,planet,"TESS FOP Working Group disposition 'CP' via NASA Exoplanet Archive TESS FOP WG catalog snapshot (benchmarks/toi_catalog.csv, accessed 2026-09-08)",TOI 2068.01
417931607,planet,"TESS FOP Working Group disposition 'CP' via NASA Exoplanet Archive TESS FOP WG catalog snapshot (benchmarks/toi_catalog.csv, accessed 2026-09-08)",TOI 1451.01
417948359,planet,"TESS FOP Working Group disposition 'CP' via NASA Exoplanet Archive TESS FOP WG catalog snapshot (benchmarks/toi_catalog.csv, accessed 2026-09-08)",TOI 1272.01
418604868,planet,"TESS FOP Working Group disposition 'CP' via NASA Exoplanet Archive TESS FOP WG catalog snapshot (benchmarks/toi_catalog.csv, accessed 2026-09-08)",TOI 5817.01
418761354,planet,"TESS FOP Working Group disposition 'KP' via NASA Exoplanet Archive TESS FOP WG catalog snapshot (benchmarks/toi_catalog.csv, accessed 2026-09-08)",TOI 4533.01
419411415,planet,"TESS FOP Working Group disposition 'CP' via NASA Exoplanet Archive TESS FOP WG catalog snapshot (benchmarks/toi_catalog.csv, accessed 2026-09-08)",TOI 5205.01
419523962,planet,"TESS FOP Working Group disposition 'CP' via NASA Exoplanet Archive TESS FOP WG catalog snapshot (benchmarks/toi_catalog.csv, accessed 2026-09-08)",TOI 6029.01
420112589,planet,"TESS FOP Working Group disposition 'CP' via NASA Exoplanet Archive TESS FOP WG catalog snapshot (benchmarks/toi_catalog.csv, accessed 2026-09-08)",TOI 1452.01
420779000,planet,"TESS FOP Working Group disposition 'KP' via NASA Exoplanet Archive TESS FOP WG catalog snapshot (benchmarks/toi_catalog.csv, accessed 2026-09-08)",TOI 5632.01
420814525,planet,"TESS FOP Working Group disposition 'KP' via NASA Exoplanet Archive TESS FOP WG catalog snapshot (benchmarks/toi_catalog.csv, accessed 2026-09-08)",TOI 5972.01
422618449,planet,"TESS FOP Working Group disposition 'KP' via NASA Exoplanet Archive TESS FOP WG catalog snapshot (benchmarks/toi_catalog.csv, accessed 2026-09-08)",TOI 6836.01
422655579,planet,"TESS FOP Working Group disposition 'KP' via NASA Exoplanet Archive TESS FOP WG catalog snapshot (benchmarks/toi_catalog.csv, accessed 2026-09-08)",TOI 388.01
422756130,planet,"TESS FOP Working Group disposition 'CP' via NASA Exoplanet Archive TESS FOP WG catalog snapshot (benchmarks/toi_catalog.csv, accessed 2026-09-08)",TOI 1695.01
423275733,planet,"TESS FOP Working Group disposition 'KP' via NASA Exoplanet Archive TESS FOP WG catalog snapshot (benchmarks/toi_catalog.csv, accessed 2026-09-08)",TOI 578.01
424196109,planet,"TESS FOP Working Group disposition 'CP' via NASA Exoplanet Archive TESS FOP WG catalog snapshot (benchmarks/toi_catalog.csv, accessed 2026-09-08)",TOI 5007.01
424435940,planet,"TESS FOP Working Group disposition 'KP' via NASA Exoplanet Archive TESS FOP WG catalog snapshot (benchmarks/toi_catalog.csv, accessed 2026-09-08)",TOI 1627.01
424865156,planet,"TESS FOP Working Group disposition 'KP' via NASA Exoplanet Archive TESS FOP WG catalog snapshot (benchmarks/toi_catalog.csv, accessed 2026-09-08)",TOI 1265.01
425206121,planet,"TESS FOP Working Group disposition 'KP' via NASA Exoplanet Archive TESS FOP WG catalog snapshot (benchmarks/toi_catalog.csv, accessed 2026-09-08)",TOI 508.01
425561347,planet,"TESS FOP Working Group disposition 'CP' via NASA Exoplanet Archive TESS FOP WG catalog snapshot (benchmarks/toi_catalog.csv, accessed 2026-09-08)",TOI 2215.01
425817867,planet,"TESS FOP Working Group disposition 'KP' via NASA Exoplanet Archive TESS FOP WG catalog snapshot (benchmarks/toi_catalog.csv, accessed 2026-09-08)",TOI 6681.01
425997655,planet,"TESS FOP Working Group disposition 'CP' via NASA Exoplanet Archive TESS FOP WG catalog snapshot (benchmarks/toi_catalog.csv, accessed 2026-09-08)","TOI 174.01, 174.02, 174.03, 174.04, 174.05"
427332229,planet,"TESS FOP Working Group disposition 'KP' via NASA Exoplanet Archive TESS FOP WG catalog snapshot (benchmarks/toi_catalog.csv, accessed 2026-09-08)",TOI 4523.01
427685831,planet,"TESS FOP Working Group disposition 'KP' via NASA Exoplanet Archive TESS FOP WG catalog snapshot (benchmarks/toi_catalog.csv, accessed 2026-09-08)",TOI 7168.01
427761355,planet,"TESS FOP Working Group disposition 'CP' via NASA Exoplanet Archive TESS FOP WG catalog snapshot (benchmarks/toi_catalog.csv, accessed 2026-09-08)",TOI 1518.01
42821097,planet,"TESS FOP Working Group disposition 'KP' via NASA Exoplanet Archive TESS FOP WG catalog snapshot (benchmarks/toi_catalog.csv, accessed 2026-09-08)",TOI 548.01
428679607,planet,"TESS FOP Working Group disposition 'CP' via NASA Exoplanet Archive TESS FOP WG catalog snapshot (benchmarks/toi_catalog.csv, accessed 2026-09-08)",TOI 1669.01
428699140,planet,"TESS FOP Working Group disposition 'CP' via NASA Exoplanet Archive TESS FOP WG catalog snapshot (benchmarks/toi_catalog.csv, accessed 2026-09-08)",TOI 3082.01
428787891,planet,"TESS FOP Working Group disposition 'CP' via NASA Exoplanet Archive TESS FOP WG catalog snapshot (benchmarks/toi_catalog.csv, accessed 2026-09-08)",TOI 2154.01
42883782,planet,"TESS FOP Working Group disposition 'CP' via NASA Exoplanet Archive TESS FOP WG catalog snapshot (benchmarks/toi_catalog.csv, accessed 2026-09-08)","TOI 5788.01, 5788.02"
429302040,planet,"TESS FOP Working Group disposition 'KP' via NASA Exoplanet Archive TESS FOP WG catalog snapshot (benchmarks/toi_catalog.csv, accessed 2026-09-08)",TOI 1905.01
429304876,planet,"TESS FOP Working Group disposition 'CP' via NASA Exoplanet Archive TESS FOP WG catalog snapshot (benchmarks/toi_catalog.csv, accessed 2026-09-08)",TOI 682.01
429358906,planet,"TESS FOP Working Group disposition 'CP' via NASA Exoplanet Archive TESS FOP WG catalog snapshot (benchmarks/toi_catalog.csv, accessed 2026-09-08)",TOI 782.01
431701493,planet,"TESS FOP Working Group disposition 'KP' via NASA Exoplanet Archive TESS FOP WG catalog snapshot (benchmarks/toi_catalog.csv, accessed 2026-09-08)",TOI 5970.01
432549364,planet,"TESS FOP Working Group disposition 'KP' via NASA Exoplanet Archive TESS FOP WG catalog snapshot (benchmarks/toi_catalog.csv, accessed 2026-09-08)",TOI 1476.01
434226736,planet,"TESS FOP Working Group disposition 'KP' via NASA Exoplanet Archive TESS FOP WG catalog snapshot (benchmarks/toi_catalog.csv, accessed 2026-09-08)",TOI 5095.01
435339558,planet,"TESS FOP Working Group disposition 'KP' via NASA Exoplanet Archive TESS FOP WG catalog snapshot (benchmarks/toi_catalog.csv, accessed 2026-09-08)",TOI 6962.01
435339847,planet,"TESS FOP Working Group disposition 'KP' via NASA Exoplanet Archive TESS FOP WG catalog snapshot (benchmarks/toi_catalog.csv, accessed 2026-09-08)",TOI 4544.01
43647325,planet,"TESS FOP Working Group disposition 'KP' via NASA Exoplanet Archive TESS FOP WG catalog snapshot (benchmarks/toi_catalog.csv, accessed 2026-09-08)",TOI 423.01
436478932,planet,"TESS FOP Working Group disposition 'KP' via NASA Exoplanet Archive TESS FOP WG catalog snapshot (benchmarks/toi_catalog.csv, accessed 2026-09-08)",TOI 5963.01
436575927,planet,"TESS FOP Working Group disposition 'KP' via NASA Exoplanet Archive TESS FOP WG catalog snapshot (benchmarks/toi_catalog.csv, accessed 2026-09-08)",TOI 6977.01
436873727,planet,"TESS FOP Working Group disposition 'CP' via NASA Exoplanet Archive TESS FOP WG catalog snapshot (benchmarks/toi_catalog.csv, accessed 2026-09-08)",TOI 4641.01
436875934,planet,"TESS FOP Working Group disposition 'KP' via NASA Exoplanet Archive TESS FOP WG catalog snapshot (benchmarks/toi_catalog.csv, accessed 2026-09-08)",TOI 4514.01
437011608,planet,"TESS FOP Working Group disposition 'CP' via NASA Exoplanet Archive TESS FOP WG catalog snapshot (benchmarks/toi_catalog.csv, accessed 2026-09-08)",TOI 5082.01
437242640,planet,"TESS FOP Working Group disposition 'KP' via NASA Exoplanet Archive TESS FOP WG catalog snapshot (benchmarks/toi_catalog.csv, accessed 2026-09-08)",TOI 744.01
437248515,planet,"TESS FOP Working Group disposition 'KP' via NASA Exoplanet Archive TESS FOP WG catalog snapshot (benchmarks/toi_catalog.csv, accessed 2026-09-08)",TOI 683.01
437261733,planet,"TESS FOP Working Group disposition 'KP' via NASA Exoplanet Archive TESS FOP WG catalog snapshot (benchmarks/toi_catalog.csv, accessed 2026-09-08)",TOI 1910.01
437333618,planet,"TESS FOP Working Group disposition 'KP' via NASA Exoplanet Archive TESS FOP WG catalog snapshot (benchmarks/toi_catalog.csv, accessed 2026-09-08)",TOI 843.01
437444661,planet,"TESS FOP Working Group disposition 'KP' via NASA Exoplanet Archive TESS FOP WG catalog snapshot (benchmarks/toi_catalog.csv, accessed 2026-09-08)",TOI 7470.01
437704321,planet,"TESS FOP Working Group disposition 'KP' via NASA Exoplanet Archive TESS FOP WG catalog snapshot (benchmarks/toi_catalog.csv, accessed 2026-09-08)",TOI 4534.01
437856897,planet,"TESS FOP Working Group disposition 'CP' via NASA Exoplanet Archive TESS FOP WG catalog snapshot (benchmarks/toi_catalog.csv, accessed 2026-09-08)",TOI 4603.01
439366538,planet,"TESS FOP Working Group disposition 'CP' via NASA Exoplanet Archive TESS FOP WG catalog snapshot (benchmarks/toi_catalog.csv, accessed 2026-09-08)",TOI 2374.01
439456714,planet,"TESS FOP Working Group disposition 'CP' via NASA Exoplanet Archive TESS FOP WG catalog snapshot (benchmarks/toi_catalog.csv, accessed 2026-09-08)",TOI 277.01
439842788,planet,"TESS FOP Working Group disposition 'KP' via NASA Exoplanet Archive TESS FOP WG catalog snapshot (benchmarks/toi_catalog.csv, accessed 2026-09-08)",TOI 4521.01
439867639,planet,"TESS FOP Working Group disposition 'CP' via NASA Exoplanet Archive TESS FOP WG catalog snapshot (benchmarks/toi_catalog.csv, accessed 2026-09-08)",TOI 2445.01
440113053,planet,"TESS FOP Working Group disposition 'KP' via NASA Exoplanet Archive TESS FOP WG catalog snapshot (benchmarks/toi_catalog.csv, accessed 2026-09-08)",TOI 3595.01
440777904,planet,"TESS FOP Working Group disposition 'KP' via NASA Exoplanet Archive TESS FOP WG catalog snapshot (benchmarks/toi_catalog.csv, accessed 2026-09-08)",TOI 511.01
440887364,planet,"TESS FOP Working Group disposition 'CP' via NASA Exoplanet Archive TESS FOP WG catalog snapshot (benchmarks/toi_catalog.csv, accessed 2026-09-08)","TOI 836.01, 836.02"
441420236,planet,"TESS FOP Working Group disposition 'CP' via NASA Exoplanet Archive TESS FOP WG catalog snapshot (benchmarks/toi_catalog.csv, accessed 2026-09-08)",TOI 2221.01
441422655,planet,"TESS FOP Working Group disposition 'KP' via NASA Exoplanet Archive TESS FOP WG catalog snapshot (benchmarks/toi_catalog.csv, accessed 2026-09-08)",TOI 7683.01
441462736,planet,"TESS FOP Working Group disposition 'CP' via NASA Exoplanet Archive TESS FOP WG catalog snapshot (benchmarks/toi_catalog.csv, accessed 2026-09-08)",TOI 197.01
441546821,planet,"TESS FOP Working Group disposition 'CP' via NASA Exoplanet Archive TESS FOP WG catalog snapshot (benchmarks/toi_catalog.csv, accessed 2026-09-08)",TOI 6697.01
441739020,planet,"TESS FOP Working Group disposition 'CP' via NASA Exoplanet Archive TESS FOP WG catalog snapshot (benchmarks/toi_catalog.csv, accessed 2026-09-08)","TOI 1670.01, 1670.02"
441765914,planet,"TESS FOP Working Group disposition 'CP' via NASA Exoplanet Archive TESS FOP WG catalog snapshot (benchmarks/toi_catalog.csv, accessed 2026-09-08)",TOI 2088.01
442530946,planet,"TESS FOP Working Group disposition 'KP' via NASA Exoplanet Archive TESS FOP WG catalog snapshot (benchmarks/toi_catalog.csv, accessed 2026-09-08)",TOI 7476.01
443556801,planet,"TESS FOP Working Group disposition 'CP' via NASA Exoplanet Archive TESS FOP WG catalog snapshot (benchmarks/toi_catalog.csv, accessed 2026-09-08)",TOI 2768.01
443616612,planet,"TESS FOP Working Group disposition 'KP' via NASA Exoplanet Archive TESS FOP WG catalog snapshot (benchmarks/toi_catalog.csv, accessed 2026-09-08)",TOI 5523.02
444013020,planet,"TESS FOP Working Group disposition 'KP' via NASA Exoplanet Archive TESS FOP WG catalog snapshot (benchmarks/toi_catalog.csv, accessed 2026-09-08)",TOI 2547.01
445751830,planet,"TESS FOP Working Group disposition 'CP' via NASA Exoplanet Archive TESS FOP WG catalog snapshot (benchmarks/toi_catalog.csv, accessed 2026-09-08)",TOI 3757.01
445805961,planet,"TESS FOP Working Group disposition 'CP' via NASA Exoplanet Archive TESS FOP WG catalog snapshot (benchmarks/toi_catalog.csv, accessed 2026-09-08)",TOI 1710.01
445859771,planet,"TESS FOP Working Group disposition 'CP' via NASA Exoplanet Archive TESS FOP WG catalog snapshot (benchmarks/toi_catalog.csv, accessed 2026-09-08)",TOI 1273.01
445903569,planet,"TESS FOP Working Group disposition 'CP' via NASA Exoplanet Archive TESS FOP WG catalog snapshot (benchmarks/toi_catalog.csv, accessed 2026-09-08)",TOI 1994.01
446549906,planet,"TESS FOP Working Group disposition 'CP' via NASA Exoplanet Archive TESS FOP WG catalog snapshot (benchmarks/toi_catalog.csv, accessed 2026-09-08)",TOI 2107.01
447061717,planet,"TESS FOP Working Group disposition 'CP' via NASA Exoplanet Archive TESS FOP WG catalog snapshot (benchmarks/toi_catalog.csv, accessed 2026-09-08)",TOI 1231.01
44737596,planet,"TESS FOP Working Group disposition 'CP' via NASA Exoplanet Archive TESS FOP WG catalog snapshot (benchmarks/toi_catalog.csv, accessed 2026-09-08)",TOI 552.01
44745133,planet,"TESS FOP Working Group disposition 'KP' via NASA Exoplanet Archive TESS FOP WG catalog snapshot (benchmarks/toi_catalog.csv, accessed 2026-09-08)",TOI 1911.01
44792534,planet,"TESS FOP Working Group disposition 'CP' via NASA Exoplanet Archive TESS FOP WG catalog snapshot (benchmarks/toi_catalog.csv, accessed 2026-09-08)",TOI 954.01
448589187,planet,"TESS FOP Working Group disposition 'KP' via NASA Exoplanet Archive TESS FOP WG catalog snapshot (benchmarks/toi_catalog.csv, accessed 2026-09-08)",TOI 2642.01
44898913,planet,"TESS FOP Working Group disposition 'CP' via NASA Exoplanet Archive TESS FOP WG catalog snapshot (benchmarks/toi_catalog.csv, accessed 2026-09-08)",TOI 4306.01
449197831,planet,"TESS FOP Working Group disposition 'CP' via NASA Exoplanet Archive TESS FOP WG catalog snapshot (benchmarks/toi_catalog.csv, accessed 2026-09-08)",TOI 2458.01
452006073,planet,"TESS FOP Working Group disposition 'CP' via NASA Exoplanet Archive TESS FOP WG catalog snapshot (benchmarks/toi_catalog.csv, accessed 2026-09-08)",TOI 3071.01
452808876,planet,"TESS FOP Working Group disposition 'KP' via NASA Exoplanet Archive TESS FOP WG catalog snapshot (benchmarks/toi_catalog.csv, accessed 2026-09-08)",TOI 453.01
452866790,planet,"TESS FOP Working Group disposition 'CP' via NASA Exoplanet Archive TESS FOP WG catalog snapshot (benchmarks/toi_catalog.csv, accessed 2026-09-08)",TOI 488.01
453064665,planet,"TESS FOP Working Group disposition 'KP' via NASA Exoplanet Archive TESS FOP WG catalog snapshot (benchmarks/toi_catalog.csv, accessed 2026-09-08)",TOI 6043.01
453211454,planet,"TESS FOP Working Group disposition 'CP' via NASA Exoplanet Archive TESS FOP WG catalog snapshot (benchmarks/toi_catalog.csv, accessed 2026-09-08)","TOI 509.01, 509.02"
453789494,planet,"TESS FOP Working Group disposition 'KP' via NASA Exoplanet Archive TESS FOP WG catalog snapshot (benchmarks/toi_catalog.csv, accessed 2026-09-08)",TOI 1907.01
454069765,planet,"TESS FOP Working Group disposition 'KP' via NASA Exoplanet Archive TESS FOP WG catalog snapshot (benchmarks/toi_catalog.csv, accessed 2026-09-08)",TOI 4916.01
454248975,planet,"TESS FOP Working Group disposition 'CP' via NASA Exoplanet Archive TESS FOP WG catalog snapshot (benchmarks/toi_catalog.csv, accessed 2026-09-08)",TOI 3023.01
455036659,planet,"TESS FOP Working Group disposition 'KP' via NASA Exoplanet Archive TESS FOP WG catalog snapshot (benchmarks/toi_catalog.csv, accessed 2026-09-08)",TOI 2707.01
455096220,planet,"TESS FOP Working Group disposition 'KP' via NASA Exoplanet Archive TESS FOP WG catalog snapshot (benchmarks/toi_catalog.csv, accessed 2026-09-08)",TOI 489.01
455135327,planet,"TESS FOP Working Group disposition 'KP' via NASA Exoplanet Archive TESS FOP WG catalog snapshot (benchmarks/toi_catalog.csv, accessed 2026-09-08)",TOI 490.01
455784423,planet,"TESS FOP Working Group disposition 'CP' via NASA Exoplanet Archive TESS FOP WG catalog snapshot (benchmarks/toi_catalog.csv, accessed 2026-09-08)",TOI 3629.01
456862677,planet,"TESS FOP Working Group disposition 'CP' via NASA Exoplanet Archive TESS FOP WG catalog snapshot (benchmarks/toi_catalog.csv, accessed 2026-09-08)",TOI 4515.01
456945304,planet,"TESS FOP Working Group disposition 'KP' via NASA Exoplanet Archive TESS FOP WG catalog snapshot (benchmarks/toi_catalog.csv, accessed 2026-09-08)",TOI 5559.01
458419328,planet,"TESS FOP Working Group disposition 'CP' via NASA Exoplanet Archive TESS FOP WG catalog snapshot (benchmarks/toi_catalog.csv, accessed 2026-09-08)",TOI 3785.01
458478250,planet,"TESS FOP Working Group disposition 'KP' via NASA Exoplanet Archive TESS FOP WG catalog snapshot (benchmarks/toi_catalog.csv, accessed 2026-09-08)",TOI 1165.01
458686847,planet,"TESS FOP Working Group disposition 'KP' via NASA Exoplanet Archive TESS FOP WG catalog snapshot (benchmarks/toi_catalog.csv, accessed 2026-09-08)",TOI 5528.01
459323923,planet,"TESS FOP Working Group disposition 'CP' via NASA Exoplanet Archive TESS FOP WG catalog snapshot (benchmarks/toi_catalog.csv, accessed 2026-09-08)",TOI 7149.01
459728249,planet,"TESS FOP Working Group disposition 'CP' via NASA Exoplanet Archive TESS FOP WG catalog snapshot (benchmarks/toi_catalog.csv, accessed 2026-09-08)",TOI 7250.01
459730973,planet,"TESS FOP Working Group disposition 'KP' via NASA Exoplanet Archive TESS FOP WG catalog snapshot (benchmarks/toi_catalog.csv, accessed 2026-09-08)",TOI 5820.01
459762279,planet,"TESS FOP Working Group disposition 'CP' via NASA Exoplanet Archive TESS FOP WG catalog snapshot (benchmarks/toi_catalog.csv, accessed 2026-09-08)",TOI 5573.01
459837008,planet,"TESS FOP Working Group disposition 'CP' via NASA Exoplanet Archive TESS FOP WG catalog snapshot (benchmarks/toi_catalog.csv, accessed 2026-09-08)","TOI 2267.01, 2267.03"
460205581,planet,"TESS FOP Working Group disposition 'CP' via NASA Exoplanet Archive TESS FOP WG catalog snapshot (benchmarks/toi_catalog.csv, accessed 2026-09-08)",TOI 837.01
46020827,planet,"TESS FOP Working Group disposition 'KP' via NASA Exoplanet Archive TESS FOP WG catalog snapshot (benchmarks/toi_catalog.csv, accessed 2026-09-08)",TOI 7471.01
460396820,planet,"TESS FOP Working Group disposition 'KP' via NASA Exoplanet Archive TESS FOP WG catalog snapshot (benchmarks/toi_catalog.csv, accessed 2026-09-08)",TOI 5685.01
46096489,planet,"TESS FOP Working Group disposition 'KP' via NASA Exoplanet Archive TESS FOP WG catalog snapshot (benchmarks/toi_catalog.csv, accessed 2026-09-08)",TOI 818.01
460984940,planet,"TESS FOP Working Group disposition 'CP' via NASA Exoplanet Archive TESS FOP WG catalog snapshot (benchmarks/toi_catalog.csv, accessed 2026-09-08)",TOI 784.01
4610830,planet,"TESS FOP Working Group disposition 'KP' via NASA Exoplanet Archive TESS FOP WG catalog snapshot (benchmarks/toi_catalog.csv, accessed 2026-09-08)",TOI 6833.01
461239485,planet,"TESS FOP Working Group disposition 'KP' via NASA Exoplanet Archive TESS FOP WG catalog snapshot (benchmarks/toi_catalog.csv, accessed 2026-09-08)",TOI 5672.01
461591646,planet,"TESS FOP Working Group disposition 'CP' via NASA Exoplanet Archive TESS FOP WG catalog snapshot (benchmarks/toi_catalog.csv, accessed 2026-09-08)",TOI 2155.01
4616072,planet,"TESS FOP Working Group disposition 'KP' via NASA Exoplanet Archive TESS FOP WG catalog snapshot (benchmarks/toi_catalog.csv, accessed 2026-09-08)",TOI 466.01
464300749,planet,"TESS FOP Working Group disposition 'CP' via NASA Exoplanet Archive TESS FOP WG catalog snapshot (benchmarks/toi_catalog.csv, accessed 2026-09-08)",TOI 3362.01
464646604,planet,"TESS FOP Working Group disposition 'CP' via NASA Exoplanet Archive TESS FOP WG catalog snapshot (benchmarks/toi_catalog.csv, accessed 2026-09-08)",TOI 4399.01
4646810,planet,"TESS FOP Working Group disposition 'CP' via NASA Exoplanet Archive TESS FOP WG catalog snapshot (benchmarks/toi_catalog.csv, accessed 2026-09-08)",TOI 461.01
466206508,planet,"TESS FOP Working Group disposition 'CP' via NASA Exoplanet Archive TESS FOP WG catalog snapshot (benchmarks/toi_catalog.csv, accessed 2026-09-08)",TOI 5542.01
466382581,planet,"TESS FOP Working Group disposition 'CP' via NASA Exoplanet Archive TESS FOP WG catalog snapshot (benchmarks/toi_catalog.csv, accessed 2026-09-08)",TOI 5803.01
466390120,planet,"TESS FOP Working Group disposition 'KP' via NASA Exoplanet Archive TESS FOP WG catalog snapshot (benchmarks/toi_catalog.csv, accessed 2026-09-08)",TOI 5822.01
466840711,planet,"TESS FOP Working Group disposition 'KP' via NASA Exoplanet Archive TESS FOP WG catalog snapshot (benchmarks/toi_catalog.csv, accessed 2026-09-08)",TOI 839.01
467179528,planet,"TESS FOP Working Group disposition 'CP' via NASA Exoplanet Archive TESS FOP WG catalog snapshot (benchmarks/toi_catalog.csv, accessed 2026-09-08)","TOI 1266.01, 1266.02"
467331291,planet,"TESS FOP Working Group disposition 'CP' via NASA Exoplanet Archive TESS FOP WG catalog snapshot (benchmarks/toi_catalog.csv, accessed 2026-09-08)",TOI 4155.01
467651916,planet,"TESS FOP Working Group disposition 'CP' via NASA Exoplanet Archive TESS FOP WG catalog snapshot (benchmarks/toi_catalog.csv, accessed 2026-09-08)",TOI 4602.01
467971286,planet,"TESS FOP Working Group disposition 'KP' via NASA Exoplanet Archive TESS FOP WG catalog snapshot (benchmarks/toi_catalog.csv, accessed 2026-09-08)",TOI 2204.01
468574941,planet,"TESS FOP Working Group disposition 'CP' via NASA Exoplanet Archive TESS FOP WG catalog snapshot (benchmarks/toi_catalog.csv, accessed 2026-09-08)",TOI 2046.01
468987719,planet,"TESS FOP Working Group disposition 'KP' via NASA Exoplanet Archive TESS FOP WG catalog snapshot (benchmarks/toi_catalog.csv, accessed 2026-09-08)",TOI 491.01
470171739,planet,"TESS FOP Working Group disposition 'CP' via NASA Exoplanet Archive TESS FOP WG catalog snapshot (benchmarks/toi_catalog.csv, accessed 2026-09-08)",TOI 4153.01
470381900,planet,"TESS FOP Working Group disposition 'CP' via NASA Exoplanet Archive TESS FOP WG catalog snapshot (benchmarks/toi_catalog.csv, accessed 2026-09-08)",TOI 1696.01
47911178,planet,"TESS FOP Working Group disposition 'KP' via NASA Exoplanet Archive TESS FOP WG catalog snapshot (benchmarks/toi_catalog.csv, accessed 2026-09-08)",TOI 471.01
48103627,planet,"TESS FOP Working Group disposition 'CP' via NASA Exoplanet Archive TESS FOP WG catalog snapshot (benchmarks/toi_catalog.csv, accessed 2026-09-08)",TOI 657.01
48217457,planet,"TESS FOP Working Group disposition 'KP' via NASA Exoplanet Archive TESS FOP WG catalog snapshot (benchmarks/toi_catalog.csv, accessed 2026-09-08)",TOI 4454.01
48353358,planet,"TESS FOP Working Group disposition 'KP' via NASA Exoplanet Archive TESS FOP WG catalog snapshot (benchmarks/toi_catalog.csv, accessed 2026-09-08)",TOI 6004.01
48448369,planet,"TESS FOP Working Group disposition 'KP' via NASA Exoplanet Archive TESS FOP WG catalog snapshot (benchmarks/toi_catalog.csv, accessed 2026-09-08)",TOI 6087.01
48451130,planet,"TESS FOP Working Group disposition 'KP' via NASA Exoplanet Archive TESS FOP WG catalog snapshot (benchmarks/toi_catalog.csv, accessed 2026-09-08)",TOI 4571.01
48506505,planet,"TESS FOP Working Group disposition 'KP' via NASA Exoplanet Archive TESS FOP WG catalog snapshot (benchmarks/toi_catalog.csv, accessed 2026-09-08)",TOI 4467.01
4897275,planet,"TESS FOP Working Group disposition 'CP' via NASA Exoplanet Archive TESS FOP WG catalog snapshot (benchmarks/toi_catalog.csv, accessed 2026-09-08)",TOI 1774.01
49043968,planet,"TESS FOP Working Group disposition 'CP' via NASA Exoplanet Archive TESS FOP WG catalog snapshot (benchmarks/toi_catalog.csv, accessed 2026-09-08)",TOI 6275.01
4918918,planet,"TESS FOP Working Group disposition 'CP' via NASA Exoplanet Archive TESS FOP WG catalog snapshot (benchmarks/toi_catalog.csv, accessed 2026-09-08)",TOI 5747.01
49254857,planet,"TESS FOP Working Group disposition 'CP' via NASA Exoplanet Archive TESS FOP WG catalog snapshot (benchmarks/toi_catalog.csv, accessed 2026-09-08)",TOI 4914.01
49428710,planet,"TESS FOP Working Group disposition 'CP' via NASA Exoplanet Archive TESS FOP WG catalog snapshot (benchmarks/toi_catalog.csv, accessed 2026-09-08)",TOI 5174.01
49705089,planet,"TESS FOP Working Group disposition 'CP' via NASA Exoplanet Archive TESS FOP WG catalog snapshot (benchmarks/toi_catalog.csv, accessed 2026-09-08)",TOI 4759.01
49735922,planet,"TESS FOP Working Group disposition 'KP' via NASA Exoplanet Archive TESS FOP WG catalog snapshot (benchmarks/toi_catalog.csv, accessed 2026-09-08)",TOI 6834.01
50171060,planet,"TESS FOP Working Group disposition 'KP' via NASA Exoplanet Archive TESS FOP WG catalog snapshot (benchmarks/toi_catalog.csv, accessed 2026-09-08)",TOI 7474.01
50618703,planet,"TESS FOP Working Group disposition 'CP' via NASA Exoplanet Archive TESS FOP WG catalog snapshot (benchmarks/toi_catalog.csv, accessed 2026-09-08)",TOI 544.01
50712784,planet,"TESS FOP Working Group disposition 'KP' via NASA Exoplanet Archive TESS FOP WG catalog snapshot (benchmarks/toi_catalog.csv, accessed 2026-09-08)",TOI 1912.01
51234631,planet,"TESS FOP Working Group disposition 'KP' via NASA Exoplanet Archive TESS FOP WG catalog snapshot (benchmarks/toi_catalog.csv, accessed 2026-09-08)",TOI 1721.01
51637609,planet,"TESS FOP Working Group disposition 'CP' via NASA Exoplanet Archive TESS FOP WG catalog snapshot (benchmarks/toi_catalog.csv, accessed 2026-09-08)",TOI 6170.01
52005579,planet,"TESS FOP Working Group disposition 'CP' via NASA Exoplanet Archive TESS FOP WG catalog snapshot (benchmarks/toi_catalog.csv, accessed 2026-09-08)",TOI 6251.01
52368076,planet,"TESS FOP Working Group disposition 'CP' via NASA Exoplanet Archive TESS FOP WG catalog snapshot (benchmarks/toi_catalog.csv, accessed 2026-09-08)","TOI 125.01, 125.02, 125.03"
52640302,planet,"TESS FOP Working Group disposition 'KP' via NASA Exoplanet Archive TESS FOP WG catalog snapshot (benchmarks/toi_catalog.csv, accessed 2026-09-08)",TOI 473.01
52689469,planet,"TESS FOP Working Group disposition 'KP' via NASA Exoplanet Archive TESS FOP WG catalog snapshot (benchmarks/toi_catalog.csv, accessed 2026-09-08)",TOI 2502.01
53189332,planet,"TESS FOP Working Group disposition 'KP' via NASA Exoplanet Archive TESS FOP WG catalog snapshot (benchmarks/toi_catalog.csv, accessed 2026-09-08)",TOI 660.01
53458803,planet,"TESS FOP Working Group disposition 'KP' via NASA Exoplanet Archive TESS FOP WG catalog snapshot (benchmarks/toi_catalog.csv, accessed 2026-09-08)",TOI 1913.01
53498154,planet,"TESS FOP Working Group disposition 'CP' via NASA Exoplanet Archive TESS FOP WG catalog snapshot (benchmarks/toi_catalog.csv, accessed 2026-09-08)","TOI 5624.01, 5624.02, 5624.03, 5624.04"
53728859,planet,"TESS FOP Working Group disposition 'KP' via NASA Exoplanet Archive TESS FOP WG catalog snapshot (benchmarks/toi_catalog.csv, accessed 2026-09-08)",TOI 6013.01
53735810,planet,"TESS FOP Working Group disposition 'KP' via NASA Exoplanet Archive TESS FOP WG catalog snapshot (benchmarks/toi_catalog.csv, accessed 2026-09-08)",TOI 661.01
53750200,planet,"TESS FOP Working Group disposition 'KP' via NASA Exoplanet Archive TESS FOP WG catalog snapshot (benchmarks/toi_catalog.csv, accessed 2026-09-08)",TOI 1914.01
54002556,planet,"TESS FOP Working Group disposition 'KP' via NASA Exoplanet Archive TESS FOP WG catalog snapshot (benchmarks/toi_catalog.csv, accessed 2026-09-08)",TOI 1847.01
54962195,planet,"TESS FOP Working Group disposition 'CP' via NASA Exoplanet Archive TESS FOP WG catalog snapshot (benchmarks/toi_catalog.csv, accessed 2026-09-08)","TOI 663.01, 663.02, 663.03"
55092869,planet,"TESS FOP Working Group disposition 'KP' via NASA Exoplanet Archive TESS FOP WG catalog snapshot (benchmarks/toi_catalog.csv, accessed 2026-09-08)",TOI 664.01
55315929,planet,"TESS FOP Working Group disposition 'KP' via NASA Exoplanet Archive TESS FOP WG catalog snapshot (benchmarks/toi_catalog.csv, accessed 2026-09-08)",TOI 5556.01
55525572,planet,"TESS FOP Working Group disposition 'CP' via NASA Exoplanet Archive TESS FOP WG catalog snapshot (benchmarks/toi_catalog.csv, accessed 2026-09-08)",TOI 813.01
55650590,planet,"TESS FOP Working Group disposition 'CP' via NASA Exoplanet Archive TESS FOP WG catalog snapshot (benchmarks/toi_catalog.csv, accessed 2026-09-08)",TOI 206.01
55652896,planet,"TESS FOP Working Group disposition 'CP' via NASA Exoplanet Archive TESS FOP WG catalog snapshot (benchmarks/toi_catalog.csv, accessed 2026-09-08)","TOI 216.01, 216.02"
56399553,planet,"TESS FOP Working Group disposition 'KP' via NASA Exoplanet Archive TESS FOP WG catalog snapshot (benchmarks/toi_catalog.csv, accessed 2026-09-08)",TOI 4623.01
56658270,planet,"TESS FOP Working Group disposition 'CP' via NASA Exoplanet Archive TESS FOP WG catalog snapshot (benchmarks/toi_catalog.csv, accessed 2026-09-08)",TOI 6963.01
56815340,planet,"TESS FOP Working Group disposition 'KP' via NASA Exoplanet Archive TESS FOP WG catalog snapshot (benchmarks/toi_catalog.csv, accessed 2026-09-08)","TOI 7513.01, 7513.02"
57984377,planet,"TESS FOP Working Group disposition 'KP' via NASA Exoplanet Archive TESS FOP WG catalog snapshot (benchmarks/toi_catalog.csv, accessed 2026-09-08)",TOI 6014.01
58542531,planet,"TESS FOP Working Group disposition 'CP' via NASA Exoplanet Archive TESS FOP WG catalog snapshot (benchmarks/toi_catalog.csv, accessed 2026-09-08)",TOI 1683.01
5882269,planet,"TESS FOP Working Group disposition 'KP' via NASA Exoplanet Archive TESS FOP WG catalog snapshot (benchmarks/toi_catalog.csv, accessed 2026-09-08)",TOI 5083.01
58824746,planet,"TESS FOP Working Group disposition 'CP' via NASA Exoplanet Archive TESS FOP WG catalog snapshot (benchmarks/toi_catalog.csv, accessed 2026-09-08)",TOI 4638.01
58825110,planet,"TESS FOP Working Group disposition 'CP' via NASA Exoplanet Archive TESS FOP WG catalog snapshot (benchmarks/toi_catalog.csv, accessed 2026-09-08)",TOI 5301.01
59843967,planet,"TESS FOP Working Group disposition 'KP' via NASA Exoplanet Archive TESS FOP WG catalog snapshot (benchmarks/toi_catalog.csv, accessed 2026-09-08)",TOI 474.01
60286662,planet,"TESS FOP Working Group disposition 'KP' via NASA Exoplanet Archive TESS FOP WG catalog snapshot (benchmarks/toi_catalog.csv, accessed 2026-09-08)",TOI 5162.01
610976842,planet,"TESS FOP Working Group disposition 'KP' via NASA Exoplanet Archive TESS FOP WG catalog snapshot (benchmarks/toi_catalog.csv, accessed 2026-09-08)",TOI 4545.01
61098812,planet,"TESS FOP Working Group disposition 'KP' via NASA Exoplanet Archive TESS FOP WG catalog snapshot (benchmarks/toi_catalog.csv, accessed 2026-09-08)",TOI 1833.01
61205803,planet,"TESS FOP Working Group disposition 'KP' via NASA Exoplanet Archive TESS FOP WG catalog snapshot (benchmarks/toi_catalog.csv, accessed 2026-09-08)",TOI 3636.01
61538902,planet,"TESS FOP Working Group disposition 'KP' via NASA Exoplanet Archive TESS FOP WG catalog snapshot (benchmarks/toi_catalog.csv, accessed 2026-09-08)",TOI 752.01
62483237,planet,"TESS FOP Working Group disposition 'CP' via NASA Exoplanet Archive TESS FOP WG catalog snapshot (benchmarks/toi_catalog.csv, accessed 2026-09-08)",TOI 139.01
63189173,planet,"TESS FOP Working Group disposition 'KP' via NASA Exoplanet Archive TESS FOP WG catalog snapshot (benchmarks/toi_catalog.csv, accessed 2026-09-08)",TOI 5093.01
63211674,planet,"TESS FOP Working Group disposition 'KP' via NASA Exoplanet Archive TESS FOP WG catalog snapshot (benchmarks/toi_catalog.csv, accessed 2026-09-08)",TOI 4472.01
63283780,planet,"TESS FOP Working Group disposition 'KP' via NASA Exoplanet Archive TESS FOP WG catalog snapshot (benchmarks/toi_catalog.csv, accessed 2026-09-08)",TOI 5994.01
63452790,planet,"TESS FOP Working Group disposition 'KP' via NASA Exoplanet Archive TESS FOP WG catalog snapshot (benchmarks/toi_catalog.csv, accessed 2026-09-08)",TOI 4434.01
63898957,planet,"TESS FOP Working Group disposition 'CP' via NASA Exoplanet Archive TESS FOP WG catalog snapshot (benchmarks/toi_catalog.csv, accessed 2026-09-08)","TOI 261.01, 261.02"
65412605,planet,"TESS FOP Working Group disposition 'CP' via NASA Exoplanet Archive TESS FOP WG catalog snapshot (benchmarks/toi_catalog.csv, accessed 2026-09-08)",TOI 626.01
66561343,planet,"TESS FOP Working Group disposition 'CP' via NASA Exoplanet Archive TESS FOP WG catalog snapshot (benchmarks/toi_catalog.csv, accessed 2026-09-08)",TOI 892.01
6663331,planet,"TESS FOP Working Group disposition 'KP' via NASA Exoplanet Archive TESS FOP WG catalog snapshot (benchmarks/toi_catalog.csv, accessed 2026-09-08)",TOI 1068.01
66818296,planet,"TESS FOP Working Group disposition 'KP' via NASA Exoplanet Archive TESS FOP WG catalog snapshot (benchmarks/toi_catalog.csv, accessed 2026-09-08)",TOI 1050.01
67512645,planet,"TESS FOP Working Group disposition 'CP' via NASA Exoplanet Archive TESS FOP WG catalog snapshot (benchmarks/toi_catalog.csv, accessed 2026-09-08)",TOI 6894.01
67646988,planet,"TESS FOP Working Group disposition 'KP' via NASA Exoplanet Archive TESS FOP WG catalog snapshot (benchmarks/toi_catalog.csv, accessed 2026-09-08)",TOI 1779.01
67666096,planet,"TESS FOP Working Group disposition 'KP' via NASA Exoplanet Archive TESS FOP WG catalog snapshot (benchmarks/toi_catalog.csv, accessed 2026-09-08)",TOI 1766.01
68007716,planet,"TESS FOP Working Group disposition 'CP' via NASA Exoplanet Archive TESS FOP WG catalog snapshot (benchmarks/toi_catalog.csv, accessed 2026-09-08)",TOI 2587.01
68577662,planet,"TESS FOP Working Group disposition 'KP' via NASA Exoplanet Archive TESS FOP WG catalog snapshot (benchmarks/toi_catalog.csv, accessed 2026-09-08)",TOI 4606.01
6892385,planet,"TESS FOP Working Group disposition 'KP' via NASA Exoplanet Archive TESS FOP WG catalog snapshot (benchmarks/toi_catalog.csv, accessed 2026-09-08)",TOI 5164.01
6893917,planet,"TESS FOP Working Group disposition 'KP' via NASA Exoplanet Archive TESS FOP WG catalog snapshot (benchmarks/toi_catalog.csv, accessed 2026-09-08)",TOI 5074.01
68952448,planet,"TESS FOP Working Group disposition 'KP' via NASA Exoplanet Archive TESS FOP WG catalog snapshot (benchmarks/toi_catalog.csv, accessed 2026-09-08)",TOI 7484.01
69356857,planet,"TESS FOP Working Group disposition 'CP' via NASA Exoplanet Archive TESS FOP WG catalog snapshot (benchmarks/toi_catalog.csv, accessed 2026-09-08)",TOI 5232.01
69679391,planet,"TESS FOP Working Group disposition 'KP' via NASA Exoplanet Archive TESS FOP WG catalog snapshot (benchmarks/toi_catalog.csv, accessed 2026-09-08)",TOI 1151.01
69747919,planet,"TESS FOP Working Group disposition 'KP' via NASA Exoplanet Archive TESS FOP WG catalog snapshot (benchmarks/toi_catalog.csv, accessed 2026-09-08)",TOI 1407.01
7020254,planet,"TESS FOP Working Group disposition 'KP' via NASA Exoplanet Archive TESS FOP WG catalog snapshot (benchmarks/toi_catalog.csv, accessed 2026-09-08)",TOI 4316.01
70440470,planet,"TESS FOP Working Group disposition 'KP' via NASA Exoplanet Archive TESS FOP WG catalog snapshot (benchmarks/toi_catalog.csv, accessed 2026-09-08)",TOI 126.01
70513361,planet,"TESS FOP Working Group disposition 'CP' via NASA Exoplanet Archive TESS FOP WG catalog snapshot (benchmarks/toi_catalog.csv, accessed 2026-09-08)",TOI 262.01
70524163,planet,"TESS FOP Working Group disposition 'CP' via NASA Exoplanet Archive TESS FOP WG catalog snapshot (benchmarks/toi_catalog.csv, accessed 2026-09-08)",TOI 2421.01
7059054,planet,"TESS FOP Working Group disposition 'KP' via NASA Exoplanet Archive TESS FOP WG catalog snapshot (benchmarks/toi_catalog.csv, accessed 2026-09-08)",TOI 5072.01
7088246,planet,"TESS FOP Working Group disposition 'KP' via NASA Exoplanet Archive TESS FOP WG catalog snapshot (benchmarks/toi_catalog.csv, accessed 2026-09-08)",TOI 1065.01
70899085,planet,"TESS FOP Working Group disposition 'CP' via NASA Exoplanet Archive TESS FOP WG catalog snapshot (benchmarks/toi_catalog.csv, accessed 2026-09-08)",TOI 442.01
71431780,planet,"TESS FOP Working Group disposition 'CP' via NASA Exoplanet Archive TESS FOP WG catalog snapshot (benchmarks/toi_catalog.csv, accessed 2026-09-08)",TOI 1723.01
71582156,planet,"TESS FOP Working Group disposition 'CP' via NASA Exoplanet Archive TESS FOP WG catalog snapshot (benchmarks/toi_catalog.csv, accessed 2026-09-08)",TOI 5726.01
71841620,planet,"TESS FOP Working Group disposition 'KP' via NASA Exoplanet Archive TESS FOP WG catalog snapshot (benchmarks/toi_catalog.csv, accessed 2026-09-08)",TOI 7480.01
73228647,planet,"TESS FOP Working Group disposition 'CP' via NASA Exoplanet Archive TESS FOP WG catalog snapshot (benchmarks/toi_catalog.csv, accessed 2026-09-08); TESS FOP Working Group disposition 'KP' via NASA Exoplanet Archive TESS FOP WG catalog snapshot (benchmarks/toi_catalog.csv, accessed 2026-09-08)","TOI 755.01, 755.02"
73448352,planet,"TESS FOP Working Group disposition 'KP' via NASA Exoplanet Archive TESS FOP WG catalog snapshot (benchmarks/toi_catalog.csv, accessed 2026-09-08)",TOI 1603.01
73540072,planet,"TESS FOP Working Group disposition 'CP' via NASA Exoplanet Archive TESS FOP WG catalog snapshot (benchmarks/toi_catalog.csv, accessed 2026-09-08)",TOI 1853.01
73649615,planet,"TESS FOP Working Group disposition 'CP' via NASA Exoplanet Archive TESS FOP WG catalog snapshot (benchmarks/toi_catalog.csv, accessed 2026-09-08)",TOI 756.01
73717937,planet,"TESS FOP Working Group disposition 'KP' via NASA Exoplanet Archive TESS FOP WG catalog snapshot (benchmarks/toi_catalog.csv, accessed 2026-09-08)",TOI 819.01
75262942,planet,"TESS FOP Working Group disposition 'KP' via NASA Exoplanet Archive TESS FOP WG catalog snapshot (benchmarks/toi_catalog.csv, accessed 2026-09-08)",TOI 4469.01
7548817,planet,"TESS FOP Working Group disposition 'CP' via NASA Exoplanet Archive TESS FOP WG catalog snapshot (benchmarks/toi_catalog.csv, accessed 2026-09-08)",TOI 2583.01
75650448,planet,"TESS FOP Working Group disposition 'CP' via NASA Exoplanet Archive TESS FOP WG catalog snapshot (benchmarks/toi_catalog.csv, accessed 2026-09-08)",TOI 6628.01
75878355,planet,"TESS FOP Working Group disposition 'CP' via NASA Exoplanet Archive TESS FOP WG catalog snapshot (benchmarks/toi_catalog.csv, accessed 2026-09-08)","TOI 2134.01, 2134.02"
76419763,planet,"TESS FOP Working Group disposition 'KP' via NASA Exoplanet Archive TESS FOP WG catalog snapshot (benchmarks/toi_catalog.csv, accessed 2026-09-08)",TOI 2135.01
76420654,planet,"TESS FOP Working Group disposition 'CP' via NASA Exoplanet Archive TESS FOP WG catalog snapshot (benchmarks/toi_catalog.csv, accessed 2026-09-08)",TOI 4462.01
76923707,planet,"TESS FOP Working Group disposition 'CP' via NASA Exoplanet Archive TESS FOP WG catalog snapshot (benchmarks/toi_catalog.csv, accessed 2026-09-08)",TOI 181.01
77031414,planet,"TESS FOP Working Group disposition 'KP' via NASA Exoplanet Archive TESS FOP WG catalog snapshot (benchmarks/toi_catalog.csv, accessed 2026-09-08)",TOI 241.01
77044471,planet,"TESS FOP Working Group disposition 'KP' via NASA Exoplanet Archive TESS FOP WG catalog snapshot (benchmarks/toi_catalog.csv, accessed 2026-09-08)",TOI 228.01
77156657,planet,"TESS FOP Working Group disposition 'KP' via NASA Exoplanet Archive TESS FOP WG catalog snapshot (benchmarks/toi_catalog.csv, accessed 2026-09-08)",TOI 1903.01
77156829,planet,"TESS FOP Working Group disposition 'CP' via NASA Exoplanet Archive TESS FOP WG catalog snapshot (benchmarks/toi_catalog.csv, accessed 2026-09-08)","TOI 696.01, 696.02, 696.03"
77202722,planet,"TESS FOP Working Group disposition 'KP' via NASA Exoplanet Archive TESS FOP WG catalog snapshot (benchmarks/toi_catalog.csv, accessed 2026-09-08)",TOI 7479.01
78055054,planet,"TESS FOP Working Group disposition 'KP' via NASA Exoplanet Archive TESS FOP WG catalog snapshot (benchmarks/toi_catalog.csv, accessed 2026-09-08)",TOI 434.01
79748331,planet,"TESS FOP Working Group disposition 'CP' via NASA Exoplanet Archive TESS FOP WG catalog snapshot (benchmarks/toi_catalog.csv, accessed 2026-09-08)","TOI 1064.01, 1064.02"
81247740,planet,"TESS FOP Working Group disposition 'CP' via NASA Exoplanet Archive TESS FOP WG catalog snapshot (benchmarks/toi_catalog.csv, accessed 2026-09-08)",TOI 1855.01
82308728,planet,"TESS FOP Working Group disposition 'KP' via NASA Exoplanet Archive TESS FOP WG catalog snapshot (benchmarks/toi_catalog.csv, accessed 2026-09-08)",TOI 1821.01
8260536,planet,"TESS FOP Working Group disposition 'CP' via NASA Exoplanet Archive TESS FOP WG catalog snapshot (benchmarks/toi_catalog.csv, accessed 2026-09-08)","TOI 5398.01, 5398.02"
83092282,planet,"TESS FOP Working Group disposition 'CP' via NASA Exoplanet Archive TESS FOP WG catalog snapshot (benchmarks/toi_catalog.csv, accessed 2026-09-08)",TOI 622.01
83181153,planet,"TESS FOP Working Group disposition 'KP' via NASA Exoplanet Archive TESS FOP WG catalog snapshot (benchmarks/toi_catalog.csv, accessed 2026-09-08)",TOI 6984.01
83275782,planet,"TESS FOP Working Group disposition 'CP' via NASA Exoplanet Archive TESS FOP WG catalog snapshot (benchmarks/toi_catalog.csv, accessed 2026-09-08)",TOI 5467.01
8348911,planet,"TESS FOP Working Group disposition 'CP' via NASA Exoplanet Archive TESS FOP WG catalog snapshot (benchmarks/toi_catalog.csv, accessed 2026-09-08)",TOI 2266.01
8400842,planet,"TESS FOP Working Group disposition 'KP' via NASA Exoplanet Archive TESS FOP WG catalog snapshot (benchmarks/toi_catalog.csv, accessed 2026-09-08)",TOI 1676.01
84339983,planet,"TESS FOP Working Group disposition 'KP' via NASA Exoplanet Archive TESS FOP WG catalog snapshot (benchmarks/toi_catalog.csv, accessed 2026-09-08)",TOI 4624.01
85293053,planet,"TESS FOP Working Group disposition 'CP' via NASA Exoplanet Archive TESS FOP WG catalog snapshot (benchmarks/toi_catalog.csv, accessed 2026-09-08)",TOI 1772.01
85593751,planet,"TESS FOP Working Group disposition 'KP' via NASA Exoplanet Archive TESS FOP WG catalog snapshot (benchmarks/toi_catalog.csv, accessed 2026-09-08)",TOI 4516.01
8599009,planet,"TESS FOP Working Group disposition 'CP' via NASA Exoplanet Archive TESS FOP WG catalog snapshot (benchmarks/toi_catalog.csv, accessed 2026-09-08)",TOI 4463.01
86263325,planet,"TESS FOP Working Group disposition 'CP' via NASA Exoplanet Archive TESS FOP WG catalog snapshot (benchmarks/toi_catalog.csv, accessed 2026-09-08)",TOI 3884.01
86396382,planet,"TESS FOP Working Group disposition 'KP' via NASA Exoplanet Archive TESS FOP WG catalog snapshot (benchmarks/toi_catalog.csv, accessed 2026-09-08)",TOI 1725.01
87216634,planet,"TESS FOP Working Group disposition 'CP' via NASA Exoplanet Archive TESS FOP WG catalog snapshot (benchmarks/toi_catalog.csv, accessed 2026-09-08)",TOI 5789.01
8767448,planet,"TESS FOP Working Group disposition 'KP' via NASA Exoplanet Archive TESS FOP WG catalog snapshot (benchmarks/toi_catalog.csv, accessed 2026-09-08)",TOI 1767.01
88902249,planet,"TESS FOP Working Group disposition 'CP' via NASA Exoplanet Archive TESS FOP WG catalog snapshot (benchmarks/toi_catalog.csv, accessed 2026-09-08)",TOI 2336.01
88992642,planet,"TESS FOP Working Group disposition 'CP' via NASA Exoplanet Archive TESS FOP WG catalog snapshot (benchmarks/toi_catalog.csv, accessed 2026-09-08)",TOI 2145.01
89020549,planet,"TESS FOP Working Group disposition 'CP' via NASA Exoplanet Archive TESS FOP WG catalog snapshot (benchmarks/toi_catalog.csv, accessed 2026-09-08)",TOI 132.01
8967242,planet,"TESS FOP Working Group disposition 'CP' via NASA Exoplanet Archive TESS FOP WG catalog snapshot (benchmarks/toi_catalog.csv, accessed 2026-09-08)",TOI 1799.01
9006668,planet,"TESS FOP Working Group disposition 'CP' via NASA Exoplanet Archive TESS FOP WG catalog snapshot (benchmarks/toi_catalog.csv, accessed 2026-09-08)",TOI 238.01
90850770,planet,"TESS FOP Working Group disposition 'CP' via NASA Exoplanet Archive TESS FOP WG catalog snapshot (benchmarks/toi_catalog.csv, accessed 2026-09-08)",TOI 2207.01
91051152,planet,"TESS FOP Working Group disposition 'KP' via NASA Exoplanet Archive TESS FOP WG catalog snapshot (benchmarks/toi_catalog.csv, accessed 2026-09-08)",TOI 5969.01
915110182,planet,"TESS FOP Working Group disposition 'KP' via NASA Exoplanet Archive TESS FOP WG catalog snapshot (benchmarks/toi_catalog.csv, accessed 2026-09-08)",TOI 6547.01
9155187,planet,"TESS FOP Working Group disposition 'KP' via NASA Exoplanet Archive TESS FOP WG catalog snapshot (benchmarks/toi_catalog.csv, accessed 2026-09-08)",TOI 5373.01
91555165,planet,"TESS FOP Working Group disposition 'CP' via NASA Exoplanet Archive TESS FOP WG catalog snapshot (benchmarks/toi_catalog.csv, accessed 2026-09-08)","TOI 2345.01, 2345.02"
91987762,planet,"TESS FOP Working Group disposition 'CP' via NASA Exoplanet Archive TESS FOP WG catalog snapshot (benchmarks/toi_catalog.csv, accessed 2026-09-08)",TOI 1898.01
92226327,planet,"TESS FOP Working Group disposition 'KP' via NASA Exoplanet Archive TESS FOP WG catalog snapshot (benchmarks/toi_catalog.csv, accessed 2026-09-08)","TOI 256.01, 256.02"
92352620,planet,"TESS FOP Working Group disposition 'KP' via NASA Exoplanet Archive TESS FOP WG catalog snapshot (benchmarks/toi_catalog.csv, accessed 2026-09-08)",TOI 107.01
92449173,planet,"TESS FOP Working Group disposition 'KP' via NASA Exoplanet Archive TESS FOP WG catalog snapshot (benchmarks/toi_catalog.csv, accessed 2026-09-08)",TOI 6719.01
9348006,planet,"TESS FOP Working Group disposition 'CP' via NASA Exoplanet Archive TESS FOP WG catalog snapshot (benchmarks/toi_catalog.csv, accessed 2026-09-08)",TOI 1775.01
9385460,planet,"TESS FOP Working Group disposition 'KP' via NASA Exoplanet Archive TESS FOP WG catalog snapshot (benchmarks/toi_catalog.csv, accessed 2026-09-08)",TOI 6546.01
9443323,planet,"TESS FOP Working Group disposition 'KP' via NASA Exoplanet Archive TESS FOP WG catalog snapshot (benchmarks/toi_catalog.csv, accessed 2026-09-08)",TOI 6052.01
94986319,planet,"TESS FOP Working Group disposition 'CP' via NASA Exoplanet Archive TESS FOP WG catalog snapshot (benchmarks/toi_catalog.csv, accessed 2026-09-08)","TOI 421.01, 421.02"
95057860,planet,"TESS FOP Working Group disposition 'CP' via NASA Exoplanet Archive TESS FOP WG catalog snapshot (benchmarks/toi_catalog.csv, accessed 2026-09-08)",TOI 4201.01
951438622,planet,"TESS FOP Working Group disposition 'KP' via NASA Exoplanet Archive TESS FOP WG catalog snapshot (benchmarks/toi_catalog.csv, accessed 2026-09-08)",TOI 7852.01
95660472,planet,"TESS FOP Working Group disposition 'CP' via NASA Exoplanet Archive TESS FOP WG catalog snapshot (benchmarks/toi_catalog.csv, accessed 2026-09-08)",TOI 3819.01
96847781,planet,"TESS FOP Working Group disposition 'KP' via NASA Exoplanet Archive TESS FOP WG catalog snapshot (benchmarks/toi_catalog.csv, accessed 2026-09-08)",TOI 7496.01
9725627,planet,"TESS FOP Working Group disposition 'KP' via NASA Exoplanet Archive TESS FOP WG catalog snapshot (benchmarks/toi_catalog.csv, accessed 2026-09-08)",TOI 239.01
97409519,planet,"TESS FOP Working Group disposition 'KP' via NASA Exoplanet Archive TESS FOP WG catalog snapshot (benchmarks/toi_catalog.csv, accessed 2026-09-08)",TOI 113.01
97568467,planet,"TESS FOP Working Group disposition 'CP' via NASA Exoplanet Archive TESS FOP WG catalog snapshot (benchmarks/toi_catalog.csv, accessed 2026-09-08)",TOI 2497.01
97735908,planet,"TESS FOP Working Group disposition 'KP' via NASA Exoplanet Archive TESS FOP WG catalog snapshot (benchmarks/toi_catalog.csv, accessed 2026-09-08)",TOI 4612.01
97766057,planet,"TESS FOP Working Group disposition 'CP' via NASA Exoplanet Archive TESS FOP WG catalog snapshot (benchmarks/toi_catalog.csv, accessed 2026-09-08)",TOI 4379.01
97921547,planet,"TESS FOP Working Group disposition 'CP' via NASA Exoplanet Archive TESS FOP WG catalog snapshot (benchmarks/toi_catalog.csv, accessed 2026-09-08)",TOI 6442.01
98283926,planet,"TESS FOP Working Group disposition 'KP' via NASA Exoplanet Archive TESS FOP WG catalog snapshot (benchmarks/toi_catalog.csv, accessed 2026-09-08)",TOI 1915.01
98545929,planet,"TESS FOP Working Group disposition 'KP' via NASA Exoplanet Archive TESS FOP WG catalog snapshot (benchmarks/toi_catalog.csv, accessed 2026-09-08)",TOI 1916.01
98669309,planet,"TESS FOP Working Group disposition 'KP' via NASA Exoplanet Archive TESS FOP WG catalog snapshot (benchmarks/toi_catalog.csv, accessed 2026-09-08)",TOI 5173.01
98796344,planet,"TESS FOP Working Group disposition 'CP' via NASA Exoplanet Archive TESS FOP WG catalog snapshot (benchmarks/toi_catalog.csv, accessed 2026-09-08)",TOI 455.01
99224131,planet,"TESS FOP Working Group disposition 'KP' via NASA Exoplanet Archive TESS FOP WG catalog snapshot (benchmarks/toi_catalog.csv, accessed 2026-09-08)",TOI 4486.01
99834717,planet,"TESS FOP Working Group disposition 'KP' via NASA Exoplanet Archive TESS FOP WG catalog snapshot (benchmarks/toi_catalog.csv, accessed 2026-09-08)",TOI 1780.01
99869022,planet,"TESS FOP Working Group disposition 'CP' via NASA Exoplanet Archive TESS FOP WG catalog snapshot (benchmarks/toi_catalog.csv, accessed 2026-09-08)",TOI 1199.01
9989136,planet,"TESS FOP Working Group disposition 'CP' via NASA Exoplanet Archive TESS FOP WG catalog snapshot (benchmarks/toi_catalog.csv, accessed 2026-09-08)",TOI 5734.01
