tid,source_id,sector,sector_count,sector_list,pool_priority_score,verified_priority_score,st_tmag,st_teff,st_rad,ra,dec
373236404,TIC 373236404,18,11,"18,19,24,25,52,58,59,78,79,85,86",24.39143333333333,112.39143333333334,8.4334,5467.0,0.99833,2.19309440124477,73.0185418532785
468255882,TIC 468255882,19,10,"19,25,26,53,58,59,73,78,79,85",31.15525333333333,111.15525333333332,7.8916,5185.0,0.773668,4.21881887414485,81.6636346885349
373062137,TIC 373062137,18,10,"18,19,24,25,58,59,78,79,85,86",13.63609,93.63609,10.4682,5876.0,0.919111,0.438759432731815,74.4120817577702
461408984,TIC 461408984,17,6,"17,18,24,25,52,58",37.49276333333333,85.49276333333333,9.4702,3835.0,0.633477,3.29810861538546,70.397958115024
461585810,TIC 461585810,18,8,"18,20,25,26,40,47,52,53",19.263186666666662,83.26318666666667,10.1755,5433.0,0.842648,1.15589646367885,86.9517517692107
461593015,TIC 461593015,19,8,"19,20,25,26,40,47,52,53",16.882553333333334,80.88255333333333,10.5916,5581.0,0.790938,5.48103389800879,88.3997046259919
407430919,TIC 407430919,18,6,"18,19,24,25,58,59",29.19571333333333,77.19571333333333,9.4243,4705.0,0.756542,5.92196415413379,75.0544784714333
347304330,TIC 347304330,57,6,"57,58,77,78,84,85",24.92213333333333,72.92213333333333,7.6466,5810.62,0.97363,1.42362806353121,58.3132590674968
428737024,TIC 428737024,18,6,"18,19,24,25,58,59",23.536906666666663,71.53690666666667,10.0074,5082.0,0.775016,7.69546086294263,74.4342487825557
326682209,TIC 326682209,57,6,"57,58,77,78,84,85",23.39043333333333,71.39043333333333,7.2731,5965.0,1.14755,1.9670231497224,55.5770423444705
373149896,TIC 373149896,18,7,"18,19,24,25,58,59,78",15.36871333333333,71.36871333333333,9.45738,5968.0,1.07351,1.63292994832165,74.5560191786639
369730972,TIC 369730972,57,6,"57,58,77,78,84,85",23.256116666666664,71.25611666666666,7.9301,5686.83,1.12999,3.73585148460554,58.7821288252751
439949948,TIC 439949948,17,3,"17,57,84",44.979,68.979,7.4218,3947.0,0.61088,1.42084507877455,45.8103759730057
468258403,TIC 468258403,18,7,"18,19,24,25,26,52,53",12.822879999999998,68.82288,9.71488,6134.0,1.08676,5.00842788855468,79.9956206682926
461579208,TIC 461579208,18,7,"18,20,25,26,40,52,53",12.010219999999997,68.01022,9.85852,6032.0,1.19557,1.63580081404644,85.6534026361592
352179145,TIC 352179145,17,3,"17,57,84",42.88934666666667,66.88934666666667,7.543,4017.0,0.713032,4.27655780322779,40.9482969968157
388605264,TIC 388605264,18,6,"18,19,24,25,26,52",17.656473333333327,65.65647333333332,8.88479,5854.0,1.16877,1.46362902903773,78.738514728122
407459603,TIC 407459603,18,6,"18,19,24,25,58,59",17.294673333333336,65.29467333333334,9.36144,5830.0,1.03429,6.168560407167,75.4725883787243
388633928,TIC 388633928,18,6,"18,19,25,26,58,59",17.165799999999997,65.16579999999999,9.753,5621.0,1.06472,1.41797746297763,82.3542190930667
407393440,TIC 407393440,18,4,"18,19,24,25",32.77931333333333,64.77931333333333,10.4128,4009.0,0.582782,5.02195853251869,76.1291151140325
468282175,TIC 468282175,18,6,"18,19,25,26,52,53",15.763119999999995,63.76312,9.58783,5996.0,0.958556,6.27281947964123,80.6444916132474
403021108,TIC 403021108,42,4,"42,43,70,83",31.66985333333333,63.669853333333336,7.7018,5085.07,0.881403,0.589762128297672,11.0062375107934
461342461,TIC 461342461,24,4,"24,58,78,85",30.819916666666668,62.81991666666667,7.8295,5148.0,0.862875,2.23848988757622,66.4566594154952
388637626,TIC 388637626,18,6,"18,19,25,26,52,53",14.69719333333333,62.69719333333333,10.396,5830.0,0.880214,2.04479520537834,82.8659803885828
327000122,TIC 327000122,17,3,"17,18,24",38.15329666666666,62.15329666666666,8.2634,4284.39,0.675652,2.8381104228954,58.3499139335102
407423779,TIC 407423779,18,4,"18,19,24,25",29.72513,61.72513,9.2495,4736.0,0.747687,5.46949963737239,74.139187108774
238432056,TIC 238432056,17,3,"17,57,84",37.44033,61.44033,5.3971,5489.0,0.889627,1.6532670438182,29.0215028909291
461591456,TIC 461591456,18,5,"18,19,20,25,26",21.325360000000003,61.32536,10.8692,4934.0,0.774784,5.29240823488495,84.1361331979146
331928059,TIC 331928059,52,5,"52,58,78,85,86",21.127536666666664,61.12753666666666,10.2394,5253.0,0.780653,6.33771028371187,69.8809775437071
468258381,TIC 468258381,18,5,"18,19,24,25,26",20.04533333333333,60.04533333333333,9.7799,5299.0,1.03434,4.94911295996677,79.9713267971556
461590771,TIC 461590771,18,4,"18,20,25,26",27.91070333333333,59.91070333333333,10.3933,4524.37,0.647968,5.07234973713949,86.3414209129815
437739969,TIC 437739969,17,3,"17,57,84",35.40754,59.40754,7.7785,4766.0,0.742846,3.01676554162231,27.0989540581755
373150657,TIC 373150657,18,4,"18,19,24,25",27.043506666666666,59.043506666666666,9.2822,4986.0,0.794436,1.64648644844857,73.9393644539257
437752575,TIC 437752575,17,3,"17,57,84",34.95797333333333,58.95797333333333,8.5091,4621.0,0.616396,5.31669925913577,25.5242567177136
57916666,TIC 57916666,17,3,"17,57,84",34.49383,58.49383,7.8927,4796.0,0.763537,4.5870400674696,30.9561465371252
407120936,TIC 407120936,24,3,"24,25,52",34.46686,58.46686,10.1332,3893.0,0.622534,5.91276920585682,71.3832381468499
388583017,TIC 388583017,18,4,"18,19,24,26",26.45684333333333,58.45684333333333,10.2463,4741.33,0.671354,0.068221465327439,79.4122481445533
320049266,TIC 320049266,17,3,"17,18,24",33.02997,57.02997,10.1497,3977.0,0.689623,7.35480708677267,57.485819066098
405305758,TIC 405305758,42,4,"42,43,70,83",25.00303,57.00303,8.0181,5804.0,0.822457,2.90605232770779,10.3283329534482
468269135,TIC 468269135,18,5,"18,19,24,25,52",16.9234,56.9234,9.245,5897.0,1.06216,5.67746788075694,78.0035392204386
468266262,TIC 468266262,18,5,"18,19,24,25,26",16.630823333333336,56.63082333333334,10.7548,5461.0,0.850831,5.52092418450681,78.6764844546024
274805229,TIC 274805229,18,4,"18,19,24,25",24.57887333333333,56.57887333333333,10.4291,4708.0,0.813806,7.81609266008073,73.7586716294639
468264605,TIC 468264605,18,4,"18,19,25,26",24.48059333333333,56.48059333333333,10.7235,4693.0,0.718374,4.88076293715739,81.3698971924304
407315823,TIC 407315823,58,4,"58,78,85,86",24.141800000000003,56.1418,6.8623,6104.36,1.1206,7.8037965752039,69.7852590503172
117956546,TIC 117956546,57,2,"57,84",40.12167,56.12167,5.043,5365.25,0.866258,0.543088080825098,27.0817991094254
347299560,TIC 347299560,24,3,"24,57,58",32.077106666666666,56.077106666666666,8.1797,4878.0,0.822076,1.46007362197156,56.5002243832995
407516437,TIC 407516437,18,5,"18,19,24,25,52",15.916513333333334,55.91651333333333,9.41063,5941.0,1.05993,2.98948746697193,78.0151113664479
365963199,TIC 365963199,17,3,"17,57,84",31.886733333333336,55.88673333333334,7.8774,4705.0,1.1062,4.04828325619788,30.5325787133942
194528489,TIC 194528489,17,3,"17,57,84",30.65317,54.65317,10.1609,4245.38,0.699173,4.89418537692418,40.3016599966558
194531699,TIC 194531699,17,3,"17,57,84",30.49406333333333,54.49406333333333,6.3896,5824.93,0.907312,5.00169958105019,38.2273974925528
306119022,TIC 306119022,17,3,"17,57,84",29.645776666666663,53.64577666666666,9.4235,4602.0,0.797689,4.29365563595752,29.5310895300748
22527304,TIC 22527304,17,3,"17,57,84",29.55083,53.55083,7.2538,5489.0,0.935897,2.8434890528423,30.4495762013421
201503102,TIC 201503102,17,3,"17,57,84",29.53296,53.53296,10.0684,4409.0,0.711844,0.652005603512046,51.9452319299075
468869378,TIC 468869378,42,2,"42,43",36.13275,52.13275,9.81829,3803.0,0.656909,2.76922655446015,5.20897286095037
373150643,TIC 373150643,18,4,"18,19,24,25",19.49956333333333,51.49956333333333,10.516,5395.0,0.714477,1.69810300354861,73.9485272605218
320043679,TIC 320043679,57,4,"57,58,84,85",19.4676,51.4676,7.8562,6155.0,1.14826,7.36912801623663,55.3640525162518
373278642,TIC 373278642,18,4,"18,19,24,25",19.12764666666667,51.12764666666667,10.9051,5163.0,0.789362,1.9943579653179,77.8378643329784
403308552,TIC 403308552,17,2,"17,24",34.35047,50.35047,10.407,3821.0,0.584653,5.26792315932858,55.7331274246793
238305920,TIC 238305920,17,3,"17,57,84",26.143416666666663,50.14341666666667,6.9797,5755.17,1.16447,5.75087101720783,22.3750007670646
405187645,TIC 405187645,42,3,"42,43,70",26.127566666666667,50.12756666666667,7.019,5895.0,1.03381,2.10727337408121,6.61680227296907
388633951,TIC 388633951,18,4,"18,19,25,26",18.008689999999998,50.00869,10.5082,5435.0,0.833351,1.05603091986849,82.4096590573662
58732360,TIC 58732360,42,2,"42,43",33.636430000000004,49.63643,9.4103,4088.0,0.832237,3.28835044918008,5.59527917955405
408515120,TIC 408515120,42,2,"42,43",33.32348,49.32348,9.7825,4028.0,0.764652,5.60499161977342,6.66755016228725
258866681,TIC 258866681,57,2,"57,84",32.72462,48.72462,7.118,5303.36,0.827538,1.2346731283706,23.2696286989997
336765302,TIC 336765302,42,3,"42,43,57",24.616726666666665,48.616726666666665,9.2658,5280.0,0.798674,7.14864139338762,14.1646384531845
83940523,TIC 83940523,17,3,"17,57,84",24.57001333333333,48.570013333333335,7.8954,5704.0,0.998172,0.0169976360306548,34.1885450373917
365961623,TIC 365961623,17,2,"17,57",32.35039,48.35039,9.8191,4079.0,0.804821,3.74607087859692,33.2615253697497
357370384,TIC 357370384,57,1,57,40.16079333333333,48.16079333333333,9.05277,3805.0,0.558646,2.11366444469788,17.4242931801397
405226902,TIC 405226902,42,2,"42,43",31.967893333333333,47.967893333333336,10.193,4114.0,0.664344,4.34774800075438,11.4225363495895
373144098,TIC 373144098,18,4,"18,19,24,25",15.862839999999997,47.86283999999999,9.77818,5906.0,0.947444,1.0821669236096,74.8438807511683
388604517,TIC 388604517,18,3,"18,25,26",23.665803333333336,47.665803333333336,10.7118,4720.0,0.782033,0.610530364787658,83.8284301012586
440672051,TIC 440672051,17,3,"17,57,84",23.64193333333333,47.64193333333333,8.6352,5335.0,1.10256,7.96906185716867,25.7041728152272
388634757,TIC 388634757,18,4,"18,19,24,25",15.602756666666668,47.60275666666666,10.8631,5583.0,0.808651,1.91118927286133,78.2026599914885
257305725,TIC 257305725,42,2,"42,43",31.44838,47.44838,10.9568,3902.0,0.587442,7.70600831079852,5.22885444186566
406767163,TIC 406767163,17,2,"17,24",31.44130333333333,47.44130333333333,10.6736,3967.0,0.647263,4.95559902170607,54.6970963384594
405189795,TIC 405189795,42,2,"42,43",31.39278,47.39278,9.7052,4298.0,0.763642,3.62297353594702,7.80675752693826
44453366,TIC 44453366,17,2,"17,57",31.35658,47.35658,9.5974,4454.0,0.680382,6.74554997193064,30.7829094850517
194459612,TIC 194459612,17,2,"17,57",30.98285333333333,46.98285333333334,8.5916,4837.0,0.800908,4.18775993835299,41.0691634675609
373513128,TIC 373513128,18,4,"18,19,24,25",14.734886666666664,46.73488666666667,10.7911,5742.0,0.791738,4.72079667508063,75.0882038074985
336766231,TIC 336766231,42,3,"42,43,57",22.479803333333333,46.47980333333334,10.6875,4951.0,0.717853,7.26337501267509,13.4728131571192
439946042,TIC 439946042,17,3,"17,57,84",22.39116666666667,46.39116666666667,9.0362,5586.0,0.85807,1.23907192012504,45.6748067955156
439996850,TIC 439996850,17,3,"17,57,84",22.063433333333336,46.063433333333336,8.0659,5728.0,1.16063,2.28277813423353,45.5243811318902
150905990,TIC 150905990,57,1,57,37.744076666666665,45.744076666666665,9.45048,3885.0,0.574567,4.49649764396099,20.9568032830665
405210193,TIC 405210193,42,2,"42,43",29.478963333333336,45.47896333333334,10.7045,3952.0,0.843637,4.09739052904822,6.34053854068936
303206437,TIC 303206437,57,1,57,37.28302,45.28302,9.56705,3875.0,0.582378,5.23830473811511,17.6377723845256
293342645,TIC 293342645,42,2,"42,43",29.020093333333328,45.02009333333333,9.4222,4611.01,0.853269,4.71328911064046,1.06296851921029
373279538,TIC 373279538,18,4,"18,19,24,25",13.01885333333333,45.01885333333333,10.118,6082.0,0.949248,2.3659503763639,76.8961047111167
415779282,TIC 415779282,17,2,"17,57",28.96913333333333,44.96913333333333,10.6693,4153.0,0.7412,5.64074031410506,36.6863108859878
51988338,TIC 51988338,42,3,"42,43,70",20.83966666666667,44.83966666666667,8.513,5760.0,1.0775,3.66369657070045,12.2363734022815
257292435,TIC 257292435,42,2,"42,43",28.801996666666664,44.80199666666667,10.4983,4047.0,0.914647,7.29871153266786,3.0760333797613
201778444,TIC 201778444,57,3,"57,84,85",20.79133666666667,44.791336666666666,9.5194,5460.0,0.929773,2.21948306641324,53.2132477084754
427332476,TIC 427332476,42,2,"42,43",28.710599999999992,44.71059999999999,9.057,4953.02,0.74529,5.82552579542295,0.163707915494752
303205354,TIC 303205354,42,3,"42,43,57",20.525416666666665,44.525416666666665,10.7652,5064.0,0.788045,5.2744044871592,15.2653745789561
373456697,TIC 373456697,18,4,"18,19,24,25",12.514263333333329,44.51426333333333,10.0995,6109.0,0.984607,3.92560172541669,74.2719026310122
293361880,TIC 293361880,42,2,"42,43",28.37653333333333,44.37653333333333,9.7332,4742.77,0.683425,5.25716570624603,1.00271383893176
293360863,TIC 293360863,42,2,"42,43",28.370156666666663,44.37015666666667,10.2616,4409.04,0.750811,5.20405038130196,3.48279183127452
405230222,TIC 405230222,42,1,42,36.24303,44.24303,9.52313,3929.0,0.658945,0.303589252841202,13.972117270657
357395017,TIC 357395017,42,3,"42,43,70",19.97363333333333,43.97363333333333,7.9473,6092.62,1.1132,2.66303417450998,12.8202312498444
150816111,TIC 150816111,57,1,57,35.950873333333334,43.95087333333333,10.0719,3877.0,0.511986,3.13963484024442,21.7134413515699
38380363,TIC 38380363,42,2,"42,43",27.856966666666665,43.856966666666665,8.9939,4959.0,0.85091,3.18741873238827,4.97529891637236
352179802,TIC 352179802,17,3,"17,57,84",19.7116,43.7116,7.9383,6149.0,1.09602,4.23732127556483,39.7992277311617
440064545,TIC 440064545,17,3,"17,57,84",19.6807,43.6807,7.8739,6125.0,1.14487,3.8320886355144,46.8993395083652
57962744,TIC 57962744,17,2,"17,57",27.661463333333334,43.66146333333333,9.2486,4954.0,0.772747,4.97859031896172,34.6023995063541
466442109,TIC 466442109,42,2,"42,43",27.55589,43.555890000000005,10.274,4526.0,0.729811,7.04666642850059,8.16964324837795
44560052,TIC 44560052,57,1,57,35.176093333333334,43.17609333333333,9.91804,3916.0,0.618508,7.83372754586124,33.6270279898583
201505695,TIC 201505695,57,3,"57,84,85",19.13753333333333,43.13753333333333,10.4695,5323.0,0.82928,0.549472704378781,53.5546805212172
283858887,TIC 283858887,57,2,"57,84",26.907,42.907,7.1561,5678.0,1.08186,2.31559470224516,25.2820162101945
405291867,TIC 405291867,42,2,"42,43",26.904443333333333,42.90444333333333,9.2976,4984.0,0.803849,1.25516110373054,8.11610202989373
466437830,TIC 466437830,42,2,"42,43",26.619526666666665,42.619526666666665,8.5146,5253.0,0.921374,6.47001744148611,6.53100035383857
83955820,TIC 83955820,17,1,17,34.552533333333336,42.552533333333336,9.809,3994.0,0.65948,0.349835679443017,34.2818474680541
257203315,TIC 257203315,42,2,"42,43",26.08316333333333,42.08316333333333,9.8238,4954.0,0.700497,6.92211205722539,4.84068478027447
456502768,TIC 456502768,83,1,83,34.073233333333334,42.07323333333333,7.9084,4789.0,0.80515,0.200434560214525,16.9881135770791
258868211,TIC 258868211,57,2,"57,84",26.0388,42.0388,6.9076,5939.9,1.04983,1.47811972599347,18.2350074122051
411530077,TIC 411530077,17,1,17,34.00007,42.00007,8.6291,4556.24,0.718153,6.58902389022084,23.8994854307569
414782563,TIC 414782563,42,2,"42,43",25.93184,41.93184,10.7653,4490.0,0.725696,7.88652746390451,16.8487813045369
406770227,TIC 406770227,17,1,17,33.84535666666666,41.84535666666666,10.0213,3963.0,0.671111,5.81243823506764,54.7520269632304
354532520,TIC 354532520,17,2,"17,57",25.42650666666667,41.42650666666667,8.8917,5387.58,0.777686,1.75274831724477,32.8700967936002
194140684,TIC 194140684,17,2,"17,57",25.17887,41.17887,9.4677,5069.0,0.837533,0.752035896115703,41.1831743541329
194529345,TIC 194529345,17,2,"17,57",25.13417666666667,41.13417666666667,9.4946,5051.19,0.846084,4.8814384233078,41.6191214023454
401427741,TIC 401427741,42,2,"42,43",25.013569999999994,41.01357,9.2535,5192.0,0.837243,5.31280939431168,7.28836007970973
150970759,TIC 150970759,57,1,57,32.97719333333333,40.97719333333333,10.7534,3853.0,0.556754,5.38270308135094,19.5736418718855
461577810,TIC 461577810,40,3,"40,52,53",16.95343333333333,40.95343333333333,9.05235,5854.0,1.17205,0.242205676102423,86.6721608589394
418755917,TIC 418755917,42,2,"42,43",24.888236666666668,40.88823666666667,10.9231,4545.09,0.721028,1.8951897938539,7.13493051504014
150902992,TIC 150902992,57,1,57,32.83735333333333,40.83735333333333,10.2502,3902.32,0.730918,4.32380993614973,19.5863470495376
303240616,TIC 303240616,42,2,"42,43",24.775916666666664,40.77591666666666,9.9928,4941.0,0.774455,5.5710416974936,13.0920955553089
440056119,TIC 440056119,17,1,17,32.77320666666667,40.77320666666667,10.837,3819.0,0.572046,3.67536681689479,46.5684731792872
403024431,TIC 403024431,42,2,"42,43",24.76836666666667,40.768366666666665,10.8714,4329.0,0.93377,1.63074225004279,6.75613503501201
293405740,TIC 293405740,42,2,"42,43",24.67526,40.67526,10.1389,4895.0,0.764414,5.63643645629712,1.96142344128993
437745749,TIC 437745749,17,1,17,32.58408,40.58408,10.8678,3866.0,0.539472,3.52526128267241,27.8429613097959
52005222,TIC 52005222,42,2,"42,43",24.461516666666668,40.46151666666667,10.7151,4647.0,0.761975,3.93621990474664,12.1414725176125
427328143,TIC 427328143,42,1,42,32.30513666666666,40.30513666666666,10.1615,3962.79,0.769228,2.34426625903734,3.83781683046186
58764257,TIC 58764257,42,3,"42,43,57",16.216806666666667,40.21680666666667,10.952,5238.0,0.999186,6.1236071441467,15.8492771611676
405212176,TIC 405212176,42,2,"42,43",24.07547333333334,40.075473333333335,10.2252,4855.0,0.823206,4.21892502864591,8.17723615477522
57988234,TIC 57988234,17,3,"17,57,84",16.035966666666663,40.03596666666667,8.5707,6192.0,1.17479,5.23409481838358,30.0467421502279
115478923,TIC 115478923,17,1,17,31.96091,39.96091,9.2648,4439.0,0.765489,7.21364085773798,37.3521202863614
259191180,TIC 259191180,17,1,17,31.91207,39.91207,10.8636,3881.0,0.595853,0.371548964844995,47.4146588550438
51942109,TIC 51942109,57,1,57,31.89083666666667,39.89083666666667,10.2701,4125.0,0.632043,3.33957827744598,15.89408811895
440178619,TIC 440178619,17,1,17,31.87296,39.87295999999999,8.6003,4661.0,0.855084,6.26779082229448,45.688674410151
202601061,TIC 202601061,17,3,"17,57,58",15.801596666666669,39.80159666666667,10.5215,5610.0,0.902907,7.39938142134844,52.5687296642264
258868172,TIC 258868172,57,1,57,31.740146666666668,39.74014666666667,8.5839,4851.0,0.716592,1.48187498179516,18.0752255729408
466442843,TIC 466442843,42,2,"42,43",23.647366666666667,39.64736666666667,8.0977,5703.0,1.01035,7.07918733311735,7.67328325123239
440045557,TIC 440045557,17,3,"17,57,84",15.445173333333331,39.44517333333333,9.80214,5718.04,1.13626,3.36292773402439,46.3841880480969
303241161,TIC 303241161,57,1,57,31.38174,39.38173999999999,10.3152,4118.0,0.670746,5.54508110059183,15.5472732364306
395320272,TIC 395320272,42,2,"42,43",23.363816666666665,39.363816666666665,8.0095,5762.97,1.02401,1.08959313290817,12.957295010236
194530566,TIC 194530566,17,1,17,31.317609999999995,39.31761,9.2346,4532.54,0.763949,4.98393360589513,40.2711369969892
397586524,TIC 397586524,42,2,"42,43",23.254929999999995,39.25493,10.7741,4781.0,0.747367,2.74422015881496,8.33785545925126
437749972,TIC 437749972,17,1,17,31.20881,39.20881,9.8923,4307.0,0.699699,3.82171413956875,29.219832070111
461356882,TIC 461356882,24,1,24,31.075756666666663,39.07575666666666,8.7903,4875.3,0.680221,2.51755795250858,67.4697289326608
257303702,TIC 257303702,43,1,43,31.003533333333333,39.00353333333334,10.7463,3982.0,0.64946,7.62194742018115,4.33903555952655
405187462,TIC 405187462,42,2,"42,43",22.98719,38.98719,10.3407,5018.0,0.750001,2.18456274248887,7.74100520923797
80531794,TIC 80531794,17,1,17,30.94484333333333,38.94484333333333,9.0558,4681.0,0.749029,6.66867966042593,30.1994563137545
150815724,TIC 150815724,57,2,"57,84",22.90001666666666,38.90001666666666,7.6116,5848.89,1.15795,3.11805857704406,20.2343478402623
194258999,TIC 194258999,17,1,17,30.877963333333334,38.87796333333333,10.8311,3994.0,0.618097,1.9224722233657,41.331893728179
440155387,TIC 440155387,17,1,17,30.86687333333333,38.86687333333333,9.9669,4231.0,0.767386,5.61436647927218,47.7857430091574
191080974,TIC 191080974,17,1,17,30.858566666666665,38.85856666666666,9.8301,4428.0,0.65877,7.67470231542111,47.5024277100564
405212578,TIC 405212578,42,2,"42,43",22.78139,38.78139,9.7643,5208.38,0.842491,4.23955818635155,6.55150372959915
411524787,TIC 411524787,17,2,"17,57",22.59209666666667,38.59209666666667,9.42,5415.36,0.826657,6.14118111874738,22.8854388738911
437734974,TIC 437734974,17,1,17,30.532279999999997,38.53227999999999,10.7039,4121.0,0.597712,2.16454618517012,29.1572214090355
418759634,TIC 418759634,42,2,"42,43",22.456756666666667,38.45675666666666,8.7705,5634.0,0.917791,2.46373507564702,8.45330303687204
118003683,TIC 118003683,57,1,57,30.4531,38.45309999999999,10.2894,4166.0,0.73393,0.618314302328961,25.953043689638
257304462,TIC 257304462,42,2,"42,43",22.423853333333334,38.42385333333333,10.8461,4822.0,0.767508,7.54192579954011,0.699942018138232
466441471,TIC 466441471,42,2,"42,43",22.402013333333336,38.402013333333336,10.9712,4759.0,0.772152,6.97396935365176,11.3328508940384
44523196,TIC 44523196,17,2,"17,57",22.292346666666667,38.29234666666667,9.7015,5322.0,0.821832,7.548978939713,30.2488785379043
293371131,TIC 293371131,42,2,"42,43",22.2014,38.2014,9.196,5315.0,1.03896,5.24987988225847,4.94518723944909
468348199,TIC 468348199,42,2,"42,43",22.174666666666667,38.17466666666667,8.6977,5502.0,1.08512,7.4182511647377,9.89447174658349
378534010,TIC 378534010,58,3,"58,78,85",14.049119999999998,38.04912,10.5906,5723.0,0.956348,0.280560051785,66.6777672720111
150972763,TIC 150972763,57,1,57,30.027916666666663,38.02791666666666,9.0737,4860.0,0.684395,5.52036755740774,21.3749448024746
401422819,TIC 401422819,42,2,"42,43",21.99733333333333,37.99733333333333,9.699,5131.0,1.0115,4.82821438075025,10.2295580026564
456502995,TIC 456502995,83,1,83,29.968413333333334,37.96841333333334,9.5573,4645.0,0.676072,0.152591044074922,17.9689100016862
201863561,TIC 201863561,17,1,17,29.92617666666667,37.92617666666667,10.0138,4314.0,0.773529,2.6834805332558,49.9567350921182
397586075,TIC 397586075,42,2,"42,43",21.81796333333333,37.81796333333334,10.4668,5107.0,0.742317,2.76169463827535,10.516025773709
22569262,TIC 22569262,17,1,17,29.77397000000001,37.773970000000006,10.4188,4238.0,0.690083,3.14431241540541,34.2670748715323
257305591,TIC 257305591,42,2,"42,43",21.76433333333333,37.764333333333326,8.5326,5710.0,1.01886,7.69094491246615,4.67530541263696
283859631,TIC 283859631,17,1,17,29.72599,37.72599,10.4597,4271.0,0.651021,2.26207138301094,27.6515934891432
201974651,TIC 201974651,17,1,17,29.72578,37.72578,9.4773,4706.0,0.681502,3.52356152747122,49.500934020117
150784941,TIC 150784941,57,2,"57,84",21.671393333333327,37.67139333333333,7.705,6141.55,0.999569,2.85178364811738,23.8182245923685
115545320,TIC 115545320,17,2,"17,57",21.63044,37.63044,10.7201,5011.37,0.739441,7.75869090920224,39.6760922212336
439958588,TIC 439958588,17,1,17,29.58781,37.58781,10.3285,4207.64,0.770119,1.7321937026181,47.0374817606571
150908292,TIC 150908292,17,1,17,29.549706666666665,37.549706666666665,10.7644,4110.0,0.680936,4.68810765444983,23.5989522105693
293258061,TIC 293258061,42,1,42,29.51036,37.51036,10.3561,4219.91,0.756599,1.91818874188394,2.56436756854534
405187209,TIC 405187209,42,2,"42,43",21.48551,37.48551,9.86721,5147.0,0.982065,2.17689508604109,9.24993570784548
419246853,TIC 419246853,78,1,78,29.40011,37.40011,10.4294,4307.0,0.665729,6.70294556593792,60.8754283296683
83958869,TIC 83958869,17,1,17,29.391573333333334,37.39157333333333,9.5754,4643.32,0.727916,0.446398829079091,31.8521146244177
257488638,TIC 257488638,70,1,70,29.32416000000001,37.324160000000006,10.5459,4126.61,0.777049,0.452040669074563,4.90950203515992
177707467,TIC 177707467,17,1,17,29.313583333333337,37.31358333333334,10.0956,4365.82,0.758885,0.246419528694974,47.6150277260319
257322198,TIC 257322198,42,2,"42,43",21.26727333333333,37.26727333333333,10.2232,5209.0,0.809826,7.90656596051603,0.613967974202425
201926252,TIC 201926252,57,1,57,29.251626666666667,37.25162666666667,9.3041,4752.0,0.759864,3.15968579187967,48.8131750097108
115482450,TIC 115482450,17,1,17,29.24383,37.24383,9.9459,4502.0,0.712257,7.42610175589025,38.7128802103988
440657189,TIC 440657189,17,2,"17,57",21.224063333333337,37.22406333333333,10.3769,5041.3,0.892417,6.86495158445553,26.8369400186141
411527645,TIC 411527645,17,2,"17,57",21.177016666666663,37.17701666666666,9.958,5361.3,0.798015,6.39991499214664,22.926155864446
293305075,TIC 293305075,42,2,"42,43",20.98615,36.98615,8.3299,5944.91,0.982,4.47774599970791,0.377824872301001
257247422,TIC 257247422,42,2,"42,43",20.95621666666667,36.95621666666667,10.9401,4977.0,0.747505,6.90630115620072,2.70755903866708
439999494,TIC 439999494,17,1,17,28.912396666666663,36.912396666666666,10.4936,4344.0,0.657987,2.2856812936412,42.1642412864446
401423949,TIC 401423949,42,2,"42,43",20.89001,36.89001,10.6071,5253.44,0.656959,4.93593151446773,8.21606920393657
293360401,TIC 293360401,42,2,"42,43",20.83821,36.83821,10.3337,5174.0,0.837699,5.21279069678823,5.54903483033122
405191414,TIC 405191414,42,2,"42,43",20.78469333333333,36.78469333333333,10.8214,5056.0,0.746304,3.81943425687369,11.8033684506029
408230206,TIC 408230206,42,2,"42,43",20.77733666666667,36.77733666666667,9.5445,5472.0,0.911133,7.42650180389744,12.934271202406
194387851,TIC 194387851,17,1,17,28.774276666666665,36.774276666666665,9.4053,4516.17,0.963644,3.38963597799177,41.5138352519344
401422478,TIC 401422478,42,2,"42,43",20.726,36.726,10.285,5275.22,0.78405,4.7911334704173,8.45058934469862
58018570,TIC 58018570,17,2,"17,57",20.720006666666663,36.72000666666666,9.98834,5395.65,0.802955,5.59317050955633,33.3527063262088
58028911,TIC 58028911,17,2,"17,57",20.70069,36.70069,9.2664,5558.36,0.958071,5.62028222626249,34.4464924420662
395320482,TIC 395320482,42,2,"42,43",20.644103333333337,36.64410333333333,9.3798,5645.32,0.845903,1.0764803892167,12.0512454675442
293282151,TIC 293282151,42,2,"42,43",20.565459999999995,36.56546,9.74051,5270.0,1.02225,4.02547904283196,5.22556742280713
418755864,TIC 418755864,42,2,"42,43",20.385986666666664,36.38598666666667,10.3801,5319.0,0.743528,1.87247366013804,7.35842755478163
293361638,TIC 293361638,42,2,"42,43",20.374023333333334,36.37402333333333,9.1143,5651.59,0.973886,5.12058506945434,0.124181880560539
401424336,TIC 401424336,42,2,"42,43",20.361336666666663,36.361336666666666,10.7706,5003.04,0.853093,4.96637452019756,6.28883482597971
440635126,TIC 440635126,17,1,17,28.34272,36.34272,10.9283,4172.0,0.684408,6.5408872097952,25.191089796138
440673162,TIC 440673162,17,1,17,28.33223,36.33223,10.1892,4466.0,0.736097,7.90883345097652,29.2245231179574
336691315,TIC 336691315,42,2,"42,43",20.29963333333333,36.29963333333333,9.1735,5575.0,1.02147,6.34060234584765,11.8736132188559
293361513,TIC 293361513,42,2,"42,43",20.286786666666664,36.28678666666666,10.1767,5388.0,0.777308,5.21285990117733,0.614436550692145
201866209,TIC 201866209,57,2,"57,84",20.27485,36.27485,7.9037,6073.61,1.11636,2.73361129876626,48.1104049401157
194382995,TIC 194382995,17,1,17,28.138946666666666,36.13894666666667,9.7699,4653.0,0.767312,3.26090424086701,39.3187856215682
257193333,TIC 257193333,42,2,"42,43",20.08978333333333,36.08978333333333,9.96014,5357.62,0.908949,6.43293784654844,2.3221079832876
238393072,TIC 238393072,57,2,"57,84",20.0062,36.0062,9.2174,5704.46,0.92537,1.22163794093,25.9229519566482
293405902,TIC 293405902,42,2,"42,43",19.997526666666666,35.997526666666666,9.711,5572.71,0.838589,5.6525368661899,1.14641799962381
437737143,TIC 437737143,17,2,"17,57",19.95412333333333,35.95412333333333,9.7175,5573.35,0.839796,2.86607545079393,29.8189679247844
303194523,TIC 303194523,57,1,57,27.908293333333333,35.90829333333333,10.6654,4295.47,0.730119,4.89213888703876,17.7974877259555
127420134,TIC 127420134,17,1,17,27.87033,35.87033,10.8175,4329.53,0.644692,5.71861640366464,39.4250458403167
52051614,TIC 52051614,42,2,"42,43",19.850280000000005,35.850280000000005,9.2892,5714.0,0.904292,4.30288673479389,13.1335984808334
194327926,TIC 194327926,17,2,"17,57",19.823260000000005,35.823260000000005,9.94428,5468.69,0.849387,2.41917450923024,38.0371592196248
117954205,TIC 117954205,57,1,57,27.784703333333333,35.78470333333333,10.2957,4762.69,0.501008,0.477859844801133,26.004049704538
191033722,TIC 191033722,17,1,17,27.76878,35.76877999999999,10.377,4511.0,0.679822,7.35735585694747,46.2957869562467
293359889,TIC 293359889,42,2,"42,43",19.70072333333333,35.70072333333333,10.5435,5224.0,0.825861,4.98856153853712,4.3165345428432
194438661,TIC 194438661,17,1,17,27.69655,35.69655,10.1823,4568.0,0.717425,3.9900908959438,40.3324117862674
51987617,TIC 51987617,42,2,"42,43",19.671416666666666,35.67141666666666,10.5852,5268.0,0.775445,3.55678167486559,14.5106003676522
401422464,TIC 401422464,42,2,"42,43",19.52325,35.52325,10.4603,5162.0,0.928555,4.85469865712918,8.36513295891119
117929446,TIC 117929446,57,1,57,27.491426666666666,35.49142666666666,8.8397,5148.0,0.791644,0.252424732418509,27.8863309497249
440170146,TIC 440170146,17,1,17,27.49004,35.49003999999999,8.9275,5126.0,0.774996,5.86723027769371,43.2545865396352
257193673,TIC 257193673,42,2,"42,43",19.435286666666663,35.43528666666667,10.3985,5346.0,0.808738,6.43703649977135,4.17001213505356
202590609,TIC 202590609,17,1,17,27.433119999999995,35.433119999999995,10.4364,4490.0,0.707128,7.20475561796377,48.160626112145
418759763,TIC 418759763,42,2,"42,43",19.37616333333333,35.37616333333334,8.9605,5890.0,0.936517,2.49773566839712,9.20016227062045
58101457,TIC 58101457,17,1,17,27.36272333333333,35.362723333333335,10.761,4281.67,0.757936,6.21349760035156,32.2339899591329
238304232,TIC 238304232,57,1,57,27.316016666666663,35.31601666666666,8.6255,5085.0,0.947365,1.09242607368729,19.2023043998311
301744056,TIC 301744056,57,1,57,27.30327333333333,35.30327333333333,8.422,5383.0,0.781706,1.37021009103257,22.2244948308075
405191093,TIC 405191093,42,2,"42,43",19.27161666666667,35.271616666666674,10.0869,5465.19,0.85042,3.68319420752688,10.4019524453541
403024405,TIC 403024405,42,2,"42,43",19.21243,35.21243,10.1089,5411.0,0.892697,1.6018663796398,6.61566492621813
202084725,TIC 202084725,17,1,17,27.158766666666665,35.158766666666665,8.746,4893.0,1.07489,4.05357725506136,51.5061489529097
461577024,TIC 461577024,40,3,"40,52,53",11.132133333333336,35.132133333333336,10.5841,5887.0,1.11398,0.354338024780412,84.8067831224597
437737149,TIC 437737149,17,2,"17,57",19.10255,35.10255,9.4741,5739.38,0.883955,2.86619376103147,29.8150336450195
293371397,TIC 293371397,42,2,"42,43",19.076133333333328,35.07613333333333,8.6071,5869.0,1.12538,5.46264838063997,5.88549933017949
194302749,TIC 194302749,17,2,"17,57",19.03565666666666,35.03565666666666,9.88787,5530.77,0.898978,2.07423073114365,36.1563212333738
440169817,TIC 440169817,17,1,17,26.950243333333333,34.95024333333333,8.0104,5512.0,0.874149,5.91374427736699,43.64748583567
194463544,TIC 194463544,17,1,17,26.92384,34.92384,9.2188,5128.94,0.712646,4.49025379479463,40.2269514445975
150904278,TIC 150904278,57,1,57,26.894170000000003,34.89417,10.9889,4277.0,0.717523,4.42998217043492,21.0013889724253
293344422,TIC 293344422,42,2,"42,43",18.881753333333336,34.881753333333336,10.1228,5488.0,0.856038,4.89537658361053,5.24780052491414
202592197,TIC 202592197,57,1,57,26.85547,34.85547,9.7519,4556.0,0.983693,7.14238497969996,49.4775200944266
401424886,TIC 401424886,42,2,"42,43",18.788583333333328,34.78858333333333,8.7466,5798.29,1.15726,5.06339954175087,9.52642546740787
22468706,TIC 22468706,17,1,17,26.77200333333333,34.77200333333333,10.5321,4528.0,0.703293,2.25000012891959,34.6652484471624
408506386,TIC 408506386,42,2,"42,43",18.709903333333333,34.70990333333333,10.5212,5437.0,0.756363,3.19780425102821,8.11297097225319
372130412,TIC 372130412,17,1,17,26.70083,34.70083,10.7902,4463.0,0.661337,1.24188061671195,32.2697666559243
365961803,TIC 365961803,17,1,17,26.69331333333333,34.693313333333336,9.986,4710.61,0.777427,3.74236917795655,32.8380707376752
127428682,TIC 127428682,17,1,17,26.6892,34.6892,10.5803,4314.77,0.869985,6.21717126087216,38.1512772650153
52006002,TIC 52006002,42,2,"42,43",18.677346666666665,34.677346666666665,10.2856,5292.0,0.974692,3.9163899727449,15.2061351505325
405271829,TIC 405271829,42,2,"42,43",18.64897,34.648970000000006,10.7945,5273.0,0.789803,1.15647039694068,11.2659534726865
44526065,TIC 44526065,17,1,17,26.618686666666665,34.61868666666666,10.4284,4518.0,0.768438,7.60066034049231,34.7165603147213
336724913,TIC 336724913,42,2,"42,43",18.58855,34.58855,10.2806,5447.0,0.856405,6.60845320910236,13.7620336031435
52052128,TIC 52052128,42,2,"42,43",18.58483333333333,34.58483333333333,9.4623,5593.0,1.06243,4.40636207504969,13.0009676180944
411528516,TIC 411528516,57,2,"57,84",18.565,34.565,8.2886,6159.98,1.06141,6.49015052548314,19.0757621480607
468345351,TIC 468345351,42,2,"42,43",18.56044666666666,34.560446666666664,9.58374,5692.35,0.933501,6.32563288444195,7.64708171897981
38398342,TIC 38398342,42,2,"42,43",18.475996666666664,34.47599666666666,10.4349,5319.0,0.912607,3.83919618120673,4.79886911031191
293266478,TIC 293266478,42,1,42,26.4653,34.4653,10.0994,4758.59,0.714885,2.11624597695669,0.264817173631556
194144218,TIC 194144218,17,1,17,26.46045,34.46045,10.2166,4645.16,0.763015,1.04732845675562,37.3013159623816
115511182,TIC 115511182,17,2,"17,57",18.431400000000004,34.431400000000004,10.136,5339.0,1.01996,7.37460281651115,40.2031375802642
408505170,TIC 408505170,42,2,"42,43",18.42951,34.42951,9.83386,5321.09,1.15593,0.421780556646862,10.6128608291422
466440318,TIC 466440318,42,2,"42,43",18.34948,34.34948,10.3355,5438.0,0.865852,6.83426772814754,6.77274588883454
331804827,TIC 331804827,17,1,17,26.34885333333333,34.34885333333333,9.6961,4906.0,0.765008,6.52984501328088,36.9342998955549
118031332,TIC 118031332,57,1,57,26.343386666666664,34.34338666666666,10.89,4506.0,0.621328,1.0027559408935,24.7180331281226
380152794,TIC 380152794,57,1,57,26.2683,34.2683,8.8048,5246.0,0.84625,0.0219815854370886,20.0361180574345
83959458,TIC 83959458,17,1,17,26.26073,34.260729999999995,10.5352,4532.21,0.749672,0.514968917167636,33.4899925195059
80531040,TIC 80531040,17,1,17,26.19936,34.19936,9.4672,5069.0,0.735684,6.59052645230675,31.9911374876864
257322770,TIC 257322770,42,2,"42,43",18.178986666666663,34.17898666666666,10.0287,5667.0,0.814788,7.94881212048773,3.38322637419959
437739765,TIC 437739765,17,1,17,26.16175,34.16175,10.9253,4455.74,0.667255,3.01769136404436,26.5168676088373
306117460,TIC 306117460,17,1,17,26.11806,34.11806,9.9257,4820.03,0.767889,4.38756041633401,24.6678274903911
408230230,TIC 408230230,42,2,"42,43",18.109086666666663,34.10908666666667,9.71416,5730.0,0.895094,7.42512321532196,13.0374739984795
150903670,TIC 150903670,57,1,57,26.082956666666664,34.08295666666666,9.467,5007.0,0.799071,4.39846951765703,18.6766284637476
22469621,TIC 22469621,17,1,17,26.00205666666666,34.00205666666666,8.6293,5373.0,0.837241,2.31156747259075,32.476463139628
357392128,TIC 357392128,42,2,"42,43",17.951299999999996,33.9513,9.0591,5885.0,1.04373,2.3724692705331,12.3803589798309
52051804,TIC 52051804,42,2,"42,43",17.87551333333333,33.87551333333333,9.93002,5650.0,0.898774,4.25054049954393,12.3238567258007
238390421,TIC 238390421,57,1,57,25.84555333333333,33.845553333333335,10.9712,4357.15,0.762673,1.10031629226863,25.6932324489866
127502123,TIC 127502123,17,1,17,25.809996666666667,33.80999666666666,8.9611,5305.08,0.780327,6.74884969128183,37.2830810700199
407518595,TIC 407518595,18,3,"18,19,53",9.761599999999998,33.7616,10.4311,6140.0,1.1014,2.88593412050395,81.205168273195
201654326,TIC 201654326,57,1,57,25.761416666666666,33.76141666666666,8.6259,5367.0,0.867665,1.77190889551416,50.0754791417457
57963994,TIC 57963994,17,1,17,25.69526666666667,33.69526666666667,10.953,4446.0,0.71094,4.98102612998659,32.9249299520423
468335571,TIC 468335571,42,2,"42,43",17.674443333333333,33.67444333333333,9.65217,5806.0,0.900021,5.73252521421847,11.2231783739337
202642559,TIC 202642559,17,1,17,25.61747666666667,33.61747666666667,10.0025,4968.0,0.663919,7.35532264910285,50.5164981379927
150814337,TIC 150814337,57,1,57,25.59724333333333,33.59724333333333,9.7097,5026.0,0.734729,3.07029946977221,20.887821299244
22605111,TIC 22605111,17,1,17,25.551853333333334,33.551853333333334,10.2028,4744.9,0.776278,3.34035952110458,34.833560412933
414781790,TIC 414781790,42,2,"42,43",17.541866666666664,33.541866666666664,8.3389,6156.0,1.14692,7.71588041457706,15.603902819951
242659944,TIC 242659944,17,1,17,25.525036666666665,33.525036666666665,9.7999,4890.0,0.819203,7.68593537596213,19.0668853432979
293222158,TIC 293222158,42,1,42,25.500076666666665,33.500076666666665,10.0457,4785.0,0.810879,1.63248967207301,5.82539641608042
352146741,TIC 352146741,17,1,17,25.44673333333333,33.44673333333333,8.1477,5569.0,0.92208,0.515460883155613,37.1144432850526
306117908,TIC 306117908,17,1,17,25.42700333333333,33.42700333333333,10.6291,4481.65,0.837618,4.27681996076236,26.0199684496594
51943533,TIC 51943533,42,2,"42,43",17.39951,33.39951,10.9366,5273.0,0.857909,3.37538171102062,13.4100260358909
58030512,TIC 58030512,17,2,"17,84",17.369266666666668,33.36926666666667,9.2046,5778.0,1.1329,5.79478078579916,33.7503407964542
357370232,TIC 357370232,57,1,57,25.366043333333334,33.36604333333334,10.1698,4643.74,0.892359,2.08843347695058,16.7780056754283
58720646,TIC 58720646,42,2,"42,43",17.315366666666662,33.31536666666666,9.98712,5622.42,0.954932,3.08669261211919,4.43166094950785
117952817,TIC 117952817,57,1,57,25.20884333333333,33.208843333333334,10.6206,4630.0,0.739209,0.339978648548579,26.432692793357
257469419,TIC 257469419,42,1,42,25.192993333333327,33.19299333333333,10.8375,4531.0,0.736534,0.211766720497649,4.16300871306179
202661869,TIC 202661869,17,1,17,25.15981333333333,33.15981333333333,10.0753,4849.0,0.779732,7.49405465575147,52.1620708744976
437736382,TIC 437736382,17,2,"17,57",17.115299999999998,33.1153,9.90939,5747.93,0.901439,2.45116009650361,27.8731244247915
201692794,TIC 201692794,17,1,17,25.085543333333334,33.085543333333334,10.0443,4891.0,0.764559,1.75571052754237,51.7531208668282
427330951,TIC 427330951,42,2,"42,43",17.07683333333333,33.076833333333326,9.7841,5599.0,1.07951,2.6616780440683,4.94243609889608
405266161,TIC 405266161,42,1,42,24.92583,32.92583,9.5838,5018.0,0.858897,0.297738988236378,9.07816872942753
194531274,TIC 194531274,17,1,17,24.89872,32.89872,10.585,4647.29,0.770053,5.01848685841797,39.0478441999497
405272279,TIC 405272279,42,2,"42,43",16.832113333333332,32.83211333333333,10.5277,5614.0,0.794042,1.16978640121213,9.18518835701814
58100517,TIC 58100517,17,1,17,24.74169,32.74169,9.9221,4889.0,0.849491,6.14050944451118,30.2080946428328
468336149,TIC 468336149,42,2,"42,43",16.726646666666667,32.72664666666667,10.3969,5593.53,0.873967,5.92367176525055,9.73898587084901
293265454,TIC 293265454,42,1,42,24.63334333333333,32.63334333333333,10.9102,4609.0,0.698419,2.18444257501264,4.84719512498892
440058694,TIC 440058694,17,2,"17,57",16.629499999999993,32.62949999999999,9.71075,5756.0,1.02275,3.59803895694094,43.8470975297425
258876865,TIC 258876865,57,1,57,24.5986,32.598600000000005,8.3951,5336.0,1.1021,1.82562870267991,20.965071872026
283862928,TIC 283862928,17,1,17,24.541789999999995,32.54178999999999,10.7345,4607.0,0.779521,2.2356382820566,30.1415462364665
357350780,TIC 357350780,42,2,"42,43",16.508656666666667,32.50865666666667,9.70599,5787.33,1.01063,1.59903423649188,13.8121288512185
336691212,TIC 336691212,42,1,42,24.451536666666662,32.45153666666666,10.9876,4521.0,0.758973,6.33991419477746,12.5143332089235
336691577,TIC 336691577,42,2,"42,43",16.36255333333333,32.36255333333333,9.48644,5968.0,0.962502,6.53609255678969,13.0936770553695
303157052,TIC 303157052,42,2,"42,43",16.358766666666664,32.35876666666667,10.1035,5565.0,1.05189,4.69692494055143,14.4676144490262
411525022,TIC 411525022,57,1,57,24.35127,32.35127,10.6888,4631.0,0.796853,6.17823379131165,21.8572087881823
405292491,TIC 405292491,42,2,"42,43",16.35098,32.35098,10.399,5618.0,0.890302,1.26178187066181,10.9875433854528
336737616,TIC 336737616,42,2,"42,43",16.311853333333328,32.31185333333333,10.5042,5629.0,0.842968,6.98990176275177,14.8180149185444
293283931,TIC 293283931,42,2,"42,43",16.23103333333333,32.23103333333333,10.3007,5453.08,1.07905,4.30183418894482,1.34798424761877
201517645,TIC 201517645,57,1,57,24.208366666666663,32.20836666666666,9.897,4848.0,0.94703,0.736726687942186,50.7788671876416
336690903,TIC 336690903,42,2,"42,43",16.192106666666664,32.19210666666666,9.67459,5838.0,1.01262,6.36342403047311,13.7924968060386
437751181,TIC 437751181,17,1,17,24.14834666666666,32.14834666666666,10.6623,4876.47,0.623187,5.20001464828575,26.9765380893559
293265620,TIC 293265620,42,1,42,24.11990666666667,32.119906666666665,9.2328,5376.63,0.781031,2.13448847592096,4.0649473366095
194362684,TIC 194362684,17,1,17,24.093993333333337,32.09399333333334,9.7876,5047.0,0.836394,3.13067662264512,39.1590021732536
468346799,TIC 468346799,42,2,"42,43",16.072496666666666,32.072496666666666,9.86576,5955.0,0.850613,6.42615566043328,9.31535433418657
408506342,TIC 408506342,42,2,"42,43",16.049796666666662,32.049796666666666,10.9196,5430.0,0.868847,3.21110656822494,7.87831681454754
190951890,TIC 190951890,57,1,57,24.02505,32.02505,10.4079,4901.0,0.716835,6.58422135274624,44.6024303629136
57957147,TIC 57957147,17,1,17,24.011683333333337,32.01168333333334,9.6718,5079.25,0.86407,4.71272803343016,30.7031740559667
405191427,TIC 405191427,42,2,"42,43",15.992296666666668,31.992296666666668,9.56993,5961.0,0.971965,3.81114144035874,11.7516997997641
411524589,TIC 411524589,17,1,17,23.981316666666665,31.981316666666665,9.9692,5097.0,0.733355,6.23180715612342,23.5943553830702
115514794,TIC 115514794,17,1,17,23.95390333333333,31.95390333333333,10.6995,4726.0,0.753143,7.60052231626002,36.9773777936155
51988363,TIC 51988363,42,2,"42,43",15.951999999999998,31.952,9.5563,5720.0,1.18228,3.63460393782755,12.3819315190795
437764503,TIC 437764503,17,1,17,23.93731333333333,31.93731333333333,10.7889,4708.99,0.733217,6.19363629526187,28.4488026331152
117930174,TIC 117930174,57,1,57,23.86189333333333,31.86189333333333,9.7533,5182.27,0.760599,0.202857461886364,29.852173450972
440051305,TIC 440051305,17,2,"17,57",15.816799999999995,31.8168,9.6417,5762.0,1.12664,3.47985747047137,44.384697514223
58733482,TIC 58733482,42,1,42,23.78194,31.78194,10.7894,4669.19,0.781721,3.50564227012171,0.389621662638865
150901944,TIC 150901944,57,1,57,23.711093333333334,31.711093333333334,10.3791,4903.0,0.758084,4.30486258009845,23.6116459058625
437742377,TIC 437742377,17,2,"17,57",15.70878333333333,31.70878333333333,9.46475,5932.09,1.06648,3.19246875230978,28.7213079280631
194410038,TIC 194410038,17,1,17,23.64192,31.64192,10.5929,4781.33,0.780873,3.47719077781278,40.2140079003763
242659952,TIC 242659952,17,1,17,23.64167333333333,31.64167333333333,10.0364,4849.0,0.947106,7.78905206313747,19.0665926004185
303205534,TIC 303205534,42,2,"42,43",15.625136666666668,31.62513666666667,10.373,5682.0,0.919953,5.30233228582453,15.6560281036776
405189926,TIC 405189926,42,2,"42,43",15.56086666666667,31.56086666666667,10.4843,5523.0,1.01436,3.56879287276291,7.08383240141338
282723287,TIC 282723287,17,1,17,23.536826666666663,31.536826666666663,10.4801,4720.92,0.886844,1.9290203836184,29.5986477473913
293220579,TIC 293220579,70,1,70,23.518996666666663,31.518996666666663,9.656,5301.0,0.734867,1.46590873901999,2.7643224806935
44453403,TIC 44453403,17,1,17,23.49447,31.49447,8.6956,5528.0,0.932313,6.8217160199146,30.687633540797
407572447,TIC 407572447,19,2,"19,52",15.456519999999998,31.45652,10.9312,5498.0,0.866868,3.06713695283617,83.8023221206866
440169163,TIC 440169163,17,1,17,23.44470333333333,31.44470333333333,9.0835,5287.0,0.982963,5.89959013840559,44.4956765930219
202710312,TIC 202710312,17,1,17,23.44086,31.44086,10.7717,4743.47,0.761009,7.78017647821433,49.40347585175
44489821,TIC 44489821,17,1,17,23.40388,31.40388,10.7898,4778.0,0.728692,7.28152956145397,32.1232478020188
397586264,TIC 397586264,42,2,"42,43",15.392419999999996,31.392419999999998,10.3999,5741.0,0.883298,2.78355549140415,9.56777889353492
352177545,TIC 352177545,17,2,"17,57",15.385836666666664,31.385836666666663,9.60412,5802.93,1.15066,0.745339010834619,40.453999102962
83959472,TIC 83959472,17,1,17,23.293596666666662,31.293596666666662,9.6831,5223.0,0.811567,0.555252893670364,33.5339825229705
440044467,TIC 440044467,17,1,17,23.198726666666666,31.198726666666666,10.3204,4995.0,0.756134,3.34120636635253,47.4011708221567
403021802,TIC 403021802,42,1,42,23.171116666666663,31.171116666666663,9.9417,5211.0,0.730375,0.55803654277382,7.22629595602624
118007429,TIC 118007429,57,1,57,23.106323333333336,31.106323333333336,10.0095,5122.96,0.783101,0.903502044276095,26.5819428741261
58755347,TIC 58755347,57,1,57,23.086323333333336,31.086323333333336,10.6487,4915.0,0.702721,5.66320613111708,17.0431122117291
437731913,TIC 437731913,17,1,17,23.06626666666666,31.06626666666666,9.5393,5308.77,0.820345,1.74177886330209,28.232045422591
363902263,TIC 363902263,17,1,17,23.06088,31.06088,10.3702,4943.0,0.793332,6.43960452783442,40.3589372550921
437758644,TIC 437758644,17,1,17,23.05513333333333,31.05513333333333,10.1585,5079.85,0.764545,5.83704920945764,27.1276845779594
440111432,TIC 440111432,17,1,17,23.04883333333333,31.04883333333333,8.755,5362.0,1.09145,4.8646233011256,41.9885684613108
257524191,TIC 257524191,42,1,42,23.018206666666664,31.018206666666664,10.7712,4764.0,0.786366,1.0525171414142,2.62597012856759
257303153,TIC 257303153,42,2,"42,43",14.99576,30.99576,9.38186,6092.0,1.03768,7.43935618782624,5.40382392627473
283859120,TIC 283859120,57,1,57,22.94326,30.94326,8.3787,5720.0,0.954194,2.29435863771749,26.0332507364448
432484912,TIC 432484912,17,1,17,22.87844,30.87844,10.2815,5135.21,0.686881,0.0284714090246564,36.2830779240335
395323701,TIC 395323701,42,2,"42,43",14.85968333333333,30.85968333333333,9.6483,6008.29,1.01447,2.23171750479306,13.5348946207725
150901832,TIC 150901832,57,1,57,22.80216,30.80216,10.6442,4826.0,0.807104,4.09457193803653,23.8603097749167
194359035,TIC 194359035,17,1,17,22.78773333333333,30.78773333333333,9.5852,5276.14,0.85703,2.86524542109738,39.3894582752003
44453335,TIC 44453335,17,1,17,22.72513,30.72513,10.3436,5018.0,0.775047,6.75761849545948,30.8615783159626
177701859,TIC 177701859,17,1,17,22.704163333333327,30.704163333333327,10.7851,4752.85,0.821502,0.0795352944198095,43.2120087861592
365963481,TIC 365963481,17,1,17,22.69226333333333,30.69226333333333,10.7326,4765.6,0.833067,4.02127897856329,31.2264823097241
466437764,TIC 466437764,42,1,42,22.67057,30.67057,10.6933,4820.0,0.805623,6.51795189362565,6.84427617219937
238394268,TIC 238394268,57,1,57,22.60444333333333,30.60444333333333,10.658,4884.04,0.772989,1.43764692615871,26.0522812929057
115550766,TIC 115550766,17,1,17,22.579080000000005,30.579080000000005,9.9516,5115.83,0.864927,7.99705416318014,37.5336228945726
306120256,TIC 306120256,17,1,17,22.561106666666667,30.561106666666667,10.4533,5108.4,0.672236,4.42701009974992,26.511396263708
257246870,TIC 257246870,42,2,"42,43",14.52077333333333,30.52077333333333,9.91989,5911.0,1.0208,6.84216600022145,5.01438210594975
470870143,TIC 470870143,52,1,52,22.499966666666666,30.499966666666666,10.2973,5070.0,0.77275,0.0063541155178191,70.8872843289989
194528092,TIC 194528092,17,1,17,22.44965,30.44965,10.115,5180.03,0.75901,4.80577724954505,39.6154859899189
411525468,TIC 411525468,57,1,57,22.44486666666667,30.44486666666667,9.6077,5292.0,0.8691,6.14556804091701,19.95657352256
150785168,TIC 150785168,57,1,57,22.40739,30.40739,10.0295,5177.0,0.799961,3.0228027950748,23.2652747871363
194352365,TIC 194352365,17,1,17,22.397396666666666,30.397396666666666,10.3206,5149.44,0.707487,2.6311487425816,38.9622297729362
432548844,TIC 432548844,17,1,17,22.37299,30.37299,8.5313,5735.0,0.937681,0.149858436685007,36.6687659725271
408515089,TIC 408515089,42,2,"42,43",14.353656666666664,30.353656666666662,10.5236,5723.55,0.952236,5.53398647400246,6.78445134706137
429032523,TIC 429032523,70,1,70,22.34072,30.34072,10.08,5241.08,0.733028,1.32903481312965,3.49688991739741
365965128,TIC 365965128,17,1,17,22.3352,30.3352,8.2943,5648.0,1.10876,4.06096868020397,35.1783196246295
357394373,TIC 357394373,84,1,84,22.322470000000003,30.322470000000003,10.6603,4925.0,0.766133,2.68661225157459,15.4370190859133
357393034,TIC 357393034,84,1,84,22.319836666666664,30.319836666666664,9.3998,5487.0,0.802263,2.60249381478531,15.3134377928009
194410298,TIC 194410298,17,1,17,22.315083333333337,30.315083333333337,8.8807,5632.0,0.889545,3.49174261758236,39.7672790515168
611502000,TIC 611502000,17,1,17,22.30059,30.30059,10.274,5138.0,0.745341,6.34514096651566,20.5916827864928
427330926,TIC 427330926,42,2,"42,43",14.252866666666668,30.25286666666667,9.23635,6072.0,1.18684,2.65099231034216,4.77289602010803
397586415,TIC 397586415,42,2,"42,43",14.246566666666665,30.246566666666663,10.0327,5883.0,1.02643,2.73234660702894,8.84682395510745
238300343,TIC 238300343,84,1,84,22.222446666666663,30.222446666666663,9.9931,5168.34,0.840232,0.695391044727675,18.7859154928846
403022352,TIC 403022352,42,2,"42,43",14.2153,30.2153,10.4812,5801.0,0.91849,1.3852922801081,7.68085472443237
58735087,TIC 58735087,42,2,"42,43",14.21423666666666,30.21423666666666,9.94172,5934.51,1.02313,3.76496299141179,3.09286576569669
202595384,TIC 202595384,17,1,17,22.20784,30.20784,10.064,4958.0,0.988616,7.07304941295163,51.8976681385416
427330292,TIC 427330292,70,1,70,22.18965,30.18965,10.2316,5039.0,0.855895,2.62495224884382,1.62322498949766
401425269,TIC 401425269,42,2,"42,43",14.187956666666668,30.187956666666665,10.1502,5967.0,0.915291,5.04337305700372,7.49480271984147
432485132,TIC 432485132,17,1,17,22.09907666666667,30.09907666666667,10.0002,5265.0,0.769179,0.063276435470113,39.0473691613597
57916751,TIC 57916751,17,1,17,22.09116333333333,30.09116333333333,10.6767,4789.69,0.895462,4.50033372612818,31.2426215087857
440105238,TIC 440105238,57,2,"57,84",14.084699999999998,30.0847,10.7262,5435.0,1.13855,4.52173504575434,47.1684381555251
194324757,TIC 194324757,17,1,17,22.080216666666665,30.080216666666665,10.487,5025.03,0.77632,2.31426961325214,39.6986932178031
38380947,TIC 38380947,70,1,70,22.055706666666666,30.055706666666666,10.4858,4956.93,0.836001,3.2740091653056,2.02907514558806
259258545,TIC 259258545,17,1,17,22.03162333333333,30.03162333333333,10.0244,5164.0,0.850411,0.511987064811624,44.9992389137071
407117158,TIC 407117158,52,1,52,22.021416666666667,30.021416666666667,9.3318,5436.0,0.901805,5.40144744672888,69.8638115524829
194256066,TIC 194256066,17,1,17,22.01632,30.01632,10.6276,4897.97,0.832353,1.82081136069938,36.0590195597886
303203846,TIC 303203846,42,2,"42,43",13.999199999999998,29.9992,10.2089,5930.0,0.94152,5.19873122302683,12.3109413388115
22527127,TIC 22527127,17,1,17,21.96509666666666,29.96509666666666,10.6913,4979.1,0.744387,2.90469207896982,30.8819964088799
293371005,TIC 293371005,42,2,"42,43",13.917583333333331,29.917583333333333,10.6289,5689.0,0.982515,5.23146466463203,4.35258814768425
437761325,TIC 437761325,17,1,17,21.909693333333333,29.909693333333333,10.875,4900.0,0.742364,5.902321142345,29.7890094991716
293257187,TIC 293257187,42,1,42,21.89415,29.89415,8.4797,5629.55,1.09408,1.74409829504278,5.44287385243054
238302760,TIC 238302760,57,1,57,21.87213,29.87213,10.9463,4694.0,0.889267,0.970348165077412,22.2541118800858
194465029,TIC 194465029,17,1,17,21.86788333333333,29.86788333333333,8.4514,5788.0,0.975985,4.41808786712125,37.5376400967004
432552782,TIC 432552782,17,1,17,21.86352,29.86352,10.5058,5147.87,0.688103,0.407321349047437,41.2516613936015
238304326,TIC 238304326,57,1,57,21.85388333333333,29.85388333333333,10.8702,4810.3,0.824615,1.04471613566617,19.5692189978691
194304288,TIC 194304288,17,2,"17,57",13.842663333333329,29.842663333333327,9.78913,5966.77,1.09444,2.10536009554099,38.5503598092259
418753324,TIC 418753324,42,2,"42,43",13.814133333333332,29.81413333333333,9.64465,6145.0,1.00656,1.97516498378816,9.17175369322897
365934034,TIC 365934034,17,1,17,21.808623333333333,29.808623333333333,10.5428,4993.0,0.807851,3.59750817686283,32.8172011890805
150859495,TIC 150859495,57,1,57,21.73106333333333,29.73106333333333,9.6082,5266.0,0.961947,3.67829628426906,19.9281417069429
336766838,TIC 336766838,42,2,"42,43",13.722596666666666,29.722596666666668,10.2927,5916.0,0.947327,7.23450972830623,16.0176593201023
257487686,TIC 257487686,42,1,42,21.71478666666667,29.71478666666667,8.763,5676.0,0.959988,0.491386427451576,0.128575948058726
408515146,TIC 408515146,42,2,"42,43",13.694943333333333,29.69494333333333,10.6981,5818.0,0.869599,5.52979664842644,6.50302571559292
411527411,TIC 411527411,17,1,17,21.68712666666667,29.68712666666667,9.0101,5583.15,0.941289,6.50253187732077,23.7669202686864
58735340,TIC 58735340,42,2,"42,43",13.666733333333337,29.666733333333333,10.3509,5776.0,1.0463,3.65747927604878,4.42931525719396
427332904,TIC 427332904,42,2,"42,43",13.657436666666666,29.657436666666666,10.7317,5762.55,0.906118,5.82174356495121,1.89759226924367
201525713,TIC 201525713,17,1,17,21.64473,29.64473,10.7497,5006.0,0.730647,0.9654208877545,51.4672539150698
440076316,TIC 440076316,57,1,57,21.640793333333335,29.640793333333335,9.9247,5339.23,0.783349,4.11665266746298,47.8153278241511
293221159,TIC 293221159,42,1,42,21.588863333333336,29.588863333333336,10.2729,5173.36,0.787487,1.56701801993433,4.25995584358783
418760307,TIC 418760307,42,2,"42,43",13.582033333333332,29.58203333333333,10.0989,5842.0,1.10057,2.46157665726507,11.8291555407777
118031166,TIC 118031166,57,1,57,21.551213333333337,29.551213333333337,10.0407,5284.0,0.791932,0.993272939961405,24.2282982935723
427687416,TIC 427687416,83,1,83,21.55074333333333,29.55074333333333,10.9929,4873.0,0.753599,0.685315426655429,14.6235371128605
150855033,TIC 150855033,57,1,57,21.539216666666665,29.539216666666665,9.8869,5316.0,0.827985,3.48840831098656,23.4262794388965
432552383,TIC 432552383,17,1,17,21.48103333333333,29.48103333333333,9.0274,5407.6,1.10127,0.319790207423996,38.2296660029834
150853420,TIC 150853420,57,1,57,21.46626333333333,29.46626333333333,10.957,4876.0,0.773907,3.4428194501745,18.41643824894
468334567,TIC 468334567,42,2,"42,43",13.4629,29.4629,9.6032,6122.0,1.07743,5.64777053752698,6.16017953742988
191082724,TIC 191082724,17,1,17,21.45762,29.45762,10.2054,5195.0,0.809578,7.73871570326607,45.5530444440917
22571537,TIC 22571537,17,1,17,21.448626666666662,29.448626666666662,10.4141,4991.76,0.896364,3.25487395382689,31.3365168455983
407337776,TIC 407337776,17,1,17,21.43055333333333,29.43055333333333,10.2118,5353.39,0.677733,1.62907594654354,32.2972295940652
301787905,TIC 301787905,57,1,57,21.42921333333333,29.42921333333333,10.4281,5201.95,0.717547,1.74485053627297,19.8006262982141
468338112,TIC 468338112,42,2,"42,43",13.42566,29.42566,9.92226,5888.0,1.14853,6.20289962444975,11.4787006483281
432485571,TIC 432485571,17,1,17,21.414836666666663,29.414836666666663,10.8691,4920.0,0.777543,0.137458919445488,41.6389652354821
191132881,TIC 191132881,57,1,57,21.391753333333327,29.391753333333327,10.5591,5086.0,0.765518,7.82320697051684,43.0561962130958
293257184,TIC 293257184,42,1,42,21.38661666666666,29.38661666666666,9.2093,5621.46,0.859735,1.81363894366909,5.42989986458116
468276605,TIC 468276605,25,2,"25,26",13.375066666666669,29.37506666666667,10.9109,5400.0,1.1648,5.62301089248403,80.744096130119
58033985,TIC 58033985,17,1,17,21.358006666666665,29.358006666666665,10.6646,4870.89,0.905951,5.89974171684476,35.3308209152303
437736948,TIC 437736948,17,1,17,21.32197,29.32197,10.9226,4889.0,0.791263,2.49155863285992,29.4906333095257
194208493,TIC 194208493,17,1,17,21.283183333333337,29.283183333333337,10.5597,5006.32,0.842535,1.34683116603996,39.4811851843673
306069926,TIC 306069926,17,1,17,21.25560333333333,29.25560333333333,10.1651,5439.1,0.642483,4.1994457252441,29.0846190469042
127502664,TIC 127502664,17,1,17,21.21248333333333,29.21248333333333,10.4659,5146.0,0.770725,6.79988173264382,38.5090986278335
418752447,TIC 418752447,42,2,"42,43",13.136356666666664,29.136356666666664,9.76224,5944.59,1.19431,0.153304747000213,10.4786405193938
194504181,TIC 194504181,17,1,17,21.135230000000004,29.135230000000004,9.4049,5465.12,0.936917,4.56915304459182,37.731649928389
194504292,TIC 194504292,17,1,17,21.13311666666667,29.13311666666667,9.2144,5421.33,1.04982,4.54670241819441,37.9300851952406
238431974,TIC 238431974,17,1,17,21.112133333333333,29.112133333333333,8.4597,5725.0,1.10074,1.67036800811515,28.8284520994206
190951335,TIC 190951335,57,1,57,21.071666666666665,29.071666666666665,8.5357,5787.0,1.02272,6.60070756898644,43.8320262095416
58721113,TIC 58721113,70,1,70,21.06303,29.06303,9.9829,5393.0,0.773037,3.14691913294714,1.80444739017833
306068331,TIC 306068331,17,1,17,21.04578,29.04578,9.1401,5579.0,0.956882,4.01103899450908,25.8422516755737
405291818,TIC 405291818,42,2,"42,43",12.99767,28.99767,10.241,6101.0,0.886333,1.25026367389652,7.85588391267475
401426871,TIC 401426871,42,2,"42,43",12.979506666666666,28.979506666666666,9.86139,6036.0,1.09416,5.27960780695304,11.613166140574
202712514,TIC 202712514,17,1,17,20.95208,28.95208,10.4817,5138.0,0.797112,7.88296931921187,51.1187283268173
202417718,TIC 202417718,17,1,17,20.928363333333333,28.928363333333333,10.7751,5026.0,0.775457,5.97896665656771,51.3032463061272
466442097,TIC 466442097,42,2,"42,43",12.927096666666666,28.927096666666664,10.2897,5967.0,0.985577,6.9481954423993,8.22664579352529
80436401,TIC 80436401,17,1,17,20.894716666666667,28.894716666666667,10.9424,5031.0,0.707735,5.11741343736789,24.4423950379199
439966143,TIC 439966143,17,1,17,20.872319999999995,28.872319999999995,10.0496,5380.97,0.775453,1.81068561727904,46.3540796313503
293304262,TIC 293304262,42,2,"42,43",12.847333333333331,28.84733333333333,10.6914,5738.14,1.02359,4.42265598149905,3.90370606141482
191135365,TIC 191135365,17,1,17,20.843756666666668,28.843756666666668,10.8887,4983.0,0.774311,7.85234155528493,44.4261574448399
336765171,TIC 336765171,42,2,"42,43",12.83545333333333,28.83545333333333,9.81122,5983.0,1.1728,7.15694703953898,14.602609268689
58105499,TIC 58105499,17,1,17,20.832993333333327,28.832993333333327,10.7253,5089.0,0.752414,6.54636263456813,30.8916203066343
58733335,TIC 58733335,42,1,42,20.82624333333333,28.82624333333333,9.497,5476.0,0.921909,3.39666360447735,0.471251876869157
440076425,TIC 440076425,57,1,57,20.802803333333333,28.802803333333333,9.75697,5251.03,1.00774,4.15839788165113,47.9554009815797
352146571,TIC 352146571,17,1,17,20.794249999999995,28.794249999999995,10.4998,5106.89,0.83158,0.500879342585598,37.4114679357455
439935341,TIC 439935341,17,1,17,20.79061,28.79061,9.6855,5396.0,0.916739,0.884174327326431,43.5093997373684
22528024,TIC 22528024,17,2,"17,57",12.77012,28.77012,9.76732,6043.58,1.14641,2.97050496607978,31.3027221170819
194461161,TIC 194461161,17,1,17,20.74638000000001,28.74638000000001,9.9925,5409.98,0.786712,4.12997787803156,38.3622913108672
437744327,TIC 437744327,57,1,57,20.72885333333333,28.72885333333333,10.4242,5236.0,0.760768,3.42310086546311,24.9118572922714
468344967,TIC 468344967,42,2,"42,43",12.713656666666663,28.713656666666665,10.8031,5736.0,0.994061,6.21145346449049,6.39189780668892
303202870,TIC 303202870,42,2,"42,43",12.703633333333334,28.703633333333336,10.042,6073.0,1.01867,5.13976369598944,14.6878690643973
468333740,TIC 468333740,42,2,"42,43",12.674433333333328,28.67443333333333,10.5858,5824.0,1.01157,5.69009655818178,10.3706890450804
408506012,TIC 408506012,42,1,42,20.57326,28.57326,9.91497,5374.94,0.864236,0.497162456995251,6.20102089569741
194460333,TIC 194460333,17,1,17,20.5645,28.5645,9.88158,5390.0,0.865918,4.19472560076376,39.8188686384128
405270006,TIC 405270006,42,2,"42,43",12.56015333333333,28.56015333333333,10.9495,5698.0,0.982518,0.938582331078286,8.0784678661463
202550899,TIC 202550899,17,1,17,20.5193,28.5193,10.061,5234.0,0.92867,6.92689102027592,48.8549270032707
437745597,TIC 437745597,17,1,17,20.51633333333333,28.51633333333333,8.8447,5700.64,1.02662,3.52280091646609,27.3543226288829
194258479,TIC 194258479,17,1,17,20.483566666666665,28.483566666666665,9.198,5490.84,1.06341,1.81537663016979,40.4772420483429
293285077,TIC 293285077,42,1,42,20.467893333333333,28.467893333333333,10.4567,5101.0,0.886364,4.40041190393495,6.11772773455095
440662856,TIC 440662856,17,1,17,20.37004333333333,28.37004333333333,10.0438,5432.59,0.784984,7.20884686100667,26.8546607881597
336737332,TIC 336737332,42,2,"42,43",12.341789999999996,28.34179,10.9883,5912.0,0.810501,7.02555687029144,13.7268243208719
440121513,TIC 440121513,17,1,17,20.26435,28.26435,10.5665,5183.0,0.794465,5.04344477113651,42.5276132851841
118005970,TIC 118005970,57,1,57,20.25893333333333,28.25893333333333,10.3891,5203.0,0.8493,0.763038317145479,29.0321173400183
440057164,TIC 440057164,17,1,17,20.24647,28.24647,10.2605,5251.73,0.861378,3.68521830619988,45.4844953290841
150968241,TIC 150968241,57,1,57,20.244913333333336,28.244913333333336,10.0491,5383.0,0.836702,5.15895495841671,22.1700446796677
44521998,TIC 44521998,17,1,17,20.201546666666665,28.201546666666665,9.62358,5316.6,1.06658,7.34286748856216,32.6773557290581
51941732,TIC 51941732,57,1,57,20.168806666666672,28.168806666666672,10.8326,5280.48,0.616346,3.28543465514966,17.2098239022762
194256199,TIC 194256199,17,1,17,20.15648333333333,28.15648333333333,10.8975,5035.0,0.796185,1.79667437731172,36.3158985284678
437741012,TIC 437741012,57,1,57,20.13199,28.13199,10.7929,5027.0,0.847141,3.29374325923645,24.36583459117
257203178,TIC 257203178,43,1,43,20.13095,28.13095,9.7335,5579.0,0.811005,7.02778478154043,4.11246089058731
190947465,TIC 190947465,17,1,17,20.130036666666665,28.130036666666665,10.6011,5082.0,0.878223,6.51767758870297,45.3372345121746
194383495,TIC 194383495,17,1,17,20.114756666666665,28.114756666666665,10.4214,5214.84,0.840931,3.15832741472732,38.475086603927
336728658,TIC 336728658,57,1,57,20.097433333333328,28.097433333333328,8.4456,5899.0,1.06285,6.74372870225277,17.085821310596
437745775,TIC 437745775,17,1,17,20.095239999999997,28.095239999999997,10.537,5310.14,0.717226,3.573201,27.946124
437746031,TIC 437746031,17,1,17,20.087216666666663,28.087216666666663,10.0931,5397.0,0.823205,3.48600265811524,28.7302895818125
44521997,TIC 44521997,17,1,17,20.070599999999995,28.070599999999995,10.0927,5375.0,0.84336,7.31799350326603,32.6780213217516
395317117,TIC 395317117,83,1,83,20.06646333333333,28.06646333333333,10.98,5065.15,0.747062,0.755407203838633,15.1967344795258
403022680,TIC 403022680,42,2,"42,43",12.065533333333333,28.06553333333333,10.4016,5878.0,1.10114,1.44137962801473,9.43606058273983
150906065,TIC 150906065,57,1,57,20.048169999999995,28.048169999999995,10.1074,5369.81,0.844048,4.5202900599685,20.6448250285361
51940428,TIC 51940428,42,1,42,19.99105,27.99105,10.5642,5150.0,0.850215,3.18834214617318,13.3195340479976
150973541,TIC 150973541,57,1,57,19.976576666666663,27.976576666666663,8.8296,5871.6,0.944169,5.54538233616903,18.2419090303186
257523130,TIC 257523130,70,1,70,19.975323333333336,27.975323333333336,10.8524,5080.0,0.794841,0.859251280964594,3.88126466892788
150909684,TIC 150909684,57,1,57,19.941156666666664,27.941156666666664,10.9499,4970.85,0.850216,4.76032696352515,18.9798956625828
365935012,TIC 365935012,17,1,17,19.931196666666665,27.931196666666665,9.968,5527.35,0.780222,3.511372,35.056103
440066457,TIC 440066457,57,1,57,19.9253,27.9253,9.7059,5615.0,0.81261,3.94522964446735,47.1149398785216
201411139,TIC 201411139,57,1,57,19.90666,27.90666,10.8117,5111.0,0.792154,0.144233570215562,51.7349455492765
440060503,TIC 440060503,17,1,17,19.905166666666663,27.905166666666663,10.3594,5069.46,1.00784,3.84437431004904,42.2973720894174
117927922,TIC 117927922,57,1,57,19.89098,27.89098,10.673,5156.0,0.811702,0.0567065938892086,24.8819573923933
44521831,TIC 44521831,17,1,17,19.88121,27.88121,10.1942,5165.84,0.995999,7.39120816568412,33.0950388245468
22499582,TIC 22499582,17,1,17,19.87661,27.87661,10.1558,5310.8,0.891019,2.47477933725583,31.7440239509543
257486953,TIC 257486953,42,1,42,19.853326666666668,27.853326666666668,10.1918,5341.65,0.853239,0.344014992249018,3.80382001946707
293282900,TIC 293282900,42,2,"42,43",11.8511,27.8511,10.8211,5921.0,0.91895,4.19478414487499,3.51375817679426
80433876,TIC 80433876,17,1,17,19.83588333333333,27.83588333333333,10.8683,5183.11,0.7165,4.9210013115966,28.1796624967759
373282390,TIC 373282390,52,1,52,19.821866666666665,27.821866666666665,10.4794,5259.0,0.81022,2.25196631683632,74.2491878154627
405191192,TIC 405191192,42,2,"42,43",11.81117333333333,27.81117333333333,10.438,6106.0,0.922016,3.75186717016282,10.9241530934323
411534414,TIC 411534414,17,1,17,19.725203333333333,27.725203333333333,10.176,5461.0,0.772913,7.08857392478082,19.4326198286887
202215408,TIC 202215408,57,1,57,19.68751,27.68751,10.5511,5246.0,0.805809,4.80933797365022,52.1691746552281
437738447,TIC 437738447,57,1,57,19.67982333333333,27.67982333333333,9.74594,5474.8,0.937975,2.90905722211743,25.7620218882104
427330506,TIC 427330506,42,1,42,19.64358,27.64358,10.0773,5491.31,0.795297,2.66729261337677,2.66390816202827
440635668,TIC 440635668,17,1,17,19.63896666666667,27.63896666666667,10.1594,5095.14,1.09306,6.6367502583716,27.1731102000338
440160130,TIC 440160130,17,1,17,19.5784,27.5784,8.5436,5954.0,1.02972,5.6053788706474,42.5871012460314
427331787,TIC 427331787,42,2,"42,43",11.555313333333336,27.555313333333338,10.2107,6188.83,0.969497,4.00652628657673,3.37850401008172
283859582,TIC 283859582,17,1,17,19.55264333333333,27.55264333333333,10.2497,5424.13,0.791414,2.36012402725688,27.4968004714265
306058348,TIC 306058348,17,1,17,19.38164,27.38164,10.4036,5357.0,0.802896,3.9463955917354,29.466191277388
257290657,TIC 257290657,42,2,"42,43",11.307333333333336,27.307333333333336,10.1047,6025.0,1.17322,7.17156552128613,0.651485606158573
51940539,TIC 51940539,42,2,"42,43",11.303413333333332,27.30341333333333,10.8164,5893.0,0.998932,3.12818715716853,13.8389751760152
150906405,TIC 150906405,57,1,57,19.25696666666667,27.25696666666667,8.386,5943.0,1.13407,4.57675985608368,19.4044140548847
22571748,TIC 22571748,17,1,17,19.244736666666668,27.244736666666668,10.3489,5385.69,0.814558,3.22748840840274,31.9249089961167
194387619,TIC 194387619,17,1,17,19.240756666666663,27.240756666666663,10.2608,5445.21,0.800596,3.38838443319487,41.1293548260496
194253922,TIC 194253922,17,1,17,19.21856,27.21856,10.8228,5180.96,0.798224,1.70071510077048,39.8788451092012
293256961,TIC 293256961,42,1,42,19.186996666666666,27.186996666666666,10.9767,5125.68,0.785887,1.74486499451271,4.35246163240898
288294131,TIC 288294131,17,1,17,19.180866666666663,27.180866666666663,8.3206,6084.0,1.05034,5.28875583831725,38.4017871773169
303205896,TIC 303205896,57,1,57,19.169716666666663,27.169716666666663,10.4982,5340.0,0.800415,5.32396314478075,16.4297001342037
257201261,TIC 257201261,42,2,"42,43",11.162566666666663,27.162566666666663,10.8238,5826.42,1.06554,6.47621736297424,6.02921685020024
440068599,TIC 440068599,17,1,17,19.138936666666662,27.138936666666662,10.7853,5199.0,0.806153,3.99744917177726,44.9613089949333
117929290,TIC 117929290,57,1,57,19.137066666666662,27.137066666666662,8.8419,5799.0,1.0837,0.239253219512733,27.4392148483371
288297166,TIC 288297166,17,1,17,19.131693333333324,27.131693333333324,9.3045,5727.85,0.958489,5.48421677051356,39.5719841990543
407338771,TIC 407338771,17,1,17,19.108066666666662,27.108066666666662,10.1112,5274.0,1.01638,1.54678769827532,34.5248653232033
191081685,TIC 191081685,17,1,17,19.0946,27.0946,10.9523,5156.0,0.77962,7.67860380869917,46.7521210364846
194381477,TIC 194381477,17,1,17,19.05806666666667,27.05806666666667,8.6261,6033.0,0.98292,3.23527061680159,41.8554228422566
437758624,TIC 437758624,17,1,17,19.04007666666667,27.04007666666667,9.81626,5631.36,0.843355,5.84211763169816,27.1772050498831
439947173,TIC 439947173,57,1,57,19.03133333333333,27.03133333333333,8.4335,5998.0,1.0918,1.24860652923167,47.0146500962716
194503627,TIC 194503627,17,1,17,18.940093333333333,26.940093333333333,10.6137,5210.8,0.884844,4.5043178796138,36.6967699582094
440001879,TIC 440001879,17,1,17,18.9366,26.9366,10.7785,5354.0,0.69994,2.56927954705961,44.835824347106
150902694,TIC 150902694,57,1,57,18.905726666666663,26.905726666666663,10.7461,5343.78,0.724504,4.29357420010016,20.7613540199181
127502652,TIC 127502652,17,1,17,18.89093333333333,26.89093333333333,8.5241,5878.0,1.1696,6.86288727974202,38.4924873855241
336725901,TIC 336725901,42,2,"42,43",10.845466666666663,26.845466666666663,10.9585,6075.0,0.83622,6.66194260836767,11.9633163625372
58032931,TIC 58032931,17,1,17,18.834623333333333,26.834623333333333,10.2385,5326.0,0.949471,5.89975949480503,32.6343064415164
466436813,TIC 466436813,42,2,"42,43",10.829706666666668,26.829706666666667,10.7069,6018.0,0.985936,6.54816364547453,11.7297226975937
407336126,TIC 407336126,17,1,17,18.806933333333333,26.806933333333333,8.2324,6088.0,1.11968,0.774225823497557,31.8700849619525
427332100,TIC 427332100,42,1,42,18.805543333333333,26.805543333333333,10.5526,5357.53,0.800464,3.96548127023296,1.81055565861961
437739555,TIC 437739555,57,1,57,18.78317,26.78317,10.331,5362.43,0.887258,3.02090112545528,25.7620341568243
57962094,TIC 57962094,17,1,17,18.75993,26.75993,10.2766,5492.78,0.802717,5.01723558095005,35.4487393217186
257208552,TIC 257208552,42,2,"42,43",10.706,26.706,10.8573,5705.12,1.19888,7.1299816284144,2.90165749804871
190993948,TIC 190993948,17,1,17,18.702656666666662,26.702656666666662,9.85079,5631.0,0.863585,7.11758562190313,47.537052429957
405209816,TIC 405209816,42,2,"42,43",10.6849,26.6849,10.5357,5939.0,1.13473,3.7881443822633,7.40035712254091
432549095,TIC 432549095,17,1,17,18.68010666666666,26.68010666666666,10.4061,5376.6,0.855716,0.358118074347446,38.0390777806776
427327858,TIC 427327858,42,1,42,18.679186666666677,26.679186666666677,10.5292,5379.48,0.804168,2.33102360685557,2.6852750611568
364956166,TIC 364956166,42,1,42,18.63791,26.63791,10.6501,5381.0,0.758669,5.91609568434297,3.94254071446727
303241553,TIC 303241553,57,1,57,18.63555333333333,26.63555333333333,10.3473,5296.0,0.950858,5.5011653437948,17.2356466290033
437732559,TIC 437732559,57,1,57,18.630349999999996,26.630349999999996,10.5836,5304.56,0.849725,1.8298229999264,26.2828433339491
411516409,TIC 411516409,57,1,57,18.567363333333336,26.567363333333336,10.7198,5176.0,0.908677,6.03287637092547,18.1313751157521
395321302,TIC 395321302,83,1,83,18.54909,26.54909,10.621,5330.0,0.821691,1.15531909900002,15.6391563935773
177705544,TIC 177705544,17,1,17,18.53777666666667,26.53777666666667,10.6504,5336.91,0.805304,0.189703923952505,45.5460230606089
191135104,TIC 191135104,17,1,17,18.508270000000003,26.508270000000003,10.3928,5525.0,0.754553,7.92978706397866,44.0858732394835
194508677,TIC 194508677,17,1,17,18.503509999999995,26.503509999999995,10.2779,5453.0,0.860989,4.77941497857262,38.6535550039787
466438062,TIC 466438062,42,2,"42,43",10.5025,26.5025,10.8918,5726.0,1.18803,6.61324198307944,6.75879969081321
257468659,TIC 257468659,42,1,42,18.484956666666665,26.484956666666665,10.3826,5406.0,0.860131,0.16681495804431,0.315069386686082
293223917,TIC 293223917,70,1,70,18.48286333333333,26.48286333333333,9.9487,5569.0,0.898067,1.61606071052016,1.92137106610819
373280483,TIC 373280483,52,1,52,18.460543333333334,26.460543333333334,9.1345,5866.0,0.978479,2.61975487158185,75.8552356629765
403024003,TIC 403024003,42,1,42,18.45926333333333,26.45926333333333,10.815,5305.0,0.773907,1.49931140000326,7.66750850476045
357369060,TIC 357369060,42,2,"42,43",10.4456,26.4456,10.0971,6101.0,1.1991,2.03956603122383,12.0577801505654
432549056,TIC 432549056,17,1,17,18.38635666666666,26.38635666666666,9.4349,5818.89,0.904996,0.223411248490263,37.8652115256967
601055325,TIC 601055325,17,1,17,18.29694,26.29694,10.9648,5207.0,0.811886,1.75403285484306,43.0828009040786
293360696,TIC 293360696,42,2,"42,43",10.288966666666669,26.288966666666667,10.8995,5970.0,1.00297,5.19553958549687,4.27205965517184
336767129,TIC 336767129,57,1,57,18.271686666666668,26.271686666666668,10.8188,5382.0,0.726978,7.29921027411689,17.1432978293891
456481802,TIC 456481802,83,1,83,18.26612,26.26612,8.97512,5711.36,1.19054,0.0118748885679007,17.4476949757636
401424565,TIC 401424565,42,1,42,18.254196666666665,26.254196666666665,10.7386,5274.0,0.850807,5.07790876882571,11.093218329521
357353480,TIC 357353480,42,2,"42,43",10.234383333333332,26.234383333333334,10.7155,5919.91,1.12377,1.79765492548959,12.2977049950192
432548936,TIC 432548936,17,1,17,18.23126000000001,26.23126000000001,10.5963,5341.73,0.853579,0.163857365974212,37.2797767531993
397555891,TIC 397555891,42,2,"42,43",10.218299999999996,26.2183,10.871,5948.0,1.03977,5.04415199261484,15.4526399259098
395318589,TIC 395318589,83,1,83,18.187380000000005,26.187380000000005,10.7753,5240.45,0.870767,0.975974869503838,15.6067399694828
306067937,TIC 306067937,17,1,17,18.18429,26.18429,10.347,5378.0,0.927771,4.04064355806119,24.6181688402968
405333445,TIC 405333445,42,2,"42,43",10.16696666666666,26.16696666666666,10.8763,5997.06,1.0019,3.00976960745928,7.11623698688473
238435297,TIC 238435297,17,1,17,18.14955666666667,26.14955666666667,10.6054,5322.0,0.874551,6.33339919836096,27.5528401868173
238301265,TIC 238301265,57,1,57,18.148516666666666,26.148516666666666,10.4224,5334.0,0.937855,0.788144807410165,20.436491898597
357369131,TIC 357369131,42,2,"42,43",10.105333333333332,26.10533333333333,10.9084,5833.0,1.13194,2.01269017412105,12.3732571276702
408505208,TIC 408505208,42,2,"42,43",10.057599999999995,26.057599999999997,10.598,6083.0,1.05254,0.46810686717068,10.4385778256336
57957881,TIC 57957881,17,1,17,18.04433333333333,26.04433333333333,9.4062,5755.0,1.00392,4.77120437268451,30.3724026796623
238432027,TIC 238432027,17,1,17,18.04095,26.04095,9.22555,5696.21,1.12551,1.70546759891575,28.9487762470034
426956831,TIC 426956831,57,1,57,18.027526666666667,26.027526666666667,10.491,5441.43,0.832989,2.50841087383539,19.2585384103136
303207658,TIC 303207658,42,2,"42,43",10.027500000000003,26.027500000000003,10.4851,6038.0,1.13821,5.44261660124503,15.4645630577766
202286884,TIC 202286884,17,1,17,18.007413333333332,26.00741333333333,10.7517,5290.0,0.856912,5.34210543575994,50.2256763228672
52019761,TIC 52019761,57,1,57,18.0038,26.0038,9.5321,5687.0,1.01428,4.01452013946323,16.2656622790546
238390058,TIC 238390058,57,1,57,17.969806666666663,25.969806666666663,9.97464,5409.0,1.07233,1.0731219207276,24.3779952144411
293359066,TIC 293359066,42,2,"42,43",9.957666666666666,25.957666666666668,10.7013,6003.0,1.08788,5.09789995990067,0.676020435378657
52053302,TIC 52053302,57,1,57,17.935303333333337,25.935303333333337,9.76489,5692.0,0.923847,4.42169732811813,17.5839047901952
44454426,TIC 44454426,17,1,17,17.891090000000002,25.89109,9.25999,5628.23,1.18337,6.91440831306852,31.8738495301408
439963405,TIC 439963405,17,1,17,17.884803333333334,25.88480333333333,10.3888,5362.0,0.954333,1.79958854387319,43.1003668180852
194414017,TIC 194414017,17,1,17,17.881529999999998,25.88153,10.3622,5486.0,0.861967,3.66487933439753,39.2122681594941
58733801,TIC 58733801,70,1,70,17.83909333333333,25.83909333333333,10.7596,5319.19,0.846259,3.47914245421184,2.17995243273867
257556825,TIC 257556825,42,1,42,17.798846666666662,25.798846666666662,10.0669,5622.0,0.875022,1.18049851005158,4.28966050367801
84014924,TIC 84014924,17,2,"17,84",9.786233333333334,25.786233333333332,10.8786,5986.48,1.04787,1.52938510983266,34.8391877447556
201630175,TIC 201630175,17,1,17,17.773880000000002,25.77388,10.1954,5576.0,0.864452,1.33558759172389,51.4209475962593
257202445,TIC 257202445,42,2,"42,43",9.771466666666662,25.77146666666666,10.6452,5988.0,1.14144,7.02274792844938,0.219329034526462
80426559,TIC 80426559,57,1,57,17.755466666666663,25.755466666666663,8.9915,5913.0,1.06702,2.76213914884294,23.9964893028144
306123509,TIC 306123509,17,1,17,17.728019999999997,25.72802,10.1266,5558.18,0.911408,4.76408330388515,28.3728046301697
468344726,TIC 468344726,42,2,"42,43",9.721866666666664,25.721866666666664,10.7575,6003.0,1.08898,6.110832091652,7.69665184994694
150862791,TIC 150862791,57,1,57,17.708326666666668,25.708326666666668,9.15341,5904.0,1.01447,3.94578807981703,19.5713363700533
405187836,TIC 405187836,42,2,"42,43",9.6924,25.6924,10.9756,5855.0,1.12802,3.38912573271477,6.26779667706773
408508381,TIC 408508381,42,2,"42,43",9.635766666666663,25.635766666666665,10.752,5970.0,1.12729,4.74511724759826,7.06779998267773
201995330,TIC 201995330,17,1,17,17.632046666666668,25.632046666666668,10.7438,5346.0,0.850942,3.6092530601796,52.3568601070215
352176833,TIC 352176833,17,1,17,17.626796666666667,25.626796666666667,10.4986,5436.0,0.874547,0.66561814195265,39.232255610256
259193515,TIC 259193515,57,1,57,17.623673333333333,25.623673333333333,9.63539,5554.72,1.12121,0.358487445201822,44.6982157566664
306118090,TIC 306118090,17,1,17,17.596450000000004,25.596450000000004,10.3927,5496.53,0.8695,4.37217520118416,26.6109781612778
440033377,TIC 440033377,57,1,57,17.591199999999997,25.5912,9.32895,5789.0,1.0518,2.95550332867509,47.8321087446775
395316777,TIC 395316777,83,1,83,17.537930000000003,25.537930000000003,9.56538,5885.0,0.882555,0.754003566407991,16.6183924030976
257557030,TIC 257557030,42,1,42,17.443023333333333,25.443023333333333,10.8074,5319.1,0.866821,1.13033124201819,5.33831380206457
432481978,TIC 432481978,17,1,17,17.411149999999996,25.41115,10.6079,5360.0,0.915725,0.0130361812745782,37.9742139596824
257245531,TIC 257245531,42,2,"42,43",9.387766666666668,25.387766666666668,10.9224,5901.0,1.14143,6.73655238326153,1.15044517126431
194357004,TIC 194357004,17,1,17,17.385903333333328,25.385903333333328,9.93655,5682.31,0.918198,2.75783074909695,41.2259476620539
115475037,TIC 115475037,17,1,17,17.379080000000002,25.37908,10.0536,5549.0,0.983152,7.22837169987767,41.4229799180342
468333469,TIC 468333469,42,2,"42,43",9.367466666666663,25.367466666666665,10.9655,6003.0,1.04122,5.63180547582507,11.781303801525
468279813,TIC 468279813,18,1,18,17.36198333333333,25.36198333333333,10.7642,5263.0,0.938955,6.54930163705614,78.8397278684381
403026807,TIC 403026807,42,2,"42,43",9.31148333333333,25.311483333333328,10.9999,5939.71,1.0858,4.5195344378037,8.07543269486858
194504523,TIC 194504523,17,1,17,17.29696666666667,25.29696666666667,10.1565,5526.0,0.96937,4.49253020333865,38.3497336152557
194437332,TIC 194437332,17,1,17,17.28550333333333,25.28550333333333,10.4046,5436.91,0.945518,3.92243378313682,37.8607231016635
83953033,TIC 83953033,17,1,17,17.259673333333332,25.25967333333333,10.9704,5353.0,0.791706,0.0583021380565144,31.7402121259793
365962274,TIC 365962274,17,1,17,17.2516,25.2516,10.1664,5475.68,1.01188,3.6852993791228,31.689557009063
150901269,TIC 150901269,57,1,57,17.251033333333336,25.251033333333336,10.9401,5032.0,1.07219,4.14373524724227,21.8876661800459
331740727,TIC 331740727,57,1,57,17.175326666666663,25.175326666666663,9.7627,5793.84,0.915854,1.33126787930853,35.5417656053982
405251490,TIC 405251490,42,1,42,17.16706,25.16706,9.54661,5630.0,1.13965,0.361298172673378,7.69536263536375
357410213,TIC 357410213,42,2,"42,43",9.166933333333336,25.166933333333336,10.9294,5995.0,1.08238,2.77207776138559,12.6713071604513
202154881,TIC 202154881,17,1,17,17.166099999999997,25.1661,10.0052,5666.0,0.92631,4.6844637059749,51.3372688351793
52019654,TIC 52019654,57,1,57,17.15518,25.15518,9.18338,5838.74,1.11218,4.08693419706371,16.646365555827
201651046,TIC 201651046,17,1,17,17.14417333333333,25.14417333333333,10.4685,5422.0,0.946516,1.51508181219757,48.4684407720749
238392608,TIC 238392608,57,1,57,17.140813333333334,25.14081333333333,10.5785,5461.9,0.869602,1.22376671201859,27.347471519213
440659383,TIC 440659383,17,1,17,17.127990000000004,25.127990000000004,10.6169,5472.65,0.846566,6.93853879836168,26.1612498638938
419522474,TIC 419522474,57,1,57,17.078986666666665,25.078986666666665,10.5854,5377.92,0.943008,3.90113302113524,34.696687469754
437743785,TIC 437743785,17,1,17,17.078599999999998,25.0786,10.1562,5645.0,0.89216,3.38707255390669,26.8198571336015
201691765,TIC 201691765,17,1,17,17.020740000000004,25.020740000000004,9.94164,5579.0,1.03877,1.69230330383441,51.1092094682559
202092330,TIC 202092330,17,1,17,16.945,24.945,10.8707,5261.0,0.93972,4.1943576733677,50.3355639488862
194433243,TIC 194433243,17,1,17,16.940933333333337,24.940933333333337,10.2876,5437.0,1.0267,3.84345698107228,41.7056107105036
408507134,TIC 408507134,42,2,"42,43",8.928166666666664,24.928166666666662,10.8198,6150.0,1.02093,3.42256281335939,11.6451981241135
293265800,TIC 293265800,42,1,42,16.91963333333333,24.91963333333333,10.1423,5710.0,0.85945,2.16138955024628,3.33150545834797
80434659,TIC 80434659,17,1,17,16.915699999999998,24.9157,10.0791,5489.0,1.06929,5.11436681559588,29.6085799242985
58031317,TIC 58031317,17,1,17,16.90181666666666,24.90181666666666,10.1163,5509.83,1.03844,5.74838768108677,31.7050465789873
202089233,TIC 202089233,17,1,17,16.85154,24.85154,10.0832,5678.0,0.916566,4.08270526391101,48.0606948112487
303240034,TIC 303240034,57,1,57,16.83258,24.83258,10.8479,5375.0,0.865082,5.4505300688249,13.4876057157241
456833920,TIC 456833920,57,1,57,16.818123333333332,24.81812333333333,10.798,5436.07,0.835596,2.58810364326047,18.1083208729715
427328077,TIC 427328077,42,1,42,16.77760666666667,24.77760666666667,10.181,5547.0,0.994006,2.32856656146007,3.6011898736025
238282711,TIC 238282711,57,1,57,16.72001666666667,24.72001666666667,9.76227,5808.0,0.949757,0.351775115346406,22.2799427822416
440067680,TIC 440067680,17,1,17,16.71718666666667,24.71718666666667,9.61587,5646.0,1.1436,3.93501956255882,45.8931677703161
440120993,TIC 440120993,17,1,17,16.713956666666668,24.713956666666668,10.2053,5730.0,0.838151,4.89107411844511,43.2451209912229
150901804,TIC 150901804,57,1,57,16.691766666666666,24.691766666666663,10.2472,5436.0,1.06861,4.15842955858924,23.7884701765825
378733580,TIC 378733580,52,1,52,16.66609333333333,24.66609333333333,9.79626,5665.0,1.06072,4.38900584420225,68.9367239062769
336690911,TIC 336690911,42,1,42,16.60298333333333,24.60298333333333,10.5303,5404.0,0.990915,6.40335154213053,13.7595527426332
201804394,TIC 201804394,17,1,17,16.58196,24.58196,9.52416,5831.0,1.03964,2.3444324665472,51.6352066837854
365934388,TIC 365934388,17,1,17,16.5692,24.5692,9.40897,5993.0,0.951992,3.52611164355651,33.6431640506503
150900949,TIC 150900949,57,1,57,16.562156666666667,24.562156666666667,10.1777,5695.26,0.893321,4.1753261819461,20.6479736768483
331809816,TIC 331809816,17,1,17,16.54046333333333,24.54046333333333,10.1021,5716.0,0.908447,6.55736907381508,41.2107718692897
202236403,TIC 202236403,17,1,17,16.534779999999998,24.53478,10.8053,5336.0,0.944402,4.9685411390246,50.6863945668623
293257916,TIC 293257916,42,1,42,16.53048666666666,24.53048666666666,10.7607,5353.56,0.948038,1.93321846710855,3.32068923727404
468346716,TIC 468346716,42,2,"42,43",8.515300000000003,24.515300000000003,10.8296,6188.0,1.02663,6.37664791723096,9.81477440234386
418735659,TIC 418735659,42,1,42,16.50781666666667,24.50781666666667,10.0903,5679.0,0.947265,0.176392057826471,8.60433423215478
242703037,TIC 242703037,57,1,57,16.42518,24.42518,10.8616,5406.38,0.874192,7.96912091657737,22.9628759865233
440633730,TIC 440633730,17,1,17,16.41516333333333,24.41516333333333,10.6095,5500.0,0.898017,6.44204818468521,27.4424325242738
468877460,TIC 468877460,70,1,70,16.374250000000004,24.374250000000004,10.0293,5573.51,1.07293,6.22359139198968,3.22060928361231
242658241,TIC 242658241,17,1,17,16.343316666666666,24.343316666666663,10.8104,5523.0,0.805675,7.78211511308618,21.0928898402628
380157532,TIC 380157532,84,1,84,16.337896666666673,24.337896666666676,10.1451,5699.19,0.925512,0.18747487133747,18.8357953384645
44521490,TIC 44521490,17,1,17,16.310993333333336,24.310993333333336,9.43836,5851.0,1.08439,7.32222387597484,33.8980062128317
118003701,TIC 118003701,57,1,57,16.30036,24.30036,10.9247,5279.0,0.967584,0.575449282313419,25.9161846009765
437745079,TIC 437745079,17,1,17,16.267909999999997,24.26791,10.9156,5480.39,0.806644,3.58903934827292,25.4729244843761
194464502,TIC 194464502,17,1,17,16.204476666666668,24.204476666666668,10.1497,5661.0,0.968839,4.42004298030149,38.59820433395
258869379,TIC 258869379,57,1,57,16.20108,24.20108,10.2495,5765.0,0.842592,1.4450383758629,22.5740625608223
58764766,TIC 58764766,42,2,"42,43",8.148099999999998,24.1481,10.9305,5984.0,1.19299,6.18596327335986,13.579853452366
150951259,TIC 150951259,57,1,57,16.131106666666664,24.131106666666664,10.4671,5523.0,0.964216,5.09476984353403,21.882325860091
194461725,TIC 194461725,17,1,17,16.114566666666658,24.114566666666654,9.5545,5934.06,0.98836,4.07523899764705,37.291747350561
293372858,TIC 293372858,42,2,"42,43",8.111466666666665,24.111466666666665,10.8835,6138.0,1.08712,5.48789261728399,1.32326314369595
439952233,TIC 439952233,17,1,17,16.109986666666668,24.109986666666668,10.3844,5607.0,0.929408,1.46005148753232,42.9135020766092
306070438,TIC 306070438,17,1,17,16.09018,24.09018,10.8088,5501.0,0.849962,4.23040681897792,27.5515766116608
440104632,TIC 440104632,57,1,57,16.083189999999995,24.083189999999995,10.7833,5473.52,0.883761,4.45559197689749,46.5376208248281
306121572,TIC 306121572,17,1,17,16.06254,24.06254,10.4318,5567.0,0.948526,4.60075928524523,25.5860840891131
22525591,TIC 22525591,17,1,17,16.055410000000002,24.05541,10.4668,5602.76,0.905439,2.81042525511139,34.3839831956705
437744696,TIC 437744696,57,1,57,16.022776666666662,24.022776666666665,9.69157,5868.0,0.997761,3.50106634172675,24.3121319030122
301789924,TIC 301789924,57,1,57,15.972179999999998,23.97218,10.8923,5384.0,0.925862,1.98384977123121,23.6007425166746
365964548,TIC 365964548,17,1,17,15.96766,23.96766,10.2125,5757.86,0.886684,3.93104643108465,33.8335990950936
257486327,TIC 257486327,70,1,70,15.945900000000002,23.9459,10.9353,5444.57,0.860815,0.155298426379724,5.31661226952098
194325471,TIC 194325471,17,1,17,15.936113333333324,23.936113333333324,10.0981,5684.02,0.997132,2.3792091428854,38.4783980214722
301788825,TIC 301788825,57,1,57,15.929853333333329,23.929853333333327,10.2193,5723.35,0.916503,1.92605804991624,19.5873962448216
202712412,TIC 202712412,17,1,17,15.922219999999996,23.92222,10.9434,5420.0,0.880418,7.80390568741809,51.036056384024
194461163,TIC 194461163,17,1,17,15.911123333333332,23.91112333333333,9.59601,5964.04,0.967117,4.06767888907229,38.3580420611152
201565057,TIC 201565057,17,1,17,15.87266,23.87266,10.747,5462.0,0.928934,0.942683784004662,51.603605153755
56283093,TIC 56283093,17,1,17,15.864553333333337,23.864553333333333,10.1306,5761.0,0.927138,3.50238447131362,33.1307609272506
258876983,TIC 258876983,57,1,57,15.85678,23.85678,9.63293,5780.0,1.11115,1.8540585505265,20.4755726003644
238305529,TIC 238305529,17,1,17,15.851393333333334,23.85139333333333,8.91156,6049.0,1.17607,5.75812738486993,23.7989814268472
440176841,TIC 440176841,17,1,17,15.797789999999996,23.79779,10.8908,5543.0,0.811401,6.30233279417162,47.5183448012786
22566917,TIC 22566917,17,1,17,15.787916666666666,23.787916666666668,10.2126,5461.71,1.15141,2.96157034313013,32.4261510710829
306067341,TIC 306067341,17,1,17,15.768833333333337,23.768833333333333,9.8052,5824.0,1.01437,3.97737968198915,25.2418168829579
60909353,TIC 60909353,57,1,57,15.767533333333333,23.767533333333333,10.4877,5368.0,1.1215,5.63199019129196,18.9661209856132
201521700,TIC 201521700,17,1,17,15.766676666666667,23.76667666666667,10.9599,5439.0,0.873539,0.95628682376373,48.3488346307214
301746739,TIC 301746739,57,1,57,15.7313,23.7313,10.0094,5648.0,1.08311,1.5391079427674,23.7733506465778
440007271,TIC 440007271,17,1,17,15.723956666666668,23.723956666666663,10.1748,5862.0,0.839351,2.62055339865731,45.3941461569079
56283917,TIC 56283917,17,1,17,15.710683333333332,23.71068333333333,10.1709,5703.43,0.97438,3.4115646098695,30.9558950398334
127419512,TIC 127419512,17,1,17,15.667583333333331,23.667583333333333,10.223,5776.36,0.897075,5.81890924439698,40.5768842051305
194413802,TIC 194413802,17,1,17,15.65515666666666,23.655156666666663,10.6414,5601.96,0.876291,3.7035895060812,38.8385702754116
357351631,TIC 357351631,84,1,84,15.585253333333334,23.58525333333333,9.63247,5794.0,1.12682,1.62154861343841,17.1000150253147
57958375,TIC 57958375,17,1,17,15.572779999999996,23.572779999999995,10.3907,5735.0,0.873942,4.80023331151869,31.2173723935712
437763688,TIC 437763688,17,1,17,15.567593333333331,23.56759333333333,10.2042,5770.12,0.919794,6.19229440935012,25.6858268251055
44557678,TIC 44557678,17,1,17,15.565876666666666,23.565876666666668,9.86281,5826.75,1.00933,7.69032954800665,32.6403385602027
194253471,TIC 194253471,17,1,17,15.565616666666674,23.565616666666678,10.4615,5622.48,0.940105,1.70242461768053,40.5935424278718
301789072,TIC 301789072,57,1,57,15.562426666666669,23.562426666666667,9.45591,5973.0,1.05056,2.02271203834935,20.4781652240876
306124378,TIC 306124378,17,1,17,15.547226666666669,23.547226666666667,10.6897,5610.87,0.860339,4.68056233703634,25.8273630372266
238304510,TIC 238304510,57,1,57,15.517419999999996,23.517419999999998,9.80493,5963.0,0.923786,1.07054863392522,20.3218338865482
293265982,TIC 293265982,42,1,42,15.478296666666669,23.478296666666665,10.1527,5799.72,0.924657,2.10521389233361,2.51515248725641
440161725,TIC 440161725,17,1,17,15.464359999999996,23.46436,10.4906,5579.0,0.974824,5.86005985390069,43.3295255395607
439953765,TIC 439953765,17,1,17,15.422329999999995,23.422329999999995,10.7139,5630.0,0.847207,1.47661636317668,43.1215878266765
466442396,TIC 466442396,42,2,"42,43",7.399666666666668,23.39966666666667,10.8433,6165.0,1.15188,6.99812637037675,6.5857376917632
427330760,TIC 427330760,42,1,42,15.39307333333333,23.39307333333333,9.11959,6118.0,1.08119,2.60950650332699,3.9527498972674
439970703,TIC 439970703,17,1,17,15.374053333333336,23.374053333333336,10.4165,5716.0,0.899328,2.05778688280318,44.4735970192879
440160148,TIC 440160148,17,1,17,15.334666666666664,23.334666666666664,10.3557,5592.0,1.03092,5.69969807093867,42.5725238626662
51924540,TIC 51924540,57,1,57,15.316533333333334,23.31653333333333,10.6191,5338.0,1.13904,3.10044990220467,17.3247660527441
202648050,TIC 202648050,57,1,57,15.308983333333334,23.30898333333333,10.2305,5719.0,0.977735,7.41894680345623,50.0638614397733
150970251,TIC 150970251,57,1,57,15.258680000000002,23.25868,10.698,5598.98,0.895782,5.258475099442,18.3591620448603
238418190,TIC 238418190,57,1,57,15.184839999999996,23.184839999999998,9.83899,5765.0,1.10842,1.53013832304423,25.0796109570178
117953586,TIC 117953586,57,1,57,15.18427333333333,23.18427333333333,10.7207,5656.0,0.846626,0.498980161341233,23.9598885368631
354594978,TIC 354594978,17,1,17,15.15097,23.15097,10.3944,5701.55,0.942518,1.82445445126325,30.3897660340312
293373161,TIC 293373161,70,1,70,15.107599999999998,23.1076,10.3755,5585.0,1.05154,5.48693395951839,2.92263990141912
115547316,TIC 115547316,17,1,17,15.0714,23.0714,10.5519,5675.0,0.9096,7.8180828656851,40.8090696533812
357393038,TIC 357393038,84,1,84,15.036033333333332,23.03603333333333,9.8216,5767.0,1.12859,2.51995352109643,15.3235393762581
150816005,TIC 150816005,57,1,57,15.035749999999997,23.03575,10.5538,5627.0,0.952405,3.09679820817672,21.2617332222747
258868959,TIC 258868959,57,1,57,15.013740000000002,23.01374,9.88464,5852.0,1.03477,1.48269246653461,21.024295555311
194383374,TIC 194383374,17,1,17,14.996683333333332,22.996683333333333,9.3024,6045.61,1.10803,3.2595598137226,38.6531956988192
44452655,TIC 44452655,17,1,17,14.981003333333334,22.981003333333334,10.11,5845.0,0.953733,6.84548222492388,32.6610497105736
202412330,TIC 202412330,57,1,57,14.97022,22.97022,10.8591,5438.0,0.994338,5.86669240097109,48.8827056586593
405266029,TIC 405266029,42,1,42,14.928106666666665,22.928106666666665,10.5702,5727.0,0.873276,0.357969543848717,8.48049591985593
293220536,TIC 293220536,70,1,70,14.910800000000004,22.9108,10.5849,5492.0,1.06496,1.54856070301966,2.66847590547547
150861292,TIC 150861292,57,1,57,14.8656,22.8656,10.4484,5609.0,1.02658,3.80477627634418,21.5881554023106
238301837,TIC 238301837,57,1,57,14.854746666666664,22.854746666666664,9.49393,5976.0,1.10362,0.784087829987624,22.3977603147598
293257622,TIC 293257622,42,1,42,14.850576666666663,22.850576666666665,10.1349,5958.0,0.862649,1.92734791176465,4.67636896272949
293266346,TIC 293266346,70,1,70,14.813166666666666,22.813166666666667,10.6238,5457.6,1.08783,2.17359110372002,0.885723584701168
357369996,TIC 357369996,84,1,84,14.809866666666668,22.809866666666668,10.1451,5664.0,1.10764,2.06147189843522,15.952241811197
288297198,TIC 288297198,17,1,17,14.801603333333336,22.801603333333336,9.72107,6061.0,0.947245,5.49427752839412,39.6380825877989
258912731,TIC 258912731,57,1,57,14.79310666666666,22.79310666666666,10.9082,5542.26,0.905526,2.40976115498231,20.6135738130527
38380282,TIC 38380282,42,1,42,14.737499999999995,22.7375,10.3937,5657.0,1.02127,3.20732893166385,5.39001548939978
115511142,TIC 115511142,17,1,17,14.736133333333338,22.73613333333334,9.71375,5986.78,1.01857,7.41644019059192,40.1321392202725
403024226,TIC 403024226,42,1,42,14.729966666666668,22.72996666666667,9.8591,5886.0,1.04503,1.48611168112916,6.36294077449633
411533604,TIC 411533604,17,1,17,14.706373333333335,22.70637333333333,9.85114,5758.0,1.15724,6.99256550092301,20.0783515006084
202649731,TIC 202649731,17,1,17,14.701399999999996,22.7014,10.4959,5621.0,1.014,7.55168743706437,51.3072753447834
194351684,TIC 194351684,17,1,17,14.658399999999997,22.6584,10.0065,5783.66,1.07851,2.65289200074631,40.2125116971434
257502375,TIC 257502375,42,1,42,14.657676666666667,22.657676666666667,10.6833,5727.0,0.855079,0.686859869057162,2.47767367332787
437760255,TIC 437760255,17,1,17,14.656643333333331,22.65664333333333,10.0251,5879.41,0.991454,5.87807191971413,26.2265666479631
303207348,TIC 303207348,57,1,57,14.64552,22.64552,9.81332,5816.0,1.13012,5.37171352304005,16.2061517281589
418735354,TIC 418735354,42,1,42,14.643786666666667,22.64378666666667,9.81942,5961.0,1.00702,0.242796047360108,7.15671528604548
202280869,TIC 202280869,17,1,17,14.54995,22.54995,10.4474,5783.0,0.913545,5.17046214582163,50.5168553615277
194460297,TIC 194460297,17,1,17,14.546386666666663,22.546386666666663,9.27852,6195.0,1.03812,4.08406067750795,39.8817228739926
306124048,TIC 306124048,17,1,17,14.490193333333336,22.490193333333337,10.2578,5788.36,0.990894,4.74771503480475,26.794618196854
44487929,TIC 44487929,17,1,17,14.48433333333333,22.48433333333333,10.4808,5671.0,1.00008,7.12860779395603,32.7593626788265
202435784,TIC 202435784,17,1,17,14.484039999999998,22.48404,10.9931,5666.0,0.799356,6.17779168718839,50.4668614617192
118004759,TIC 118004759,57,1,57,14.445133333333333,22.44513333333333,10.006,5755.0,1.12392,0.774941672335452,25.228997110313
439967376,TIC 439967376,57,1,57,14.432026666666664,22.432026666666665,9.93256,5850.12,1.07534,1.91028585884142,47.6550835285506
58765079,TIC 58765079,42,1,42,14.431329999999996,22.43133,10.4815,5690.0,0.989267,6.18593907452825,12.2128714864897
150899788,TIC 150899788,57,1,57,14.419233333333327,22.419233333333327,10.9075,5632.6,0.86791,4.03735024525814,19.4772658306295
306121749,TIC 306121749,17,1,17,14.387746666666663,22.387746666666665,9.73098,6042.0,1.0005,4.62791494445783,26.1004983466879
293266247,TIC 293266247,70,1,70,14.353699999999996,22.3537,10.835,5513.0,1.00313,2.08094167021926,1.33509234501693
408505637,TIC 408505637,42,1,42,14.347143333333332,22.34714333333333,10.9019,5674.0,0.842859,0.445745111334616,8.28731731665108
432485226,TIC 432485226,17,1,17,14.341583333333334,22.34158333333333,10.1011,5837.11,1.02781,0.229116791211445,39.7120578176718
405267612,TIC 405267612,42,1,42,14.315526666666663,22.315526666666663,9.78246,5946.0,1.06713,0.657064189178332,7.72555223521845
117928464,TIC 117928464,57,1,57,14.290096666666669,22.290096666666667,10.0292,5943.0,0.973477,0.252615605014063,24.7389217594798
58734605,TIC 58734605,42,1,42,14.282746666666668,22.282746666666668,10.4332,5780.37,0.948137,3.67458654396782,0.410971977664453
58105576,TIC 58105576,17,1,17,14.25476666666666,22.25476666666666,9.8076,5835.0,1.15565,6.47157719797427,31.0626032504708
468877770,TIC 468877770,42,1,42,14.2436,22.2436,9.9246,5798.0,1.1408,6.27078685961899,5.04781584060654
202148559,TIC 202148559,17,1,17,14.226833333333335,22.22683333333333,10.4537,5698.0,1.01417,4.43195782402058,49.5743844601574
115471589,TIC 115471589,17,1,17,14.18827333333333,22.188273333333328,10.4449,5821.51,0.918621,7.0722886704292,39.0154711013222
257523218,TIC 257523218,70,1,70,14.187926666666666,22.187926666666662,9.94876,5865.42,1.08052,0.942017911585052,4.33120873749349
352176774,TIC 352176774,17,1,17,14.173173333333336,22.173173333333335,9.90129,5860.0,1.1055,0.630683831563398,39.1413413176354
150783428,TIC 150783428,57,1,57,14.166533333333332,22.166533333333334,10.0117,5897.26,1.03095,2.90708485755262,18.4337257577379
238418024,TIC 238418024,57,1,57,14.161639999999997,22.16164,9.81539,6029.0,1.00018,1.47299055078601,25.5921798368164
466437598,TIC 466437598,42,1,42,14.129123333333336,22.129123333333336,10.6999,5842.0,0.805461,6.54146922995192,7.63498749168435
439966406,TIC 439966406,17,1,17,14.11178,22.111780000000003,9.46628,6146.0,1.04731,1.87059869535961,46.640613163399
190969691,TIC 190969691,17,1,17,14.11062,22.11062,9.89032,5951.0,1.04031,6.63423037685435,47.3947323955655
202041682,TIC 202041682,17,1,17,14.01649,22.01649,9.7812,6089.0,0.978371,3.96265045302802,49.9777692136378
150863271,TIC 150863271,57,1,57,14.012293333333332,22.01229333333333,9.85791,6013.0,1.01144,3.94615910312166,21.3307808993724
201998600,TIC 201998600,57,1,57,14.007259999999995,22.007259999999995,9.73562,6119.0,0.972526,3.6952965180974,53.6772047804226
115475010,TIC 115475010,17,1,17,13.974926666666668,21.97492666666667,10.4112,5787.0,0.982194,7.26307773376735,41.4442938022494
303156157,TIC 303156157,57,1,57,13.974103333333332,21.97410333333333,10.7095,5638.0,0.987123,4.62540916037812,16.2407142159225
293257379,TIC 293257379,42,1,42,13.942333333333334,21.94233333333333,10.2336,5779.0,1.06316,1.84330147435932,5.75234598748059
150949415,TIC 150949415,57,1,57,13.915566666666669,21.915566666666667,10.6031,5672.7,1.00662,4.93249106782456,19.4240065477014
411527808,TIC 411527808,57,1,57,13.896346666666668,21.896346666666663,10.7541,5760.0,0.875392,6.4403671224451,22.2297389882802
194461467,TIC 194461467,17,1,17,13.88332333333334,21.883323333333337,9.70824,5969.23,1.12068,4.17093988583222,37.7823699317682
468283744,TIC 468283744,19,1,19,13.874333333333334,21.874333333333333,10.6001,5734.0,0.96086,6.36468332219717,82.3061083867746
257467741,TIC 257467741,70,1,70,13.81408333333333,21.81408333333333,9.72333,6175.0,0.950093,0.0349670703976181,5.30811862210154
80426043,TIC 80426043,57,1,57,13.79815,21.79815,10.0189,5963.33,1.00985,2.74146928195731,25.6000628857416
201812656,TIC 201812656,17,1,17,13.718693333333334,21.71869333333333,10.6888,5750.86,0.926894,2.53125420097233,51.2547533849382
150904269,TIC 150904269,57,1,57,13.680549999999997,21.68055,10.9878,5680.76,0.869525,4.40729738150943,20.9729127820879
456835567,TIC 456835567,57,1,57,13.67874,21.67874,9.20684,6146.0,1.19439,2.63510479857442,23.6497677029424
293222926,TIC 293222926,42,1,42,13.673633333333331,21.67363333333333,9.59525,6145.0,1.04037,1.64564660311698,4.17042928558032
238393739,TIC 238393739,57,1,57,13.636723333333334,21.636723333333336,10.414,5902.0,0.919061,1.36706425867288,24.2447061817662
306125356,TIC 306125356,17,1,17,13.616633333333334,21.616633333333333,10.1563,5793.16,1.11485,4.83672689849493,25.2119854401344
437733987,TIC 437733987,57,1,57,13.59018333333333,21.59018333333333,10.4718,5733.01,1.04142,2.18362895972874,26.2136329248809
440147704,TIC 440147704,17,1,17,13.5508,21.5508,10.2463,5807.0,1.0739,5.22899833861704,44.6680351080231
202432815,TIC 202432815,17,1,17,13.545699999999997,21.5457,10.079,5756.0,1.18383,6.18035233941047,52.4896862168908
258876259,TIC 258876259,57,1,57,13.531579999999998,21.53158,10.6745,5780.0,0.927042,1.89164854134856,23.1972839134665
150904612,TIC 150904612,57,1,57,13.494733333333327,21.49473333333333,10.3556,5857.0,0.99412,4.36917100758494,22.1773286005026
51941176,TIC 51941176,57,1,57,13.489193333333333,21.489193333333333,9.72371,6112.0,1.03493,3.15651328635789,16.4742065878465
194209728,TIC 194209728,17,1,17,13.480250000000003,21.480250000000005,9.8667,5918.03,1.14027,1.21797717210021,41.4435382530141
432482225,TIC 432482225,17,1,17,13.382720000000004,21.382720000000003,10.2188,5973.32,0.963108,0.0812816201645455,40.0434646648427
117952970,TIC 117952970,57,1,57,13.336766666666664,21.336766666666666,10.6056,5691.0,1.04825,0.369246770650174,25.9979777393952
357351538,TIC 357351538,84,1,84,13.335833333333332,21.335833333333333,10.6749,5667.88,1.03989,1.61755739149531,16.7153531477236
426957787,TIC 426957787,57,1,57,13.32333,21.32333,10.8028,5801.0,0.879047,2.44683891921341,22.8151218415123
202281194,TIC 202281194,17,1,17,13.28107,21.28107,10.5496,5852.0,0.942053,5.07346108827402,50.2716957969413
440656322,TIC 440656322,17,1,17,13.272966666666663,21.272966666666665,9.8375,5904.0,1.18437,6.72505632584865,23.929365322528
201575442,TIC 201575442,17,1,17,13.27284333333333,21.27284333333333,10.9792,5797.0,0.816869,1.20329878221612,49.4491056145711
51986327,TIC 51986327,57,1,57,13.243933333333333,21.24393333333333,9.79885,5935.0,1.1769,3.41054171584533,16.4831596871794
282721992,TIC 282721992,57,1,57,13.213783333333332,21.21378333333333,10.9985,5487.13,1.07328,1.9170654171287,25.3625914984565
437754671,TIC 437754671,17,1,17,13.184449999999996,21.184449999999995,10.2416,5900.81,1.03424,5.51885543302887,27.9436576445738
439961937,TIC 439961937,17,1,17,13.155919999999991,21.155919999999995,9.50167,6138.8,1.13474,1.73460933087906,42.8706704086889
405267516,TIC 405267516,42,1,42,13.135249999999996,21.13525,10.5591,5861.0,0.945335,0.669125988828458,8.21318769567988
58733648,TIC 58733648,42,1,42,13.11892,21.11892,9.48422,6153.74,1.13297,3.46802572762039,1.31590072099128
427721805,TIC 427721805,57,1,57,13.09763333333333,21.09763333333333,10.015,5962.0,1.08257,2.06790007653219,23.9731710981242
414783875,TIC 414783875,42,1,42,13.08573333333333,21.08573333333333,10.0446,5902.0,1.12192,7.95740125264073,13.0449630799338
117926755,TIC 117926755,57,1,57,13.075979999999998,21.07598,10.4093,5918.0,0.963682,0.119540704200954,28.5115966893371
150814248,TIC 150814248,57,1,57,13.035976666666665,21.035976666666663,10.599,5817.0,0.975969,3.04378045606036,21.2346620656926
238300268,TIC 238300268,57,1,57,13.034553333333331,21.03455333333333,9.45407,6156.76,1.15095,0.730161821995871,19.0043745437358
429033140,TIC 429033140,42,1,42,13.0287,21.0287,10.3295,5867.66,1.04228,1.23457745881123,0.52321928476503
357370443,TIC 357370443,57,1,57,13.02623333333333,21.02623333333333,10.5866,5701.0,1.07857,2.11032814730197,17.6483998222958
331741888,TIC 331741888,17,1,17,12.898499999999997,20.8985,10.4205,5915.0,0.97945,2.57861134791539,27.539370371607
257524006,TIC 257524006,70,1,70,12.879506666666664,20.879506666666664,10.8742,5718.0,0.964036,1.08248423205839,3.56127221535894
58756961,TIC 58756961,42,1,42,12.872920000000002,20.87292,9.96651,6134.0,0.981104,5.91166606596775,12.4756948255008
150815845,TIC 150815845,57,1,57,12.861266666666667,20.86126666666667,10.2115,5991.0,1.00344,3.08904340374935,20.6775691600134
201699949,TIC 201699949,17,1,17,12.839416666666668,20.83941666666667,10.7876,5677.41,1.03651,1.97450367398907,51.8178017547222
202548996,TIC 202548996,17,1,17,12.81483333333333,20.814833333333333,10.6941,5698.0,1.05921,6.90364846025146,50.3901793757413
22525290,TIC 22525290,17,1,17,12.7997,20.7997,10.184,5965.34,1.04198,2.87216922026847,35.0454382063594
242657905,TIC 242657905,17,1,17,12.790799999999996,20.7908,10.6066,5909.0,0.92078,7.68648760139956,18.2705980051761
191075557,TIC 191075557,17,1,17,12.777386666666668,20.77738666666667,10.4065,5967.0,0.953828,7.41382873809789,42.1543512103479
58733459,TIC 58733459,42,1,42,12.75165,20.75165,10.2846,5869.13,1.08672,3.48706055125402,0.226845795081975
44524611,TIC 44524611,17,1,17,12.739106666666668,20.739106666666668,9.79994,6078.0,1.10778,7.48555417226927,33.7740827877913
44452106,TIC 44452106,84,1,84,12.72933333333333,20.72933333333333,10.6697,5644.0,1.12252,6.85278612811852,33.9878589500655
115416479,TIC 115416479,17,1,17,12.724963333333331,20.72496333333333,10.5007,5932.0,0.950557,7.03279944912197,37.8763310880689
257468075,TIC 257468075,42,1,42,12.66383,20.66383,10.764,5837.0,0.930517,0.118396130076013,3.60377568650071
60909656,TIC 60909656,57,1,57,12.65354,20.65354,9.67349,6115.22,1.1359,5.62087240341671,19.5749552521244
52053860,TIC 52053860,57,1,57,12.610966666666664,20.610966666666663,10.6532,5667.0,1.12179,4.47144077114778,16.1795924365713
194508543,TIC 194508543,17,1,17,12.584463333333334,20.58446333333333,9.76848,6075.73,1.13772,4.64364033806352,38.8953118114908
439948936,TIC 439948936,17,1,17,12.56713333333333,20.56713333333333,10.1713,5908.0,1.1181,1.38507244449374,46.9171796131505
117954483,TIC 117954483,57,1,57,12.55412,20.55412,10.3996,6005.0,0.947248,0.456262233318292,26.832950893024
117927663,TIC 117927663,57,1,57,12.5164,20.5164,10.2174,5843.0,1.1589,0.0978968536409177,25.7892220318445
357393303,TIC 357393303,57,1,57,12.481966666666665,20.481966666666665,10.3322,5829.0,1.12809,2.55238956024845,16.3960120914587
408505896,TIC 408505896,42,1,42,12.481733333333333,20.48173333333333,10.2666,6013.0,1.00102,0.402460734740269,6.88155699355798
257487970,TIC 257487970,42,1,42,12.479366666666666,20.479366666666664,10.0661,5976.66,1.11174,0.462738462498331,1.56959293521982
336738341,TIC 336738341,57,1,57,12.448933333333336,20.448933333333336,10.3233,5932.0,1.04912,7.02478775635903,17.5412119466423
301788720,TIC 301788720,57,1,57,12.437013333333336,20.437013333333333,9.58898,6139.0,1.17154,2.0320546746607,19.1620444386656
456834107,TIC 456834107,57,1,57,12.396333333333338,20.396333333333335,10.4119,5899.9,1.04569,2.63644841503763,18.8105233892808
437732142,TIC 437732142,57,1,57,12.3381,20.3381,10.1825,6035.0,1.03069,1.84581870359438,27.5492261791734
306122388,TIC 306122388,17,1,17,12.328266666666668,20.328266666666668,9.95755,6147.0,1.02832,4.52619401843831,28.1725195304654
380156888,TIC 380156888,57,1,57,12.233660000000002,20.23366,9.89036,6077.0,1.12299,0.259888763548703,21.3457472709149
194207710,TIC 194207710,17,1,17,12.221233333333332,20.22123333333333,10.0134,5952.4,1.17885,1.30441054386488,38.0787048828769
395352510,TIC 395352510,84,1,84,12.202366666666665,20.202366666666663,10.7027,5787.0,1.04285,2.15940671943064,15.6815610971814
437755614,TIC 437755614,17,1,17,12.200376666666664,20.200376666666664,9.85216,6024.51,1.18534,5.45299209614243,24.8825943623973
194327621,TIC 194327621,17,1,17,12.188049999999995,20.18805,10.1736,6031.37,1.05228,2.45791665839213,37.5162157010714
83957915,TIC 83957915,17,1,17,12.16161333333333,20.161613333333328,9.85613,6138.22,1.09287,0.348199556815791,30.8280166645128
293256342,TIC 293256342,70,1,70,12.161233333333332,20.16123333333333,10.7643,5799.94,1.01154,1.71704312244375,1.49735238505008
354593915,TIC 354593915,17,1,17,12.138823333333333,20.13882333333333,9.63169,6128.53,1.193,1.86610710574947,33.1297823907881
201891385,TIC 201891385,17,1,17,12.098739999999998,20.09874,10.5068,5969.0,0.979906,3.04816916258194,51.3861138986387
117952820,TIC 117952820,57,1,57,12.093400000000004,20.093400000000003,10.5369,5858.0,1.0609,0.369546817622696,26.4231336196976
201630051,TIC 201630051,17,1,17,12.060733333333332,20.06073333333333,10.2352,6010.0,1.05818,1.40003581098049,51.3394526164795
52004875,TIC 52004875,42,1,42,12.044666666666668,20.044666666666668,10.3599,5955.0,1.05574,3.75141328378946,13.1212531712852
190974313,TIC 190974313,17,1,17,12.038099999999996,20.0381,10.1928,5951.0,1.12657,6.83738280741187,42.9553973390216
127501685,TIC 127501685,17,1,17,12.037483333333334,20.03748333333333,10.1305,6003.13,1.10811,6.89451180412845,36.2460520428697
405246835,TIC 405246835,83,1,83,12.029599999999997,20.029599999999995,10.1231,5912.0,1.1878,0.568921896171502,15.1280560443838
272124774,TIC 272124774,42,1,42,12.02558333333333,20.02558333333333,10.1923,5893.93,1.17558,2.82716929954242,1.20304622336681
411526808,TIC 411526808,57,1,57,12.015699999999995,20.015699999999995,10.1767,5885.0,1.19025,6.36420519533764,21.6937566151615
202668499,TIC 202668499,17,1,17,11.926863333333332,19.92686333333333,10.4366,6022.0,0.981007,7.60791530141379,51.646165626564
439968198,TIC 439968198,57,1,57,11.9089,19.9089,10.9796,5707.76,1.02747,2.04942223873595,47.3525697782945
238393293,TIC 238393293,57,1,57,11.905666666666663,19.90566666666666,10.0982,5997.0,1.13932,1.25549944413283,25.1231413529115
456834730,TIC 456834730,57,1,57,11.90082,19.90082,10.7453,6014.0,0.866798,2.67771954840026,20.9675683498047
201893291,TIC 201893291,17,1,17,11.8952,19.8952,10.7957,5705.0,1.1047,2.89550259512433,50.0409486363454
403024769,TIC 403024769,42,1,42,11.877233333333333,19.877233333333333,10.3658,6025.0,1.01179,1.68254906533165,8.65720526082849
257503470,TIC 257503470,70,1,70,11.859246666666667,19.859246666666667,10.9614,5771.25,0.986807,0.811101008374793,4.22419997495626
117926982,TIC 117926982,57,1,57,11.806633333333336,19.806633333333338,10.7662,5722.0,1.11119,0.0978700587743129,27.8113624801963
150815092,TIC 150815092,57,1,57,11.709533333333331,19.709533333333333,10.078,6004.0,1.16118,3.0075636677124,18.0288459217555
191082523,TIC 191082523,17,1,17,11.6043,19.6043,10.1546,6062.0,1.09273,7.70626904553075,45.7873196451978
238296234,TIC 238296234,57,1,57,11.586166666666664,19.586166666666664,10.7894,5796.0,1.06229,0.505900440531066,21.7828883553663
426956690,TIC 426956690,57,1,57,11.569633333333332,19.56963333333333,10.292,6061.0,1.04207,2.45623075931453,18.8030118793791
242702919,TIC 242702919,17,1,17,11.512733333333331,19.512733333333333,10.2249,6061.0,1.0746,7.95720837872299,21.5176316126569
202369569,TIC 202369569,17,1,17,11.489216666666666,19.489216666666664,10.6601,5964.0,0.983705,5.7052710653064,52.5820792342252
258912599,TIC 258912599,57,1,57,11.442966666666663,19.442966666666663,10.269,6129.0,1.00727,2.41387056985506,20.8248718386077
331803739,TIC 331803739,57,1,57,11.44268,19.44268,10.7461,5990.0,0.932292,2.59924699677016,24.0718790127018
257489067,TIC 257489067,70,1,70,11.4274,19.4274,10.4391,5984.0,1.06162,0.557516571411367,5.03406540831311
51989174,TIC 51989174,57,1,57,11.264813333333336,19.264813333333336,10.8967,6004.0,0.878172,3.7144911277244,15.7037268991385
258913836,TIC 258913836,57,1,57,11.121296666666662,19.121296666666662,10.9312,5958.0,0.917057,2.38621286791243,18.4515236548289
117956399,TIC 117956399,57,1,57,11.101466666666669,19.101466666666667,10.5895,5907.0,1.09822,0.625674381035134,27.5024866833775
242701206,TIC 242701206,57,1,57,11.081949999999996,19.08195,10.6445,5867.75,1.11088,7.9339414014075,22.6415047245348
60909964,TIC 60909964,57,1,57,11.029200000000005,19.029200000000003,10.9035,5653.16,1.19138,5.64656437321545,20.4090750395516
440115454,TIC 440115454,57,1,57,11.021799999999995,19.0218,10.1256,6038.0,1.18258,4.77176474336512,46.7261915639852
150815569,TIC 150815569,57,1,57,10.989766666666664,18.989766666666664,10.8422,5703.0,1.17831,3.1668020849927,19.5994566827895
58721274,TIC 58721274,42,1,42,10.940876666666668,18.940876666666668,10.9508,5994.42,0.896909,3.0523965656628,0.914376545661869
58031917,TIC 58031917,17,1,17,10.886899999999995,18.8869,10.3183,6122.0,1.04899,5.78394262793932,30.1230809881193
396233023,TIC 396233023,57,1,57,10.781899999999998,18.7819,10.1175,6156.02,1.11146,0.204992322165679,32.8015065008224
238392687,TIC 238392687,57,1,57,10.726533333333336,18.726533333333336,10.5223,6046.0,1.04676,1.23878679517176,27.0832400928803
411531604,TIC 411531604,57,1,57,10.707133333333337,18.70713333333333,10.0894,6088.0,1.18686,6.86934543169936,18.7334379736842
449981502,TIC 449981502,58,1,58,10.695313333333331,18.69531333333333,10.9458,5904.58,0.998332,6.42741887447294,55.0240656810688
150784784,TIC 150784784,57,1,57,10.694499999999998,18.6945,10.3435,6008.0,1.15315,2.83521410603744,23.3170911672732
411516314,TIC 411516314,57,1,57,10.672506666666663,18.672506666666663,10.5859,6162.0,0.930056,6.00196478612511,18.1553645298569
336764364,TIC 336764364,57,1,57,10.646533333333334,18.64653333333333,10.2411,6160.0,1.07224,7.15597722022618,17.48210670533
327370342,TIC 327370342,24,1,24,10.6384,18.6384,10.7182,5861.0,1.13138,4.69435184703425,59.3955205624287
468335529,TIC 468335529,42,1,42,10.61866666666667,18.61866666666667,10.0436,6168.0,1.14736,5.80168795267357,11.0553506710483
150855611,TIC 150855611,57,1,57,10.548233333333332,18.54823333333333,10.8827,5779.0,1.14293,3.48818013588244,21.2502721643339
274801446,TIC 274801446,52,1,52,10.494933333333336,18.494933333333336,10.9766,5917.0,0.9957,7.98085042849562,77.7632392170865
303206470,TIC 303206470,57,1,57,10.480066666666662,18.480066666666666,10.8909,5760.0,1.1623,5.34056998602097,17.7231126966608
380156221,TIC 380156221,57,1,57,10.349066666666667,18.349066666666666,10.4544,5940.0,1.2,0.164779087180705,23.7897905506359
238390079,TIC 238390079,57,1,57,10.336866666666666,18.336866666666666,10.6555,6120.0,0.97078,1.19330576684791,24.4643759088933
257303808,TIC 257303808,70,1,70,10.328133333333335,18.328133333333337,10.2641,6154.0,1.09988,7.56663463079167,3.83653035524565
293284137,TIC 293284137,42,1,42,10.271283333333333,18.271283333333333,10.5746,6031.45,1.08349,4.31365539303791,2.14513927864807
238432041,TIC 238432041,57,1,57,10.206883333333334,18.206883333333334,10.785,5866.03,1.14362,1.67793119986987,28.9697147179087
293256559,TIC 293256559,70,1,70,10.155649999999993,18.155649999999994,10.3267,6162.77,1.08478,1.81335894267318,2.50181742809752
257468640,TIC 257468640,42,1,42,10.05736666666666,18.05736666666666,10.7481,6063.0,1.00919,0.143686281962324,0.174796564014532
118032350,TIC 118032350,57,1,57,10.048,18.048,10.78,5843.6,1.1802,1.03764368794625,27.9178687485171
127423796,TIC 127423796,17,1,17,10.031999999999998,18.032,10.1455,6197.0,1.1411,5.98612160273183,39.9002812723167
440146373,TIC 440146373,57,1,57,10.029966666666668,18.029966666666667,10.52,6156.0,1.02567,5.21729087501344,46.1725580912183
150898493,TIC 150898493,57,1,57,9.954683333333334,17.954683333333335,10.9529,6001.0,0.989205,3.83542510043832,23.6973482058794
396231891,TIC 396231891,57,1,57,9.891916666666662,17.89191666666666,10.935,5800.89,1.1694,0.258149971844895,29.9119996587777
357394115,TIC 357394115,57,1,57,9.835650000000005,17.835650000000005,10.2602,6176.03,1.13233,2.67922347243084,16.5062215879626
202085804,TIC 202085804,17,1,17,9.806133333333328,17.806133333333328,10.6552,5992.0,1.13064,4.06361840497602,50.7503693412366
411516168,TIC 411516168,57,1,57,9.80516666666667,17.805166666666672,10.3487,6078.12,1.18157,5.99852464230874,18.7921142719901
257523975,TIC 257523975,70,1,70,9.732516666666664,17.732516666666665,10.852,5848.83,1.17859,0.984056903598738,3.74070196617156
58714077,TIC 58714077,42,1,42,9.6408,17.6408,10.7944,6113.0,0.99066,2.98275480453295,0.776367691958359
301744109,TIC 301744109,57,1,57,9.568899999999998,17.5689,10.7003,5924.0,1.19299,1.32291764813229,22.0559033509034
201629942,TIC 201629942,17,1,17,9.32293333333333,17.32293333333333,10.9235,5911.0,1.13914,1.36141574389141,51.275117820623
118004544,TIC 118004544,57,1,57,9.291333333333329,17.291333333333327,10.9723,6010.0,1.04028,0.802320297684094,24.5488009848813
380153169,TIC 380153169,57,1,57,9.2756,17.275599999999997,10.84,5903.0,1.18394,0.0364334349753465,21.3363515190753
202084063,TIC 202084063,17,1,17,9.137366666666669,17.137366666666665,10.9346,5970.0,1.10409,4.09100284594866,51.9377094393606
150854297,TIC 150854297,57,1,57,9.073166666666664,17.073166666666665,10.8178,5997.0,1.13473,3.37283189415238,21.8055153358726
202549237,TIC 202549237,17,1,17,9.017966666666664,17.017966666666663,10.8678,6036.0,1.08775,6.89791318552964,50.2106222017027
405230161,TIC 405230161,83,1,83,8.942033333333335,16.942033333333335,10.5483,6124.0,1.14981,0.293643454840151,14.2326426921659
395353767,TIC 395353767,42,1,42,8.936566666666668,16.936566666666668,10.8438,6003.0,1.13299,2.30869384244307,14.7572842839805
202511797,TIC 202511797,17,1,17,8.835199999999999,16.8352,10.7719,6062.0,1.12272,6.64601027208431,51.8059335467441
238417295,TIC 238417295,57,1,57,8.807099999999998,16.8071,10.5251,6176.0,1.12925,1.55652906034038,27.7406585561691
202043224,TIC 202043224,17,1,17,8.749533333333334,16.749533333333332,10.827,6073.0,1.10008,3.80962841368824,51.1231952247146
150906283,TIC 150906283,57,1,57,8.493250000000002,16.493250000000003,10.6226,6109.61,1.17696,4.56624869585241,19.868836630277
411528354,TIC 411528354,57,1,57,8.42905,16.42905,10.9198,6123.41,1.053,6.38845389670619,19.8024266955361
201783195,TIC 201783195,17,1,17,8.338799999999999,16.3388,10.596,6191.0,1.13522,2.32978666307084,49.9991530490998
244135315,TIC 244135315,42,1,42,8.313266666666667,16.313266666666667,10.8433,6048.0,1.15802,4.4359036806745,0.0410781374014681
427721923,TIC 427721923,57,1,57,8.228833333333336,16.228833333333334,10.9972,5953.0,1.18407,2.06513166748731,24.4086089582911
257193430,TIC 257193430,42,1,42,8.14723333333333,16.147233333333332,10.8764,6181.0,1.05055,6.32926280715889,2.80352334747252
202435821,TIC 202435821,17,1,17,7.860099999999996,15.860099999999996,10.8228,6173.0,1.10737,6.21062970431489,50.441258514014
202519850,TIC 202519850,17,1,17,7.657199999999998,15.657199999999998,10.8559,6080.0,1.19192,6.78121923051298,50.658155747223
80435273,TIC 80435273,57,1,57,7.55073333333333,15.55073333333333,10.6957,6187.0,1.17748,5.15913174916019,28.0019160346027
190996781,TIC 190996781,57,1,57,7.537066666666668,15.537066666666668,10.7412,6150.0,1.19148,7.0286238093376,44.3467341123119
150950077,TIC 150950077,57,1,57,7.0954,15.0954,10.9208,6122.0,1.18714,4.87999752266004,21.8997547332009
411528901,TIC 411528901,57,1,57,7.0108000000000015,15.0108,10.9201,6176.0,1.15088,6.57892651651678,18.5833507346767
