tid,source_id,sector,sector_count,sector_list,pool_priority_score,verified_priority_score,st_tmag,st_teff,st_rad,ra,dec,exotic_target_theme,exotic_target_score,exotic_target_reason,estimated_luminosity_lsun,estimated_mass_msun,hz_center_au,hz_center_period_days,sector_count_resolved
439949946,TIC 439949946,17,3,"17,57,84",44.96421,68.96421000000001,7.3776,3959.0,0.620039,1.42092453196458,45.8120958899851,GIANT_HZ_HOST_SYSTEM,85.0,Star is favorable for detecting temperate giant/HZ-host systems.,0.08508925704664007,0.6350355771120777,0.2917006291502301,72.20998336403969,3
352179145,TIC 352179145,17,3,"17,57,84",42.88934666666667,66.88934666666667,7.543,4017.0,0.713032,4.27655780322779,40.9482969968157,GIANT_HZ_HOST_SYSTEM,85.0,Star is favorable for detecting temperate giant/HZ-host systems.,0.11926694060565406,0.7251929440206261,0.3453504605551498,87.04693803126993,3
439949948,TIC 439949948,17,3,"17,57,84",44.979,68.979,7.4218,3947.0,0.61088,1.42084507877455,45.8103759730057,GIANT_HZ_HOST_SYSTEM,85.0,Star is favorable for detecting temperate giant/HZ-host systems.,0.08159715736654542,0.6261207710294361,0.2856521614946147,70.47213694306397,3
461408984,TIC 461408984,17,6,"17,18,24,25,52,58",37.49276333333333,85.49276333333333,9.4702,3835.0,0.633477,3.29810861538546,70.397958115024,GIANT_HZ_HOST_SYSTEM,84.5,Star is favorable for detecting temperate giant/HZ-host systems.,0.07820200466946219,0.6481034133825323,0.27964621340090084,67.09366019550691,6
320049266,TIC 320049266,17,3,"17,18,24",33.02997,57.02997,10.1497,3977.0,0.689623,7.35480708677267,57.485819066098,GIANT_HZ_HOST_SYSTEM,78.25,Star is favorable for detecting temperate giant/HZ-host systems.,0.10718661333112488,0.702556329150545,0.327393667212921,81.63098955756605,3
407120936,TIC 407120936,24,3,"24,25,52",34.46686,58.46686,10.1332,3893.0,0.622534,5.91276920585682,71.3832381468499,GIANT_HZ_HOST_SYSTEM,78.25,Star is favorable for detecting temperate giant/HZ-host systems.,0.08019706534759363,0.6374629113108722,0.2831908638137778,68.94164170084738,3
407393440,TIC 407393440,18,4,"18,19,24,25",32.77931333333333,64.77931333333333,10.4128,4009.0,0.582782,5.02195853251869,76.1291151140325,GIANT_HZ_HOST_SYSTEM,78.25,Star is favorable for detecting temperate giant/HZ-host systems.,0.07904077582089322,0.5987297292212073,0.281141914023671,70.36605588024294,4
357370384,TIC 357370384,57,1,57,40.16079333333333,48.16079333333333,9.05277,3805.0,0.558646,2.11366444469788,17.4242931801397,GIANT_HZ_HOST_SYSTEM,77.5,Star is favorable for detecting temperate giant/HZ-host systems.,0.05893682575481524,0.5751483243110718,0.24276907907477682,57.60900197051111,1
468869378,TIC 468869378,42,2,"42,43",36.13275,52.13275,9.81829,3803.0,0.656909,2.76922655446015,5.20897286095037,GIANT_HZ_HOST_SYSTEM,76.5,Star is favorable for detecting temperate giant/HZ-host systems.,0.08132244658444394,0.6708569932496704,0.2851709076754569,67.90989763831341,2
327000122,TIC 327000122,17,3,"17,18,24",38.15329666666666,62.15329666666666,8.2634,4284.39,0.675652,2.8381104228954,58.3499139335102,GIANT_HZ_HOST_SYSTEM,75.75,Star is favorable for detecting temperate giant/HZ-host systems.,0.13857881123572424,0.6890280676743258,0.3722617509706366,99.94116130452069,3
437752575,TIC 437752575,17,3,"17,57,84",34.95797333333333,58.95797333333333,8.5091,4621.0,0.616396,5.31669925913577,25.5242567177136,GIANT_HZ_HOST_SYSTEM,75.75,Star is favorable for detecting temperate giant/HZ-host systems.,0.15608393589924172,0.6314904995228791,0.3950745953604733,114.13674157557841,3
440056119,TIC 440056119,17,1,17,32.77320666666667,40.77320666666667,10.837,3819.0,0.572046,3.67536681689479,46.5684731792872,GIANT_HZ_HOST_SYSTEM,75.25,Star is favorable for detecting temperate giant/HZ-host systems.,0.06271266405536101,0.5882465726784413,0.250424966916961,59.67974508898932,1
150970759,TIC 150970759,57,1,57,32.97719333333333,40.97719333333333,10.7534,3853.0,0.556754,5.38270308135094,19.5736418718855,GIANT_HZ_HOST_SYSTEM,75.25,Star is favorable for detecting temperate giant/HZ-host systems.,0.06154849503760625,0.5732976725021244,0.24808969151822138,59.60918910511114,1
150816111,TIC 150816111,57,1,57,35.950873333333334,43.95087333333333,10.0719,3877.0,0.511986,3.13963484024442,21.7134413515699,GIANT_HZ_HOST_SYSTEM,75.25,Star is favorable for detecting temperate giant/HZ-host systems.,0.05335732952424804,0.5294137068865977,0.230992055110664,55.72989156974034,1
437745749,TIC 437745749,17,1,17,32.58408,40.58408,10.8678,3866.0,0.539472,3.52526128267241,27.8429613097959,GIANT_HZ_HOST_SYSTEM,75.25,Star is favorable for detecting temperate giant/HZ-host systems.,0.058570634158527216,0.5563786586699954,0.24201370655094562,58.29951444880093,1
257305725,TIC 257305725,42,2,"42,43",31.44838,47.44838,10.9568,3902.0,0.587442,7.70600831079852,5.22885444186566,GIANT_HZ_HOST_SYSTEM,74.25,Star is favorable for detecting temperate giant/HZ-host systems.,0.07207319224701637,0.6032769666604464,0.26846450835634933,65.4127143916369,2
406767163,TIC 406767163,17,2,"17,24",31.44130333333333,47.44130333333333,10.6736,3967.0,0.647263,4.95559902170607,54.6970963384594,GIANT_HZ_HOST_SYSTEM,74.25,Star is favorable for detecting temperate giant/HZ-host systems.,0.09347706670337154,0.6614952693847969,0.3057401947787885,75.91990572443324,2
403308552,TIC 403308552,17,2,"17,24",34.35047,50.35047,10.407,3821.0,0.584653,5.26792315932858,55.7331274246793,GIANT_HZ_HOST_SYSTEM,74.25,Star is favorable for detecting temperate giant/HZ-host systems.,0.06564463321227286,0.6005556724344207,0.2562120863899142,61.124174580174035,2
405226902,TIC 405226902,42,2,"42,43",31.967893333333333,47.967893333333336,10.193,4114.0,0.664344,4.34774800075438,11.4225363495895,GIANT_HZ_HOST_SYSTEM,74.25,Star is favorable for detecting temperate giant/HZ-host systems.,0.11390371628347,0.6780681825932383,0.3374962463250073,86.96749519854666,2
201503102,TIC 201503102,17,3,"17,57,84",29.53296,53.53296,10.0684,4409.0,0.711844,0.652005603512046,51.9452319299075,GIANT_HZ_HOST_SYSTEM,71.25,Star is favorable for detecting temperate giant/HZ-host systems.,0.17251416610355566,0.7240450476181912,0.41534824678040433,114.90158070754761,3
194528489,TIC 194528489,17,3,"17,57,84",30.65317,54.65317,10.1609,4245.38,0.699173,4.89418537692418,40.3016599966558,GIANT_HZ_HOST_SYSTEM,71.25,Star is favorable for detecting temperate giant/HZ-host systems.,0.14306397456308712,0.7117957922112538,0.37823798667384945,100.70713272868235,3
461590771,TIC 461590771,18,4,"18,20,25,26",27.91070333333333,59.91070333333333,10.3933,4524.37,0.647968,5.07234973713949,86.3414209129815,GIANT_HZ_HOST_SYSTEM,71.25,Star is favorable for detecting temperate giant/HZ-host systems.,0.1585018311050174,0.6621797274758119,0.39812288442768196,112.7529717461124,4
150905990,TIC 150905990,57,1,57,37.744076666666665,45.744076666666665,9.45048,3885.0,0.574567,4.49649764396099,20.9568032830665,GIANT_HZ_HOST_SYSTEM,70.5,Star is favorable for detecting temperate giant/HZ-host systems.,0.06775481449749698,0.5907090777071555,0.2602975499260356,63.11150293725412,1
405230222,TIC 405230222,42,1,42,36.24303,44.24303,9.52313,3929.0,0.658945,0.303589252841202,13.972117270657,GIANT_HZ_HOST_SYSTEM,70.5,Star is favorable for detecting temperate giant/HZ-host systems.,0.0932225888668425,0.6728321087741546,0.30532374435481185,75.12383322958614,1
44560052,TIC 44560052,57,1,57,35.176093333333334,43.17609333333333,9.91804,3916.0,0.618508,7.83372754586124,33.6270279898583,GIANT_HZ_HOST_SYSTEM,70.5,Star is favorable for detecting temperate giant/HZ-host systems.,0.08105057224731982,0.6335458570138561,0.2846938219338801,69.70569490401063,1
303206437,TIC 303206437,57,1,57,37.28302,45.28302,9.56705,3875.0,0.582378,5.23830473811511,17.6377723845256,GIANT_HZ_HOST_SYSTEM,70.5,Star is favorable for detecting temperate giant/HZ-host systems.,0.0688955956022041,0.5983354197650157,0.2624797051244231,63.49820703527092,1
83955820,TIC 83955820,17,1,17,34.552533333333336,42.552533333333336,9.809,3994.0,0.65948,0.349835679443017,34.2818474680541,GIANT_HZ_HOST_SYSTEM,70.5,Star is favorable for detecting temperate giant/HZ-host systems.,0.09970804728762403,0.6733510594910571,0.31576581082761956,78.97999627979839,1
58732360,TIC 58732360,42,2,"42,43",33.636430000000004,49.63643,9.4103,4088.0,0.832237,3.28835044918008,5.59527917955405,GIANT_HZ_HOST_SYSTEM,69.5,Star is favorable for detecting temperate giant/HZ-host systems.,0.17427387935574948,0.8399137073159055,0.4174612309613307,107.4971905782995,2
408515120,TIC 408515120,42,2,"42,43",33.32348,49.32348,9.7825,4028.0,0.764652,5.60499161977342,6.66755016228725,GIANT_HZ_HOST_SYSTEM,69.5,Star is favorable for detecting temperate giant/HZ-host systems.,0.13866926557286913,0.7749802544480682,0.37238322407550684,94.28227806951989,2
44453366,TIC 44453366,17,2,"17,57",31.35658,47.35658,9.5974,4454.0,0.680382,6.74554997193064,30.7829094850517,GIANT_HZ_HOST_SYSTEM,69.5,Star is favorable for detecting temperate giant/HZ-host systems.,0.1641349972205376,0.6936097266782014,0.40513577627819736,113.09242884140642,2
405189795,TIC 405189795,42,2,"42,43",31.39278,47.39278,9.7052,4298.0,0.763642,3.62297353594702,7.80675752693826,GIANT_HZ_HOST_SYSTEM,69.5,Star is favorable for detecting temperate giant/HZ-host systems.,0.17928335376429966,0.7740077622292294,0.42341865070435863,114.38591284336476,2
365961623,TIC 365961623,17,2,"17,57",32.35039,48.35039,9.8191,4079.0,0.804821,3.74607087859692,33.2615253697497,GIANT_HZ_HOST_SYSTEM,69.5,Star is favorable for detecting temperate giant/HZ-host systems.,0.1615504347851671,0.813606359966118,0.40193337107680804,103.18442671140188,2
406767596,TIC 406767596,17,1,17,32.110153333333336,40.110153333333336,10.7867,3946.0,0.552638,5.11702170974958,54.4832731883235,GIANT_HZ_HOST_SYSTEM,68.25,Star is favorable for detecting temperate giant/HZ-host systems.,0.06671208625246493,0.56927053672827,0.25828682942121717,63.54542122625261,1
115480517,TIC 115480517,17,1,17,30.22948,38.22948,10.7453,3998.0,0.713932,7.45725697729517,36.5031918943614,GIANT_HZ_HOST_SYSTEM,68.25,Star is favorable for detecting temperate giant/HZ-host systems.,0.11732202930074218,0.7260624988374859,0.3425230347009412,85.92863170886747,1
51942109,TIC 51942109,57,1,57,31.89083666666667,39.89083666666667,10.2701,4125.0,0.632043,3.33957827744598,15.89408811895,GIANT_HZ_HOST_SYSTEM,68.25,Star is favorable for detecting temperate giant/HZ-host systems.,0.10420385201309187,0.6467095801640007,0.322806214334687,83.3006532976909,1
150908292,TIC 150908292,17,1,17,29.549706666666665,37.549706666666665,10.7644,4110.0,0.680936,4.68810765444983,23.5989522105693,GIANT_HZ_HOST_SYSTEM,68.25,Star is favorable for detecting temperate giant/HZ-host systems.,0.11919954243439784,0.6941462478829035,0.34525286738041416,88.9345835170081,1
259191180,TIC 259191180,17,1,17,31.91207,39.91207,10.8636,3881.0,0.595853,0.371548964844995,47.4146588550438,GIANT_HZ_HOST_SYSTEM,68.25,Star is favorable for detecting temperate giant/HZ-host systems.,0.07256839900191141,0.6114798829304516,0.26938522417146676,65.3070090234488,1
194258999,TIC 194258999,17,1,17,30.877963333333334,38.87796333333333,10.8311,3994.0,0.618097,1.9224722233657,41.331893728179,GIANT_HZ_HOST_SYSTEM,68.25,Star is favorable for detecting temperate giant/HZ-host systems.,0.08758711547323636,0.633145907311925,0.295951204547703,73.90409285145496,1
257303702,TIC 257303702,43,1,43,31.003533333333333,39.00353333333334,10.7463,3982.0,0.64946,7.62194742018115,4.33903555952655,GIANT_HZ_HOST_SYSTEM,68.25,Star is favorable for detecting temperate giant/HZ-host systems.,0.09554424863744418,0.6636281316572393,0.30910232713042485,77.05152573512925,1
150902992,TIC 150902992,57,1,57,32.83735333333333,40.83735333333333,10.2502,3902.32,0.730918,4.32380993614973,19.5863470495376,GIANT_HZ_HOST_SYSTEM,68.25,Star is favorable for detecting temperate giant/HZ-host systems.,0.11161525189544201,0.7424636983618055,0.33408868866730884,81.85501081632476,1
406770227,TIC 406770227,17,1,17,33.84535666666666,41.84535666666666,10.0213,3963.0,0.671111,5.81243823506764,54.7520269632304,GIANT_HZ_HOST_SYSTEM,68.25,Star is favorable for detecting temperate giant/HZ-host systems.,0.10008747066087824,0.6846279722877123,0.31636603904477206,78.5502715158467,1
303241161,TIC 303241161,57,1,57,31.38174,39.38173999999999,10.3152,4118.0,0.670746,5.54508110059183,15.5472732364306,GIANT_HZ_HOST_SYSTEM,68.25,Star is favorable for detecting temperate giant/HZ-host systems.,0.11656180454171886,0.6842742335204626,0.34141148859070175,88.08304667834047,1
437734974,TIC 437734974,17,1,17,30.532279999999997,38.53227999999999,10.7039,4121.0,0.597712,2.16454618517012,29.1572214090355,GIANT_HZ_HOST_SYSTEM,68.25,Star is favorable for detecting temperate giant/HZ-host systems.,0.09283016417621574,0.6132921082768757,0.30468042959175395,78.43743357039146,1
411534427,TIC 411534427,57,1,57,31.59336,39.59336,10.8541,3929.0,0.591524,7.05477722152046,19.4936182690845,GIANT_HZ_HOST_SYSTEM,68.25,Star is favorable for detecting temperate giant/HZ-host systems.,0.07512207330957697,0.6072587083928126,0.2740840624873635,67.25568851635785,1
415779282,TIC 415779282,17,2,"17,57",28.96913333333333,44.96913333333333,10.6693,4153.0,0.7412,5.64074031410506,36.6863108859878,GIANT_HZ_HOST_SYSTEM,67.25,Star is favorable for detecting temperate giant/HZ-host systems.,0.14723574427739075,0.7523824212919212,0.3837131015190786,100.0877316285483,2
405210193,TIC 405210193,42,2,"42,43",29.478963333333336,45.47896333333334,10.7045,3952.0,0.843637,4.09739052904822,6.34053854068936,GIANT_HZ_HOST_SYSTEM,67.25,Star is favorable for detecting temperate giant/HZ-host systems.,0.1564133044795045,0.8508398801004834,0.3954912192192192,98.48533674567646,2
257292435,TIC 257292435,42,2,"42,43",28.801996666666664,44.80199666666667,10.4983,4047.0,0.914647,7.29871153266786,3.0760333797613,GIANT_HZ_HOST_SYSTEM,67.25,Star is favorable for detecting temperate giant/HZ-host systems.,0.20217830739614231,0.9187362206783383,0.44964242170433866,114.89356959654738,2
437739969,TIC 437739969,17,3,"17,57,84",35.40754,59.40754,7.7785,4766.0,0.742846,3.01676554162231,27.0989540581755,GIANT_HZ_HOST_SYSTEM,65.4,Star is favorable for detecting temperate giant/HZ-host systems.,0.2565124452382021,0.7539696246457298,0.506470576873131,151.61585880301465,3
57916666,TIC 57916666,17,3,"17,57,84",34.49383,58.49383,7.8927,4796.0,0.763537,4.5870400674696,30.9561465371252,GIANT_HZ_HOST_SYSTEM,65.4,Star is favorable for detecting temperate giant/HZ-host systems.,0.2778891449717969,0.7739066578639728,0.527151918304199,158.9094117707242,3
407430919,TIC 407430919,18,6,"18,19,24,25,58,59",29.19571333333333,77.19571333333333,9.4243,4705.0,0.756542,5.92196415413379,75.0544784714333,GIANT_HZ_HOST_SYSTEM,64.9,Star is favorable for detecting temperate giant/HZ-host systems.,0.2526965471749308,0.7671696105652792,0.5026893147610468,148.62573314329163,6
440155387,TIC 440155387,17,1,17,30.86687333333333,38.86687333333333,9.9669,4231.0,0.767386,5.61436647927218,47.7857430091574,GIANT_HZ_HOST_SYSTEM,63.5,Star is favorable for detecting temperate giant/HZ-host systems.,0.17001786381210465,0.7776124015114528,0.41233222504687245,109.66790619636622,1
437749972,TIC 437749972,17,1,17,31.20881,39.20881,9.8923,4307.0,0.699699,3.82171413956875,29.219832070111,GIANT_HZ_HOST_SYSTEM,63.5,Star is favorable for detecting temperate giant/HZ-host systems.,0.15178075325827586,0.7123045041744455,0.3895904943120094,105.23735089145437,1
191080974,TIC 191080974,17,1,17,30.858566666666665,38.85856666666666,9.8301,4428.0,0.65877,7.67470231542111,47.5024277100564,GIANT_HZ_HOST_SYSTEM,63.5,Star is favorable for detecting temperate giant/HZ-host systems.,0.1503116997848065,0.6726623539678731,0.387700528481464,107.50687864356112,1
461591456,TIC 461591456,18,5,"18,19,20,25,26",21.325360000000003,61.32536,10.8692,4934.0,0.774784,5.29240823488495,84.1361331979146,GIANT_HZ_HOST_SYSTEM,62.65,Star is favorable for detecting temperate giant/HZ-host systems.,0.3205181136006331,0.7847324492740889,0.5661431917815785,175.63814936433263,5
468255882,TIC 468255882,19,10,"19,25,26,53,58,59,73,78,79,85",31.15525333333333,111.15525333333332,7.8916,5185.0,0.773668,4.21881887414485,81.6636346885349,GIANT_HZ_HOST_SYSTEM,62.25,Star is favorable for detecting temperate giant/HZ-host systems.,0.38976157502946607,0.7836585973137676,0.6243088779037713,203.5288785210102,10
57963994,TIC 57963994,17,1,17,25.69526666666667,33.69526666666667,10.953,4446.0,0.71094,4.98102612998659,32.9249299520423,GIANT_HZ_HOST_SYSTEM,61.25,Star is favorable for detecting temperate giant/HZ-host systems.,0.17792560182654013,0.7231714999908679,0.4218122826880935,117.66529989486881,1
372130412,TIC 372130412,17,1,17,26.70083,34.70083,10.7902,4463.0,0.661337,1.24188061671195,32.2697666559243,GIANT_HZ_HOST_SYSTEM,61.25,Star is favorable for detecting temperate giant/HZ-host systems.,0.1563320056334393,0.6751521887604662,0.395388423747382,110.51603858432642,1
238390421,TIC 238390421,57,1,57,25.84555333333333,33.845553333333335,10.9712,4357.15,0.762673,1.10031629226863,25.6932324489866,GIANT_HZ_HOST_SYSTEM,61.25,Star is favorable for detecting temperate giant/HZ-host systems.,0.18887805382522255,0.773074686968052,0.43460102832968833,119.01881511635362,1
303194523,TIC 303194523,57,1,57,27.908293333333333,35.90829333333333,10.6654,4295.47,0.730119,4.89213888703876,17.7974877259555,GIANT_HZ_HOST_SYSTEM,61.25,Star is favorable for detecting temperate giant/HZ-host systems.,0.16350264090923927,0.7416926372062956,0.4043545979820673,109.04903319608019,1
58101457,TIC 58101457,17,1,17,27.36272333333333,35.362723333333335,10.761,4281.67,0.757936,6.21349760035156,32.2339899591329,GIANT_HZ_HOST_SYSTEM,61.25,Star is favorable for detecting temperate giant/HZ-host systems.,0.1739452401180967,0.7685124520007137,0.4170674287427594,112.22101233331885,1
117954205,TIC 117954205,57,1,57,27.784703333333333,35.78470333333333,10.2957,4762.69,0.501008,0.477859844801133,26.004049704538,GIANT_HZ_HOST_SYSTEM,61.25,Star is favorable for detecting temperate giant/HZ-host systems.,0.1163572074479076,0.5186237816819458,0.341111722823927,101.04363888515108,1
127420134,TIC 127420134,17,1,17,27.87033,35.87033,10.8175,4329.53,0.644692,5.71861640366464,39.4250458403167,GIANT_HZ_HOST_SYSTEM,61.25,Star is favorable for detecting temperate giant/HZ-host systems.,0.13157163925154755,0.6589988656283462,0.3627280513711995,98.29232439697998,1
437739765,TIC 437739765,17,1,17,26.16175,34.16175,10.9253,4455.74,0.667255,3.01769136404436,26.5168676088373,GIANT_HZ_HOST_SYSTEM,61.25,Star is favorable for detecting temperate giant/HZ-host systems.,0.1581094209961977,0.680890453219089,0.3976297536606104,110.98643798875136,1
150904278,TIC 150904278,57,1,57,26.894170000000003,34.89417,10.9889,4277.0,0.717523,4.42998217043492,21.0013889724253,GIANT_HZ_HOST_SYSTEM,61.25,Star is favorable for detecting temperate giant/HZ-host systems.,0.15521131019920034,0.7295314776644661,0.3939686665195601,105.74521647395225,1
118003683,TIC 118003683,57,1,57,30.4531,38.45309999999999,10.2894,4166.0,0.73393,0.618314302328961,25.953043689638,GIANT_HZ_HOST_SYSTEM,61.25,Star is favorable for detecting temperate giant/HZ-host systems.,0.14617767606532847,0.7453699984865575,0.3823318925558375,100.01498183139216,1
22569262,TIC 22569262,17,1,17,29.77397000000001,37.773970000000006,10.4188,4238.0,0.690083,3.14431241540541,34.2670748715323,GIANT_HZ_HOST_SYSTEM,61.25,Star is favorable for detecting temperate giant/HZ-host systems.,0.13840162122660996,0.7030015173146352,0.37202368369044725,98.84802045746879,1
440635126,TIC 440635126,17,1,17,28.34272,36.34272,10.9283,4172.0,0.684408,6.5408872097952,25.191089796138,GIANT_HZ_HOST_SYSTEM,61.25,Star is favorable for detecting temperate giant/HZ-host systems.,0.1278503920179985,0.6975082094301072,0.35756173175830563,93.5065666286292,1
177707467,TIC 177707467,17,1,17,29.313583333333337,37.31358333333334,10.0956,4365.82,0.758885,0.246419528694974,47.6150277260319,GIANT_HZ_HOST_SYSTEM,61.25,Star is favorable for detecting temperate giant/HZ-host systems.,0.18849939123089426,0.7694265538811543,0.4341651658423258,119.12121198375569,1
427328143,TIC 427328143,42,1,42,32.30513666666666,40.30513666666666,10.1615,3962.79,0.769228,2.34426625903734,3.83781683046186,GIANT_HZ_HOST_SYSTEM,61.25,Star is favorable for detecting temperate giant/HZ-host systems.,0.13146468717594334,0.7793855148509681,0.3625805940421293,90.32768790535711,1
439958588,TIC 439958588,17,1,17,29.58781,37.58781,10.3285,4207.64,0.770119,1.7321937026181,47.0374817606571,GIANT_HZ_HOST_SYSTEM,61.25,Star is favorable for detecting temperate giant/HZ-host systems.,0.167480669037491,0.780243117243418,0.40924402138270877,108.25520001774649,1
293258061,TIC 293258061,42,1,42,29.51036,37.51036,10.3561,4219.91,0.756599,1.91818874188394,2.56436756854534,GIANT_HZ_HOST_SYSTEM,61.25,Star is favorable for detecting temperate giant/HZ-host systems.,0.1635456476004652,0.767224521140193,0.4044077739120073,107.24035188165757,1
283859631,TIC 283859631,17,1,17,29.72599,37.72599,10.4597,4271.0,0.651021,2.26207138301094,27.6515934891432,GIANT_HZ_HOST_SYSTEM,61.25,Star is favorable for detecting temperate giant/HZ-host systems.,0.1270582857785124,0.6651433416053618,0.35645236116276796,95.30920443305361,1
439999494,TIC 439999494,17,1,17,28.912396666666663,36.912396666666666,10.4936,4344.0,0.657987,2.2856812936412,42.1642412864446,GIANT_HZ_HOST_SYSTEM,61.25,Star is favorable for detecting temperate giant/HZ-host systems.,0.13889563676395258,0.6719027948408397,0.3726870493644132,101.38027225011747,1
118031332,TIC 118031332,57,1,57,26.343386666666664,34.34338666666666,10.89,4506.0,0.621328,1.0027559408935,24.7180331281226,GIANT_HZ_HOST_SYSTEM,61.25,Star is favorable for detecting temperate giant/HZ-host systems.,0.14338420434836677,0.6362896795633394,0.3786610679068641,106.6936980127699,1
257488638,TIC 257488638,70,1,70,29.32416000000001,37.324160000000006,10.5459,4126.61,0.777049,0.452040669074563,4.90950203515992,GIANT_HZ_HOST_SYSTEM,61.25,Star is favorable for detecting temperate giant/HZ-host systems.,0.15774849594118537,0.7869116692456742,0.3971756487263354,103.06261371442284,1
201863561,TIC 201863561,17,1,17,29.92617666666667,37.92617666666667,10.0138,4314.0,0.773529,2.6834805332558,49.9567350921182,GIANT_HZ_HOST_SYSTEM,61.25,Star is favorable for detecting temperate giant/HZ-host systems.,0.18671038475785737,0.7835248415133418,0.4320999707913174,117.20339579708882,1
407423779,TIC 407423779,18,4,"18,19,24,25",29.72513,61.72513,9.2495,4736.0,0.747687,5.46949963737239,74.139187108774,GIANT_HZ_HOST_SYSTEM,60.9,Star is favorable for detecting temperate giant/HZ-host systems.,0.2533851416211151,0.7586366821072311,0.5033737593688363,149.76459758088382,4
306119022,TIC 306119022,17,3,"17,57,84",29.645776666666663,53.64577666666666,9.4235,4602.0,0.797689,4.29365563595752,29.5310895300748,GIANT_HZ_HOST_SYSTEM,60.9,Star is favorable for detecting temperate giant/HZ-host systems.,0.25712740932511785,0.8067554781213383,0.5070773208546383,146.8353232581162,3
373236404,TIC 373236404,18,11,"18,19,24,25,52,58,59,78,79,85,86",24.39143333333333,112.39143333333334,8.4334,5467.0,0.99833,2.19309440124477,73.0185418532785,GIANT_HZ_HOST_SYSTEM,60.0,Star is favorable for detecting temperate giant/HZ-host systems.,0.8021198238299113,0.9984134337248767,0.8956114245753631,309.82357009246545,11
194459612,TIC 194459612,17,2,"17,57",30.98285333333333,46.98285333333334,8.5916,4837.0,0.800908,4.18775993835299,41.0691634675609,GIANT_HZ_HOST_SYSTEM,59.15,Star is favorable for detecting temperate giant/HZ-host systems.,0.3163474392288117,0.8098479741279133,0.5624477213295576,171.20313656640016,2
274805229,TIC 274805229,18,4,"18,19,24,25",24.57887333333333,56.57887333333333,10.4291,4708.0,0.813806,7.81609266008073,73.7586716294639,GIANT_HZ_HOST_SYSTEM,58.65,Star is favorable for detecting temperate giant/HZ-host systems.,0.2931448723447334,0.8222328865418753,0.5414285477740653,160.47394512165815,4
388583017,TIC 388583017,18,4,"18,19,24,26",26.45684333333333,58.45684333333333,10.2463,4741.33,0.671354,0.068221465327439,79.4122481445533,GIANT_HZ_HOST_SYSTEM,58.65,Star is favorable for detecting temperate giant/HZ-host systems.,0.20521004060552023,0.6848634697492707,0.4530011485697583,134.56656867630596,4
336766231,TIC 336766231,42,3,"42,43,57",22.479803333333333,46.47980333333334,10.6875,4951.0,0.717853,7.26337501267509,13.4728131571192,GIANT_HZ_HOST_SYSTEM,58.65,Star is favorable for detecting temperate giant/HZ-host systems.,0.27895712280554635,0.7298502207417059,0.5281639166069056,164.1067497375297,3
468264605,TIC 468264605,18,4,"18,19,25,26",24.48059333333333,56.48059333333333,10.7235,4693.0,0.718374,4.88076293715739,81.3698971924304,GIANT_HZ_HOST_SYSTEM,58.65,Star is favorable for detecting temperate giant/HZ-host systems.,0.22552678992469707,0.730353433535906,0.47489660972120773,139.86926435582262,4
388604517,TIC 388604517,18,3,"18,25,26",23.665803333333336,47.665803333333336,10.7118,4720.0,0.782033,0.610530364787658,83.8284301012586,GIANT_HZ_HOST_SYSTEM,58.65,Star is favorable for detecting temperate giant/HZ-host systems.,0.2734719983664202,0.7917057983987632,0.5229455022910324,155.23618453534007,3
326682209,TIC 326682209,57,6,"57,58,77,78,84,85",23.39043333333333,71.39043333333333,7.2731,5965.0,1.14755,1.9670231497224,55.5770423444705,GIANT_HZ_HOST_SYSTEM,58.25,Star is favorable for detecting temperate giant/HZ-host systems.,1.5020339083138445,1.1396802871888305,1.2255749297019112,464.20360525485455,6
347304330,TIC 347304330,57,6,"57,58,77,78,84,85",24.92213333333333,72.92213333333333,7.6466,5810.62,0.97363,1.42362806353121,58.3132590674968,GIANT_HZ_HOST_SYSTEM,58.25,Star is favorable for detecting temperate giant/HZ-host systems.,0.973581926244397,0.9749318302778417,0.986702552061358,362.5621611706813,6
369730972,TIC 369730972,57,6,"57,58,77,78,84,85",23.256116666666664,71.25611666666666,7.9301,5686.83,1.12999,3.73585148460554,58.7821288252751,GIANT_HZ_HOST_SYSTEM,58.25,Star is favorable for detecting temperate giant/HZ-host systems.,1.2031641800123078,1.1231063174376774,1.096888408185768,395.93460392826785,6
293361880,TIC 293361880,42,2,"42,43",28.37653333333333,44.37653333333333,9.7332,4742.77,0.683425,5.25716570624603,1.00271383893176,GIANT_HZ_HOST_SYSTEM,56.9,Star is favorable for detecting temperate giant/HZ-host systems.,0.21291423069185877,0.6965564504767073,0.4614263003902777,137.17203532863903,2
427332476,TIC 427332476,42,2,"42,43",28.710599999999992,44.71059999999999,9.057,4953.02,0.74529,5.82552579542295,0.163707915494752,GIANT_HZ_HOST_SYSTEM,56.9,Star is favorable for detecting temperate giant/HZ-host systems.,0.3011796505396381,0.7563259984483179,0.5487983696583273,170.74772607659506,2
257203315,TIC 257203315,42,2,"42,43",26.08316333333333,42.08316333333333,9.8238,4954.0,0.700497,6.92211205722539,4.84068478027447,GIANT_HZ_HOST_SYSTEM,56.9,Star is favorable for detecting temperate giant/HZ-host systems.,0.26627554281175253,0.7130762398124729,0.5160189364856221,160.33218116507365,2
57962744,TIC 57962744,17,2,"17,57",27.661463333333334,43.66146333333333,9.2486,4954.0,0.772747,4.97859031896172,34.6023995063541,GIANT_HZ_HOST_SYSTEM,56.9,Star is favorable for detecting temperate giant/HZ-host systems.,0.3240360837441477,0.7827723224463848,0.5692416742861925,177.303588286132,2
293342645,TIC 293342645,42,2,"42,43",29.020093333333328,45.02009333333333,9.4222,4611.01,0.853269,4.71328911064046,1.06296851921029,GIANT_HZ_HOST_SYSTEM,56.9,Star is favorable for detecting temperate giant/HZ-host systems.,0.2965178905809789,0.8600657815705706,0.544534563256529,158.25686795918892,2
303240616,TIC 303240616,42,2,"42,43",24.775916666666664,40.77591666666666,9.9928,4941.0,0.774455,5.5710416974936,13.0920955553089,GIANT_HZ_HOST_SYSTEM,56.9,Star is favorable for detecting temperate giant/HZ-host systems.,0.32206720313643017,0.7844158826811544,0.5675096502584165,176.3099863023447,2
388605264,TIC 388605264,18,6,"18,19,24,25,26,52",17.656473333333327,65.65647333333332,8.88479,5854.0,1.16877,1.46362902903773,78.738514728122,GIANT_HZ_HOST_SYSTEM,56.0,Star is favorable for detecting temperate giant/HZ-host systems.,1.4453189400684165,1.1596918439798851,1.2022141822771917,447.08664133588854,6
373062137,TIC 373062137,18,10,"18,19,24,25,58,59,78,79,85,86",13.63609,93.63609,10.4682,5876.0,0.919111,0.438759432731815,74.4120817577702,GIANT_HZ_HOST_SYSTEM,55.5,Star is favorable for detecting temperate giant/HZ-host systems.,0.9073143640216533,0.9229954616592724,0.9525305055596137,353.43437087226016,10
461593015,TIC 461593015,19,8,"19,20,25,26,40,47,52,53",16.882553333333334,80.88255333333333,10.5916,5581.0,0.790938,5.48103389800879,88.3997046259919,GIANT_HZ_HOST_SYSTEM,55.5,Star is favorable for detecting temperate giant/HZ-host systems.,0.5467989641144341,0.8002677568278601,0.7394585614586081,259.6230976397833,8
461585810,TIC 461585810,18,8,"18,20,25,26,40,47,52,53",19.263186666666662,83.26318666666667,10.1755,5433.0,0.842648,1.15589646367885,86.9517517692107,GIANT_HZ_HOST_SYSTEM,55.5,Star is favorable for detecting temperate giant/HZ-host systems.,0.5573729898922006,0.8498922805432338,0.7465741690496669,255.57461876422872,8
456502768,TIC 456502768,83,1,83,34.073233333333334,42.07323333333333,7.9084,4789.0,0.80515,0.200434560214525,16.9881135770791,GIANT_HZ_HOST_SYSTEM,55.4,Star is favorable for detecting temperate giant/HZ-host systems.,0.30720455656788453,0.8139223185076988,0.5542603689313215,167.05884930195128,1
293360863,TIC 293360863,42,2,"42,43",28.370156666666663,44.37015666666667,10.2616,4409.04,0.750811,5.20405038130196,3.48279183127452,LOW_PRIORITY,54.65,Not especially favorable for giant-HZ-host discovery.,0.19192525193855073,0.7616476306842835,0.43809274353560196,121.35628310278564,2
418755917,TIC 418755917,42,2,"42,43",24.888236666666668,40.88823666666667,10.9231,4545.09,0.721028,1.8951897938539,7.13493051504014,LOW_PRIORITY,54.65,Not especially favorable for giant-HZ-host discovery.,0.1998798064191904,0.7329165416850949,0.44707919479572117,127.53801486329215,2
293405740,TIC 293405740,42,2,"42,43",24.67526,40.67526,10.1389,4895.0,0.764414,5.63643645629712,1.96142344128993,LOW_PRIORITY,54.65,Not especially favorable for giant-HZ-host discovery.,0.3022475294910727,0.7747510987025195,0.5497704334456999,169.15358010729184,2
52005222,TIC 52005222,42,2,"42,43",24.461516666666668,40.46151666666667,10.7151,4647.0,0.761975,3.93621990474664,12.1414725176125,LOW_PRIORITY,54.65,Not especially favorable for giant-HZ-host discovery.,0.24393091532314964,0.7724025279200796,0.49389362753851124,144.25089468134516,2
403024431,TIC 403024431,42,2,"42,43",24.76836666666667,40.768366666666665,10.8714,4329.0,0.93377,1.63074225004279,6.75613503501201,LOW_PRIORITY,54.65,Not especially favorable for giant-HZ-host discovery.,0.27588296658164063,0.9369748223765114,0.525245625,143.63819188091156,2
115545320,TIC 115545320,17,2,"17,57",21.63044,37.63044,10.7201,5011.37,0.739441,7.75869090920224,39.6760922212336,LOW_PRIORITY,54.65,Not especially favorable for giant-HZ-host discovery.,0.3106902612205958,0.7506860595808983,0.5573959644817997,175.43117786537613,2
405212176,TIC 405212176,42,2,"42,43",24.07547333333334,40.075473333333335,10.2252,4855.0,0.823206,4.21892502864591,8.17723615477522,LOW_PRIORITY,54.65,Not especially favorable for giant-HZ-host discovery.,0.3392100427320794,0.8312527609564959,0.5824174127995139,178.06362088240587,2
257304462,TIC 257304462,42,2,"42,43",22.423853333333334,38.42385333333333,10.8461,4822.0,0.767508,7.54192579954011,0.699942018138232,LOW_PRIORITY,54.65,Not especially favorable for giant-HZ-host discovery.,0.2869256382826294,0.7777298455606657,0.5356544019072647,162.36890401406606,2
397586524,TIC 397586524,42,2,"42,43",23.254929999999995,39.25493,10.7741,4781.0,0.747367,2.74422015881496,8.33785545925126,LOW_PRIORITY,54.65,Not especially favorable for giant-HZ-host discovery.,0.2629284132005118,0.7583282268052848,0.5127654563253182,154.006749281899,2
405187462,TIC 405187462,42,2,"42,43",22.98719,38.98719,10.3407,5018.0,0.750001,2.18456274248887,7.74100520923797,LOW_PRIORITY,54.65,Not especially favorable for giant-HZ-host discovery.,0.3213224155541183,0.7608670032493331,0.5668530811013717,178.70702161225634,2
414782563,TIC 414782563,42,2,"42,43",25.93184,41.93184,10.7653,4490.0,0.725696,7.88652746390451,16.8487813045369,LOW_PRIORITY,54.65,Not especially favorable for giant-HZ-host discovery.,0.19283662987070466,0.7374235328601838,0.4391316771433196,123.77241871938682,2
257247422,TIC 257247422,42,2,"42,43",20.95621666666667,36.95621666666667,10.9401,4977.0,0.747505,6.90630115620072,2.70755903866708,LOW_PRIORITY,54.65,Not especially favorable for giant-HZ-host discovery.,0.3088826234316572,0.7584612489639234,0.5557720966652223,173.76753246530103,2
401423949,TIC 401423949,42,2,"42,43",20.89001,36.89001,10.6071,5253.44,0.656959,4.93593151446773,8.21606920393657,LOW_PRIORITY,54.65,Not especially favorable for giant-HZ-host discovery.,0.2961736036448045,0.670905501713621,0.5442183418856852,179.02731988841606,2
403021108,TIC 403021108,42,4,"42,43,70,83",31.66985333333333,63.669853333333336,7.7018,5085.07,0.881403,0.589762128297672,11.0062375107934,LOW_PRIORITY,54.25,Not especially favorable for giant-HZ-host discovery.,0.46798453526403627,0.8869840251972958,0.6840939520738626,219.43502676526188,4
365963199,TIC 365963199,17,3,"17,57,84",31.886733333333336,55.88673333333334,7.8774,4705.0,1.1062,4.04828325619788,30.5325787133942,LOW_PRIORITY,54.25,Not especially favorable for giant-HZ-host discovery.,0.5402571579573768,1.100631584377987,0.7350218758359351,219.39141849254702,3
194531699,TIC 194531699,17,3,"17,57,84",30.49406333333333,54.49406333333333,6.3896,5824.93,0.907312,5.00169958105019,38.2273974925528,LOW_PRIORITY,54.25,Not especially favorable for giant-HZ-host discovery.,0.8538289239750481,0.911735409651912,0.9240286380708381,339.7691632019866,3
238305920,TIC 238305920,17,3,"17,57,84",26.143416666666663,50.14341666666667,6.9797,5755.17,1.16447,5.75087101720783,22.3750007670646,LOW_PRIORITY,54.25,Not especially favorable for giant-HZ-host discovery.,1.3402442281763391,1.1556382000025474,1.1576891759778785,423.2210294298503,3
320043679,TIC 320043679,57,4,"57,58,84,85",19.4676,51.4676,7.8562,6155.0,1.14826,7.36912801623663,55.3640525162518,LOW_PRIORITY,54.25,Not especially favorable for giant-HZ-host discovery.,1.7048548601163158,1.140350151217424,1.3057009076033899,510.3130463196099,4
357395017,TIC 357395017,42,3,"42,43,70",19.97363333333333,43.97363333333333,7.9473,6092.62,1.1132,2.66303417450998,12.8202312498444,LOW_PRIORITY,54.25,Not especially favorable for giant-HZ-host discovery.,1.5383582069859012,1.1072470650328663,1.2403056909431245,479.46958197511856,3
22527304,TIC 22527304,17,3,"17,57,84",29.55083,53.55083,7.2538,5489.0,0.935897,2.8434890528423,30.4495762013421,LOW_PRIORITY,54.25,Not especially favorable for giant-HZ-host discovery.,0.7163474903995375,0.9390022921429982,0.8463731389874902,293.49432369267186,3
461342461,TIC 461342461,24,4,"24,58,78,85",30.819916666666668,62.81991666666667,7.8295,5148.0,0.862875,2.23848988757622,66.4566594154952,LOW_PRIORITY,54.25,Not especially favorable for giant-HZ-host discovery.,0.4711342052914693,0.8692615943368751,0.686392165814463,222.77859240757394,4
238432056,TIC 238432056,17,3,"17,57,84",37.44033,61.44033,5.3971,5489.0,0.889627,1.6532670438182,29.0215028909291,LOW_PRIORITY,54.25,Not especially favorable for giant-HZ-host discovery.,0.6472671164425757,0.894844467654493,0.8045291271561121,278.63078836508333,3
405187645,TIC 405187645,42,3,"42,43,70",26.127566666666667,50.12756666666667,7.019,5895.0,1.03381,2.10727337408121,6.61680227296907,LOW_PRIORITY,54.25,Not especially favorable for giant-HZ-host discovery.,1.1628170888390839,1.0320926668058485,1.0783399690445883,402.5913436341501,3
352179802,TIC 352179802,17,3,"17,57,84",19.7116,43.7116,7.9383,6149.0,1.09602,4.23732127556483,39.7992277311617,LOW_PRIORITY,54.25,Not especially favorable for giant-HZ-host discovery.,1.5472113434791177,1.091007045544574,1.2438695042001462,485.10826908829637,3
440064545,TIC 440064545,17,3,"17,57,84",19.6807,43.6807,7.8739,6125.0,1.14487,3.8320886355144,46.8993395083652,LOW_PRIORITY,54.25,Not especially favorable for giant-HZ-host discovery.,1.6620015831028783,1.1371515994959183,1.2891864035518208,501.3656965099616,3
83940523,TIC 83940523,17,3,"17,57,84",24.57001333333333,48.570013333333335,7.8954,5704.0,0.998172,0.0169976360306548,34.1885450373917,LOW_PRIORITY,54.25,Not especially favorable for giant-HZ-host discovery.,0.9502186368059212,0.9982633205865561,0.97479158634342,351.83199072580305,3
461579208,TIC 461579208,18,7,"18,20,25,26,40,52,53",12.010219999999997,68.01022,9.85852,6032.0,1.19557,1.63580081404644,85.6534026361592,LOW_PRIORITY,53.75,Not especially favorable for giant-HZ-host discovery.,1.7048652534771798,1.1849397224391742,1.305704887590293,500.62166473562996,7
373149896,TIC 373149896,18,7,"18,19,24,25,58,59,78",15.36871333333333,71.36871333333333,9.45738,5968.0,1.07351,1.63292994832165,74.5560191786639,LOW_PRIORITY,53.75,Not especially favorable for giant-HZ-host discovery.,1.3171103329146163,1.0697093445187882,1.1476542741237956,434.18413206606647,7
468258403,TIC 468258403,18,7,"18,19,24,25,26,52,53",12.822879999999998,68.82288,9.71488,6134.0,1.08676,5.00842788855468,79.9956206682926,LOW_PRIORITY,53.75,Not especially favorable for giant-HZ-host discovery.,1.5063888315111449,1.0822484260018201,1.2273503295763377,477.3968603772721,7
468269135,TIC 468269135,18,5,"18,19,24,25,52",16.9234,56.9234,9.245,5897.0,1.06216,5.67746788075694,78.0035392204386,LOW_PRIORITY,53.75,Not especially favorable for giant-HZ-host discovery.,1.2291336426471673,1.0589621683836292,1.1086629977802847,414.3328158226564,5
407516437,TIC 407516437,18,5,"18,19,24,25,52",15.916513333333334,55.91651333333333,9.41063,5941.0,1.05993,2.98948746697193,78.0151113664479,LOW_PRIORITY,53.75,Not especially favorable for giant-HZ-host discovery.,1.260919290109368,1.0568499355833603,1.1229066257304603,422.7650028819559,5
468282175,TIC 468282175,18,6,"18,19,25,26,52,53",15.763119999999995,63.76312,9.58783,5996.0,0.958556,6.27281947964123,80.6444916132474,LOW_PRIORITY,53.75,Not especially favorable for giant-HZ-host discovery.,1.0699812983594565,0.9605868022623975,1.0343990034602009,392.06137354301615,6
407459603,TIC 407459603,18,6,"18,19,24,25,58,59",17.294673333333336,65.29467333333334,9.36144,5830.0,1.03429,6.168560407167,75.4725883787243,LOW_PRIORITY,53.75,Not especially favorable for giant-HZ-host discovery.,1.113406060248359,1.0325479040293626,1.0551805818192255,389.60570309201887,6
388633928,TIC 388633928,18,6,"18,19,25,26,58,59",17.165799999999997,65.16579999999999,9.753,5621.0,1.06472,1.41797746297763,82.3542190930667,LOW_PRIORITY,53.75,Not especially favorable for giant-HZ-host discovery.,1.0195766376689284,1.0613867004172766,1.0097408764969993,359.72308606928453,6
468258381,TIC 468258381,18,5,"18,19,24,25,26",20.04533333333333,60.04533333333333,9.7799,5299.0,1.03434,4.94911295996677,79.9713267971556,LOW_PRIORITY,53.75,Not especially favorable for giant-HZ-host discovery.,0.7599710144593155,1.032595323965906,0.8717631642019038,292.56537007389534,5
440178619,TIC 440178619,17,1,17,31.87296,39.87295999999999,8.6003,4661.0,0.855084,6.26779082229448,45.688674410151,LOW_PRIORITY,53.15,Not especially favorable for giant-HZ-host discovery.,0.3109056986375324,0.8618036738665134,0.5575891844696528,163.81647094430886,1
258868172,TIC 258868172,57,1,57,31.740146666666668,39.74014666666667,8.5839,4851.0,0.716592,1.48187498179516,18.0752255729408,LOW_PRIORITY,53.15,Not especially favorable for giant-HZ-host discovery.,0.2561909119580281,0.7286321963103827,0.5061530519102183,154.08445816629424,1
461356882,TIC 461356882,24,1,24,31.075756666666663,39.07575666666666,8.7903,4875.3,0.680221,2.51755795250858,67.4697289326608,LOW_PRIORITY,53.15,Not especially favorable for giant-HZ-host discovery.,0.235505015903111,0.6934538021602983,0.48528859032859095,148.2796590622401,1
411530077,TIC 411530077,17,1,17,34.00007,42.00007,8.6291,4556.24,0.718153,6.58902389022084,23.8994854307569,LOW_PRIORITY,53.15,Not especially favorable for giant-HZ-host discovery.,0.20024193727665754,0.7301399808179415,0.4474840078445905,127.95387368279002,1
258868174,TIC 258868174,57,1,57,31.03185666666667,39.03185666666667,8.3723,5013.0,0.737061,1.48113861174975,18.0758726453384,LOW_PRIORITY,53.15,Not especially favorable for giant-HZ-host discovery.,0.3090952939400604,0.7483904904818331,0.5559633926258638,175.02310695404836,1
405305758,TIC 405305758,42,4,"42,43,70,83",25.00303,57.00303,8.0181,5804.0,0.822457,2.90605232770779,10.3283329534482,LOW_PRIORITY,52.0,Not especially favorable for giant-HZ-host discovery.,0.6915613730922472,0.8305342392737611,0.8316016913716849,303.93764908735153,4
439996850,TIC 439996850,17,3,"17,57,84",22.063433333333336,46.063433333333336,8.0659,5728.0,1.16063,2.28277813423353,45.5243811318902,LOW_PRIORITY,52.0,Not especially favorable for giant-HZ-host discovery.,1.3064546277241291,1.152017569065462,1.1430024618189276,415.84494068490267,3
51988338,TIC 51988338,42,3,"42,43,70",20.83966666666667,44.83966666666667,8.513,5760.0,1.0775,3.66369657070045,12.2363734022815,LOW_PRIORITY,52.0,Not especially favorable for giant-HZ-host discovery.,1.1513813796138093,1.0734860741215375,1.0730244077437425,391.83788030263753,3
347299560,TIC 347299560,24,3,"24,57,58",32.077106666666666,56.077106666666666,8.1797,4878.0,0.822076,1.46007362197156,56.5002243832995,LOW_PRIORITY,52.0,Not especially favorable for giant-HZ-host discovery.,0.344735360943081,0.830168730377975,0.587141687280916,180.352187366443,3
57988234,TIC 57988234,17,3,"17,57,84",16.035966666666663,40.03596666666667,8.5707,6192.0,1.17479,5.23409481838358,30.0467421502279,LOW_PRIORITY,52.0,Not especially favorable for giant-HZ-host discovery.,1.8278433926426427,1.1653656935543328,1.3519775858506837,531.8796171497854,3
407496268,TIC 407496268,18,4,"18,19,24,25",22.80748333333333,54.80748333333333,8.9701,5407.0,0.992045,7.12997002794478,73.3679248102223,LOW_PRIORITY,52.0,Not especially favorable for giant-HZ-host discovery.,0.7578494395031661,0.9924412428501794,0.8705454838795995,297.8002259639221,4
468293050,TIC 468293050,18,7,"18,19,24,25,26,58,59",23.67334,79.67334,10.2668,4886.0,0.820946,6.89665434876064,78.5270753419409,LOW_PRIORITY,51.5,Not especially favorable for giant-HZ-host discovery.,0.3460491151894076,0.8290846252931403,0.5882593944761169,180.98563303789663,7
388637626,TIC 388637626,18,6,"18,19,25,26,52,53",14.69719333333333,62.69719333333333,10.396,5830.0,0.880214,2.04479520537834,82.8659803885828,LOW_PRIORITY,51.5,Not especially favorable for giant-HZ-host discovery.,0.806390630458095,0.8858472845575417,0.8979925559034969,330.2325668412787,6
331928059,TIC 331928059,52,5,"52,58,78,85,86",21.127536666666664,61.12753666666666,10.2394,5253.0,0.780653,6.33771028371187,69.8809775437071,LOW_PRIORITY,51.5,Not especially favorable for giant-HZ-host discovery.,0.4180616974224014,0.7903785243336784,0.64657690758517,213.6008337728867,5
428737024,TIC 428737024,18,6,"18,19,24,25,58,59",23.536906666666663,71.53690666666667,10.0074,5082.0,0.775016,7.69546086294263,74.4342487825557,LOW_PRIORITY,51.5,Not especially favorable for giant-HZ-host discovery.,0.36095635313005375,0.7849556776025285,0.6007964323546319,191.9811879484312,6
468266262,TIC 468266262,18,5,"18,19,24,25,26",16.630823333333336,56.63082333333334,10.7548,5461.0,0.850831,5.52092418450681,78.6764844546024,LOW_PRIORITY,51.5,Not especially favorable for giant-HZ-host discovery.,0.5800561376836995,0.8577310655666298,0.7616141658895923,262.1302698555715,5
331804827,TIC 331804827,17,1,17,26.34885333333333,34.34885333333333,9.6961,4906.0,0.765008,6.52984501328088,36.9342998955549,LOW_PRIORITY,50.9,Not especially favorable for giant-HZ-host discovery.,0.30544768597979155,0.7753230185707215,0.5526732180771848,170.43214705340696,1
306117460,TIC 306117460,17,1,17,26.11806,34.11806,9.9257,4820.03,0.767889,4.38756041633401,24.6678274903911,LOW_PRIORITY,50.9,Not especially favorable for giant-HZ-host discovery.,0.2867415102335672,0.778096611541891,0.5354825022664766,162.25249687179996,1
150814337,TIC 150814337,57,1,57,25.59724333333333,33.59724333333333,9.7097,5026.0,0.734729,3.07029946977221,20.887821299244,LOW_PRIORITY,50.9,Not especially favorable for giant-HZ-host discovery.,0.3103408970957604,0.7461408590657084,0.557082486796848,175.81627383602026,1
365961803,TIC 365961803,17,1,17,26.69331333333333,34.693313333333336,9.986,4710.61,0.777427,3.74236917795655,32.8380707376752,LOW_PRIORITY,50.9,Not especially favorable for giant-HZ-host discovery.,0.26811588682962306,0.7872753226889503,0.5177990795951872,153.38002933485032,1
83958869,TIC 83958869,17,1,17,29.391573333333334,37.39157333333333,9.5754,4643.32,0.727916,0.446398829079091,31.8521146244177,LOW_PRIORITY,50.9,Not especially favorable for giant-HZ-host discovery.,0.22190735649687957,0.7395664514058098,0.4710704368742318,137.31892610058281,1
194530566,TIC 194530566,17,1,17,31.317609999999995,39.31761,9.2346,4532.54,0.763949,4.98393360589513,40.2711369969892,LOW_PRIORITY,50.9,Not especially favorable for giant-HZ-host discovery.,0.22191672046087665,0.7743033681484626,0.4710803757968237,134.20761841708062,1
456502995,TIC 456502995,83,1,83,29.968413333333334,37.96841333333334,9.5573,4645.0,0.676072,0.152591044074922,17.9689100016862,LOW_PRIORITY,50.9,Not especially favorable for giant-HZ-host discovery.,0.19170060479088374,0.6894349604645352,0.4378362762390569,127.44159133576497,1
194382995,TIC 194382995,17,1,17,28.138946666666666,36.13894666666667,9.7699,4653.0,0.767312,3.26090424086701,39.3187856215682,LOW_PRIORITY,50.9,Not especially favorable for giant-HZ-host discovery.,0.248639944870014,0.7775411645021526,0.4986380900713603,145.85009115435355,1
194387851,TIC 194387851,17,1,17,28.774276666666665,36.774276666666665,9.4053,4516.17,0.963644,3.38963597799177,41.5138352519344,LOW_PRIORITY,50.9,Not especially favorable for giant-HZ-host discovery.,0.34802390815695905,0.9654300011703966,0.5899355118629146,168.43666698839715,1
201974651,TIC 201974651,17,1,17,29.72578,37.72578,9.4773,4706.0,0.681502,3.52356152747122,49.500934020117,LOW_PRIORITY,50.9,Not especially favorable for giant-HZ-host discovery.,0.20522802750727787,0.6946943679465837,0.45302100117685257,133.61980663041322,1
80531794,TIC 80531794,17,1,17,30.94484333333333,38.94484333333333,9.0558,4681.0,0.749029,6.66867966042593,30.1994563137545,LOW_PRIORITY,50.9,Not especially favorable for giant-HZ-host discovery.,0.24268701493338093,0.75993019467862,0.492632738389747,144.8732753919469,1
201926252,TIC 201926252,57,1,57,29.251626666666667,37.25162666666667,9.3041,4752.0,0.759864,3.15968579187967,48.8131750097108,LOW_PRIORITY,50.9,Not especially favorable for giant-HZ-host discovery.,0.2652602515579717,0.7703694926632889,0.5150342236764192,153.81362923637025,1
150972763,TIC 150972763,57,1,57,30.027916666666663,38.02791666666666,9.0737,4860.0,0.684395,5.52036755740774,21.3749448024746,LOW_PRIORITY,50.9,Not especially favorable for giant-HZ-host discovery.,0.2354254685595816,0.6974956230335759,0.48520662460397385,147.81195593576763,1
283858887,TIC 283858887,57,2,"57,84",26.907,42.907,7.1561,5678.0,1.08186,2.31559470224516,25.2820162101945,LOW_PRIORITY,50.25,Not especially favorable for giant-HZ-host discovery.,1.096019776511132,1.077612227400952,1.046909631492199,376.8970708803542,2
258866681,TIC 258866681,57,2,"57,84",32.72462,48.72462,7.118,5303.36,0.827538,1.2346731283706,23.2696286989997,LOW_PRIORITY,50.25,Not especially favorable for giant-HZ-host discovery.,0.4880620456407027,0.8354078428979039,0.6986143754895849,233.34431653611438,2
201866209,TIC 201866209,57,2,"57,84",20.27485,36.27485,7.9037,6073.61,1.11636,2.73361129876626,48.1104049401157,LOW_PRIORITY,50.25,Not especially favorable for giant-HZ-host discovery.,1.527885643610032,1.110232799881479,1.2360767142900282,476.3776036294325,2
150815724,TIC 150815724,57,2,"57,84",22.90001666666666,38.90001666666666,7.6116,5848.89,1.15795,3.11805857704406,20.2343478402623,LOW_PRIORITY,50.25,Not especially favorable for giant-HZ-host discovery.,1.413735420295383,1.1494903156048062,1.1890060640280111,441.68603745584664,2
150784941,TIC 150784941,57,2,"57,84",21.671393333333327,37.67139333333333,7.705,6141.55,0.999569,2.85178364811738,23.8182245923685,LOW_PRIORITY,50.25,Not especially favorable for giant-HZ-host discovery.,1.2806552534809184,0.9995905455875106,1.1316603967095953,439.79808222886624,2
258868211,TIC 258868211,57,2,"57,84",26.0388,42.0388,6.9076,5939.9,1.04983,1.47811972599347,18.2350074122051,LOW_PRIORITY,50.25,Not especially favorable for giant-HZ-host discovery.,1.2360874658920777,1.0472805310704325,1.1117947049217665,418.4037916626939,2
117956546,TIC 117956546,57,2,"57,84",40.12167,56.12167,5.043,5365.25,0.866258,0.543088080825098,27.0817991094254,LOW_PRIORITY,50.25,Not especially favorable for giant-HZ-host discovery.,0.5602077079370256,0.8724989148372573,0.748470245191501,253.20343137447344,2
373150657,TIC 373150657,18,4,"18,19,24,25",27.043506666666666,59.043506666666666,9.2822,4986.0,0.794436,1.64648644844857,73.9393644539257,LOW_PRIORITY,49.75,Not especially favorable for giant-HZ-host discovery.,0.3514160874156999,0.8036296843162395,0.5928035824922956,185.96382431951568,4
440045557,TIC 440045557,17,3,"17,57,84",15.445173333333331,39.44517333333333,9.80214,5718.04,1.13626,3.36292773402439,46.3841880480969,LOW_PRIORITY,49.75,Not especially favorable for giant-HZ-host discovery.,1.243480283355151,1.1290257119308633,1.1151144709648202,404.7785459431456,3
439946042,TIC 439946042,17,3,"17,57,84",22.39116666666667,46.39116666666667,9.0362,5586.0,0.85807,1.23907192012504,45.6748067955156,LOW_PRIORITY,49.75,Not especially favorable for giant-HZ-host discovery.,0.6458681559180246,0.8646624167716251,0.8036592287269677,282.99244262487025,3
201778444,TIC 201778444,57,3,"57,84,85",20.79133666666667,44.791336666666666,9.5194,5460.0,0.929773,2.21948306641324,53.2132477084754,LOW_PRIORITY,49.75,Not especially favorable for giant-HZ-host discovery.,0.692180152045745,0.9331642317054537,0.8319736486486486,286.9297230347479,3
336765302,TIC 336765302,42,3,"42,43,57",24.616726666666665,48.616726666666665,9.2658,5280.0,0.798674,7.14864139338762,14.1646384531845,LOW_PRIORITY,49.75,Not especially favorable for giant-HZ-host discovery.,0.44665221676797456,0.807701834588546,0.6683204446730435,222.0454151951377,3
373144098,TIC 373144098,18,4,"18,19,24,25",15.862839999999997,47.86283999999999,9.77818,5906.0,0.947444,1.0821669236096,74.8438807511683,LOW_PRIORITY,49.75,Not especially favorable for giant-HZ-host discovery.,0.9839557782833279,0.9500049590573116,0.9919454512639936,370.21923049414215,4
461577810,TIC 461577810,40,3,"40,52,53",16.95343333333333,40.95343333333333,9.05235,5854.0,1.17205,0.242205676102423,86.6721608589394,LOW_PRIORITY,49.75,Not especially favorable for giant-HZ-host discovery.,1.4534425197715155,1.162783424450925,1.205588038996537,448.37274379274373,3
22605111,TIC 22605111,17,1,17,25.551853333333334,33.551853333333334,10.2028,4744.9,0.776278,3.34035952110458,34.833560412933,LOW_PRIORITY,48.65,Not especially favorable for giant-HZ-host discovery.,0.27519308879937165,0.7861699042420873,0.5245884947264585,156.51651147518876,1
51941732,TIC 51941732,57,1,57,20.168806666666672,28.168806666666672,10.8326,5280.48,0.616346,3.28543465514966,17.2098239022762,LOW_PRIORITY,48.65,Not especially favorable for giant-HZ-host discovery.,0.26609547059367894,0.6314418362292202,0.5158444247965456,170.2949070525444,1
190970790,TIC 190970790,17,1,17,24.32575333333334,32.32575333333334,10.7968,4597.0,0.784538,6.75311486857488,47.3605103672563,LOW_PRIORITY,48.65,Not especially favorable for giant-HZ-host discovery.,0.2476399418066807,0.7941147903050182,0.49763434548539826,143.88452989100497,1
437751181,TIC 437751181,17,1,17,24.14834666666666,32.14834666666666,10.6623,4876.47,0.623187,5.20001464828575,26.9765380893559,LOW_PRIORITY,48.65,Not especially favorable for giant-HZ-host discovery.,0.19785804234945192,0.6380981211962176,0.4448123675769952,135.6474932553958,1
80436401,TIC 80436401,17,1,17,20.894716666666667,28.894716666666667,10.9424,5031.0,0.707735,5.11741343736789,24.4423950379199,LOW_PRIORITY,48.65,Not especially favorable for giant-HZ-host discovery.,0.2891034848531616,0.7200740164129047,0.5376834429784514,169.70383226224314,1
201692794,TIC 201692794,17,1,17,25.085543333333334,33.085543333333334,10.0443,4891.0,0.764559,1.75571052754237,51.7531208668282,LOW_PRIORITY,48.65,Not especially favorable for giant-HZ-host discovery.,0.3013751028078913,0.7748907108208003,0.5489764137081768,168.77205011280256,1
427687416,TIC 427687416,83,1,83,21.55074333333333,29.55074333333333,10.9929,4873.0,0.753599,0.685315426655429,14.6235371128605,LOW_PRIORITY,48.65,Not especially favorable for giant-HZ-host discovery.,0.2885100744410927,0.764334209444659,0.5371313381670192,164.46341836711704,1
432552782,TIC 432552782,17,1,17,21.86352,29.86352,10.5058,5147.87,0.688103,0.407321349047437,41.2516613936015,LOW_PRIORITY,48.65,Not especially favorable for giant-HZ-host discovery.,0.2995793658648863,0.7010851669596858,0.5473384381394077,176.63987881633827,1
238302760,TIC 238302760,57,1,57,21.87213,29.87213,10.9463,4694.0,0.889267,0.970348165077412,22.2541118800858,LOW_PRIORITY,48.65,Not especially favorable for giant-HZ-host discovery.,0.3458847416161185,0.8945004584186804,0.5881196660681552,174.18008326460733,1
238304326,TIC 238304326,57,1,57,21.85388333333333,29.85388333333333,10.8702,4810.3,0.824615,1.04471613566617,19.5692189978691,LOW_PRIORITY,48.65,Not especially favorable for giant-HZ-host discovery.,0.32800904617389,0.8326043373545794,0.5727207401289829,173.49431801515175,1
440673162,TIC 440673162,17,1,17,28.33223,36.33223,10.1892,4466.0,0.736097,7.90883345097652,29.2245231179574,LOW_PRIORITY,48.65,Not especially favorable for giant-HZ-host discovery.,0.19419573196441076,0.747460583145151,0.4406764481616992,123.58786718903218,1
437736948,TIC 437736948,17,1,17,21.32197,29.32197,10.9226,4889.0,0.791263,2.49155863285992,29.4906333095257,LOW_PRIORITY,48.65,Not especially favorable for giant-HZ-host discovery.,0.32226754891886344,0.8005801455765369,0.5676861359227152,174.60241603061664,1
150853420,TIC 150853420,57,1,57,21.46626333333333,29.46626333333333,10.957,4876.0,0.773907,3.4428194501745,18.41643824894,LOW_PRIORITY,48.65,Not especially favorable for giant-HZ-host discovery.,0.3050191088191742,0.7838885774997472,0.5522853509003967,169.32003221460008,1
283862928,TIC 283862928,17,1,17,24.541789999999995,32.54178999999999,10.7345,4607.0,0.779521,2.2356382820566,30.1415462364665,LOW_PRIORITY,48.65,Not especially favorable for giant-HZ-host discovery.,0.24661710659881073,0.7892896873040522,0.4966055845425127,143.87634911527897,1
336691212,TIC 336691212,42,1,42,24.451536666666662,32.45153666666666,10.9876,4521.0,0.758973,6.33991419477746,12.5143332089235,LOW_PRIORITY,48.65,Not especially favorable for giant-HZ-host discovery.,0.21681303621526574,0.7695113149100813,0.4656318676972891,132.29601511615834,1
194531274,TIC 194531274,17,1,17,24.89872,32.89872,10.585,4647.29,0.770053,5.01848685841797,39.0478441999497,LOW_PRIORITY,48.65,Not especially favorable for giant-HZ-host discovery.,0.24919254249989112,0.7801795928422938,0.4991918894572418,145.84589582288672,1
190951890,TIC 190951890,57,1,57,24.02505,32.02505,10.4079,4901.0,0.716835,6.58422135274624,44.6024303629136,LOW_PRIORITY,48.65,Not especially favorable for giant-HZ-host discovery.,0.2670987922172434,0.7288669230680221,0.5168160138939615,158.95348234227154,1
293265454,TIC 293265454,42,1,42,24.63334333333333,32.63334333333333,10.9102,4609.0,0.698419,2.18444257501264,4.84719512498892,LOW_PRIORITY,48.65,Not especially favorable for giant-HZ-host discovery.,0.19831411850874947,0.7110665405422457,0.4453247337716034,128.72127367725668,1
411525022,TIC 411525022,57,1,57,24.35127,32.35127,10.6888,4631.0,0.796853,6.17823379131165,21.8572087881823,LOW_PRIORITY,48.65,Not especially favorable for giant-HZ-host discovery.,0.2631178176207608,0.8059522302461317,0.5129501122143953,149.4680152403553,1
306120256,TIC 306120256,17,1,17,22.561106666666667,30.561106666666667,10.4533,5108.4,0.672236,4.42701009974992,26.511396263708,LOW_PRIORITY,48.65,Not especially favorable for giant-HZ-host discovery.,0.27725400473703904,0.6857182025169122,0.5265491475038575,168.5294317938529,1
238394268,TIC 238394268,57,1,57,22.60444333333333,30.60444333333333,10.658,4884.04,0.772989,1.43764692615871,26.0522812929057,LOW_PRIORITY,48.65,Not especially favorable for giant-HZ-host discovery.,0.306307891876471,0.7830052032574976,0.5534508938257043,169.95210197776558,1
202710312,TIC 202710312,17,1,17,23.44086,31.44086,10.7717,4743.47,0.761009,7.78017647821433,49.40347585175,LOW_PRIORITY,48.65,Not especially favorable for giant-HZ-host discovery.,0.26415505693068597,0.7714722398192989,0.5139601705683875,153.2231088584743,1
202642559,TIC 202642559,17,1,17,25.61747666666667,33.61747666666667,10.0025,4968.0,0.663919,7.35532264910285,50.5164981379927,LOW_PRIORITY,48.65,Not especially favorable for giant-HZ-host discovery.,0.24190856980934597,0.6776560852337873,0.4918420171247532,153.04670844673515,1
194410038,TIC 194410038,17,1,17,23.64192,31.64192,10.5929,4781.33,0.780873,3.47719077781278,40.2140079003763,LOW_PRIORITY,48.65,Not especially favorable for giant-HZ-host discovery.,0.28711137550689253,0.7905901266049562,0.5358277479814689,161.12106776208427,1
150901944,TIC 150901944,57,1,57,23.711093333333334,31.711093333333334,10.3791,4903.0,0.758084,4.30486258009845,23.6116459058625,LOW_PRIORITY,48.65,Not especially favorable for giant-HZ-host discovery.,0.29921057895245917,0.7686550132767423,0.5470014432818795,168.5416343374234,1
282723287,TIC 282723287,17,1,17,23.536826666666663,31.536826666666663,10.4801,4720.92,0.886844,1.9290203836184,29.5986477473913,LOW_PRIORITY,48.65,Not especially favorable for giant-HZ-host discovery.,0.3519619689568126,0.8921849038447359,0.5932638274467883,176.69920407894682,1
437760400,TIC 437760400,17,1,17,25.897393333333326,33.897393333333326,10.2194,4582.18,0.870684,5.86796131502153,26.7616853588953,LOW_PRIORITY,48.65,Not especially favorable for giant-HZ-host discovery.,0.30109560723503836,0.876733367414996,0.548721794022288,158.55676318768224,1
58733482,TIC 58733482,42,1,42,23.78194,31.78194,10.7894,4669.19,0.781721,3.50564227012171,0.389621662638865,LOW_PRIORITY,48.65,Not especially favorable for giant-HZ-host discovery.,0.2616763389451112,0.7914057292974748,0.5115430958825573,150.21523132021187,1
306117908,TIC 306117908,17,1,17,25.42700333333333,33.42700333333333,10.6291,4481.65,0.837618,4.27681996076236,26.0199684496594,LOW_PRIORITY,48.65,Not especially favorable for giant-HZ-host discovery.,0.25499899009268556,0.8450719788336419,0.5049742469598678,142.57626029720583,1
117952817,TIC 117952817,57,1,57,25.20884333333333,33.208843333333334,10.6206,4630.0,0.739209,0.339978648548579,26.432692793357,LOW_PRIORITY,48.65,Not especially favorable for giant-HZ-host discovery.,0.226231547426938,0.7504623060894984,0.47563804245133506,138.3058841720319,1
257469419,TIC 257469419,42,1,42,25.192993333333327,33.19299333333333,10.8375,4531.0,0.736534,0.211766720497649,4.16300871306179,LOW_PRIORITY,48.65,Not especially favorable for giant-HZ-host discovery.,0.20599494267498514,0.747882135816223,0.45386665737304954,129.14157046841157,1
415818004,TIC 415818004,17,1,17,25.154626666666665,33.154626666666665,10.0114,4938.0,0.731644,5.59542410865086,41.7957414156651,LOW_PRIORITY,48.65,Not especially favorable for giant-HZ-host discovery.,0.28674686835688973,0.7431642755830344,0.5354875053228504,166.02436388729214,1
44526065,TIC 44526065,17,1,17,26.618686666666665,34.61868666666666,10.4284,4518.0,0.768438,7.60066034049231,34.7165603147213,LOW_PRIORITY,48.65,Not especially favorable for giant-HZ-host discovery.,0.2216650803657098,0.7786250851053028,0.4708132117578157,133.72080762886557,1
357394373,TIC 357394373,84,1,84,22.322470000000003,30.322470000000003,10.6603,4925.0,0.766133,2.68661225157459,15.4370190859133,LOW_PRIORITY,48.65,Not especially favorable for giant-HZ-host discovery.,0.31112004164132384,0.7764061393065508,0.5577813564841728,172.67987888807758,1
432485571,TIC 432485571,17,1,17,21.414836666666663,29.414836666666663,10.8691,4920.0,0.777543,0.137458919445488,41.6389652354821,LOW_PRIORITY,48.65,Not especially favorable for giant-HZ-host discovery.,0.3191566906244012,0.7873869182689197,0.5649395459908974,174.7829607882439,1
22527127,TIC 22527127,17,1,17,21.96509666666666,29.96509666666666,10.6913,4979.1,0.744387,2.90469207896982,30.8819964088799,LOW_PRIORITY,48.65,Not especially favorable for giant-HZ-host discovery.,0.3068284775470192,0.7554554193196078,0.5539210029841973,173.24374088782082,1
22468706,TIC 22468706,17,1,17,26.77200333333333,34.77200333333333,10.5321,4528.0,0.703293,2.25000012891959,34.6652484471624,LOW_PRIORITY,48.65,Not especially favorable for giant-HZ-host discovery.,0.18732380582504735,0.7157798693343009,0.4328092025651111,122.92641441817612,1
83959458,TIC 83959458,17,1,17,26.26073,34.260729999999995,10.5352,4532.21,0.749672,0.514968917167636,33.4899925195059,LOW_PRIORITY,48.65,Not especially favorable for giant-HZ-host discovery.,0.21363745213995405,0.760549921551796,0.4622093163707911,131.6086408469951,1
194144218,TIC 194144218,17,1,17,26.46045,34.46045,10.2166,4645.16,0.763015,1.04732845675562,37.3013159623816,LOW_PRIORITY,48.65,Not especially favorable for giant-HZ-host discovery.,0.24421007238544495,0.7734040144130467,0.49417615521739305,144.28118244182573,1
58755347,TIC 58755347,57,1,57,23.086323333333336,31.086323333333336,10.6487,4915.0,0.702721,5.66320613111708,17.0431122117291,LOW_PRIORITY,48.65,Not especially favorable for giant-HZ-host discovery.,0.2596298743845323,0.715226810094646,0.5095388840751335,157.08485998442455,1
257524191,TIC 257524191,42,1,42,23.018206666666664,31.018206666666664,10.7712,4764.0,0.786366,1.0525171414142,2.62597012856759,LOW_PRIORITY,48.65,Not especially favorable for giant-HZ-host discovery.,0.28696648420027493,0.7958724865273604,0.5356925276688811,160.52469804702224,1
150901832,TIC 150901832,57,1,57,22.80216,30.80216,10.6442,4826.0,0.807104,4.09457193803653,23.8603097749167,LOW_PRIORITY,48.65,Not especially favorable for giant-HZ-host discovery.,0.3183486261274099,0.8157987296228609,0.5642239148843391,171.38623850810342,1
432484912,TIC 432484912,17,1,17,22.87844,30.87844,10.2815,5135.21,0.686881,0.0284714090246564,36.2830779240335,LOW_PRIORITY,48.65,Not especially favorable for giant-HZ-host discovery.,0.2955905534825761,0.6999023121728117,0.5436824012993028,175.0207028371954,1
191076519,TIC 191076519,57,1,57,26.687026666666668,34.68702666666667,10.2873,4449.0,0.875544,7.51456423017461,43.1117098736102,LOW_PRIORITY,48.65,Not especially favorable for giant-HZ-host discovery.,0.2705828617801262,0.8813817980680813,0.5201757989181409,145.959847251226,1
127428682,TIC 127428682,17,1,17,26.6892,34.6892,10.5803,4314.77,0.869985,6.21717126087216,38.1512772650153,LOW_PRIORITY,48.65,Not especially favorable for giant-HZ-host discovery.,0.23634631842813816,0.876064690282058,0.4861546239913163,132.27682667307897,1
466437764,TIC 466437764,42,1,42,22.67057,30.67057,10.6933,4820.0,0.805623,6.51795189362565,6.84427617219937,LOW_PRIORITY,48.65,Not especially favorable for giant-HZ-host discovery.,0.315606963141058,0.8143765576227321,0.5617890735329925,170.42665693142902,1
365963481,TIC 365963481,17,1,17,22.69226333333333,30.69226333333333,10.7326,4765.6,0.833067,4.02127897856329,31.2264823097241,LOW_PRIORITY,48.65,Not especially favorable for giant-HZ-host discovery.,0.32249643725747557,0.8407094607511458,0.5678876977514794,170.47509775250677,1
201525713,TIC 201525713,17,1,17,21.64473,29.64473,10.7497,5006.0,0.730647,0.9654208877545,51.4672539150698,LOW_PRIORITY,48.65,Not especially favorable for giant-HZ-host discovery.,0.3020461485195399,0.7422021792158152,0.5495872528721348,172.73648929719337,1
202590609,TIC 202590609,17,1,17,27.433119999999995,35.433119999999995,10.4364,4490.0,0.707128,7.20475561796377,48.160626112145,LOW_PRIORITY,48.65,Not especially favorable for giant-HZ-host discovery.,0.1830948558922171,0.7194873002162129,0.4278958470144541,120.52739371057929,1
194438661,TIC 194438661,17,1,17,27.69655,35.69655,10.1823,4568.0,0.717425,3.9900908959438,40.3324117862674,LOW_PRIORITY,48.65,Not especially favorable for giant-HZ-host discovery.,0.20190733850671722,0.7294368192179855,0.44934100470212734,128.8132275630046,1
437761325,TIC 437761325,17,1,17,21.909693333333333,29.909693333333333,10.875,4900.0,0.742364,5.902321142345,29.7890094991716,LOW_PRIORITY,48.65,Not especially favorable for giant-HZ-host discovery.,0.2862284750392304,0.7535048603571474,0.5350032476903578,164.65761599709194,1
177701859,TIC 177701859,17,1,17,22.704163333333327,30.704163333333327,10.7851,4752.85,0.821502,0.0795352944198095,43.2120087861592,LOW_PRIORITY,48.65,Not especially favorable for giant-HZ-host discovery.,0.3102618610380719,0.8296180526879635,0.5570115447978362,166.70453811660732,1
115514794,TIC 115514794,17,1,17,23.95390333333333,31.95390333333333,10.6995,4726.0,0.753143,7.60052231626002,36.9773777936155,LOW_PRIORITY,48.65,Not especially favorable for giant-HZ-host discovery.,0.2549320670769626,0.7638948317525144,0.5049079788208566,149.93112139890243,1
357370232,TIC 357370232,57,1,57,25.366043333333334,33.36604333333334,10.1698,4643.74,0.892359,2.08843347695058,16.7780056754283,LOW_PRIORITY,48.65,Not especially favorable for giant-HZ-host discovery.,0.3336149546373334,0.8974548888953644,0.5775941089011672,169.245855833311,1
293222158,TIC 293222158,42,1,42,25.500076666666665,33.500076666666665,10.0457,4785.0,0.810879,1.63248967207301,5.82539641608042,LOW_PRIORITY,48.65,Not especially favorable for giant-HZ-host discovery.,0.3105521822156378,0.8194231902306501,0.557272089930617,167.85606516848077,1
437764503,TIC 437764503,17,1,17,23.93731333333333,31.93731333333333,10.7889,4708.99,0.733217,6.19363629526187,28.4488026331152,LOW_PRIORITY,48.65,Not especially favorable for giant-HZ-host discovery.,0.23816110382394942,0.7446820737054373,0.4880175240951388,144.29719893783704,1
202661869,TIC 202661869,17,1,17,25.15981333333333,33.15981333333333,10.0753,4849.0,0.779732,7.49405465575147,52.1620708744976,LOW_PRIORITY,48.65,Not especially favorable for giant-HZ-host discovery.,0.30282669908331344,0.7894926479007482,0.5502969190203716,167.807667787436,1
440044467,TIC 440044467,17,1,17,23.198726666666666,31.198726666666666,10.3204,4995.0,0.756134,3.34120636635253,47.4011708221567,LOW_PRIORITY,48.65,Not especially favorable for giant-HZ-host discovery.,0.3206521927657064,0.766776560409611,0.5662615939349113,177.73848376150397,1
293266478,TIC 293266478,42,1,42,26.4653,34.4653,10.0994,4758.59,0.714885,2.11624597695669,0.264817173631556,LOW_PRIORITY,48.65,Not especially favorable for giant-HZ-host discovery.,0.23609143396870755,0.7269832010291551,0.48589240986941495,145.0902434463466,1
38380363,TIC 38380363,42,2,"42,43",27.856966666666665,43.856966666666665,8.9939,4959.0,0.85091,3.18741873238827,4.97529891637236,LOW_PRIORITY,48.0,Not especially favorable for giant-HZ-host discovery.,0.39449217998722863,0.8578067240311777,0.6280861246574618,196.30180839318527,2
414781790,TIC 414781790,42,2,"42,43",17.541866666666664,33.541866666666664,8.3389,6156.0,1.14692,7.71588041457706,15.603902819951,LOW_PRIORITY,48.0,Not especially favorable for giant-HZ-host discovery.,1.7019837412212189,1.1390858834457147,1.3046009892764987,509.951114186525,2
257305591,TIC 257305591,42,2,"42,43",21.76433333333333,37.764333333333326,8.5326,5710.0,1.01886,7.69094491246615,4.67530541263696,LOW_PRIORITY,48.0,Not especially favorable for giant-HZ-host discovery.,0.9941872015021984,1.017908607365979,0.9970893648526187,360.4433000657298,2
395320272,TIC 395320272,42,2,"42,43",23.363816666666665,39.363816666666665,8.0095,5762.97,1.02401,1.08959313290817,12.957295010236,LOW_PRIORITY,48.0,Not especially favorable for giant-HZ-host discovery.,1.0420499595617272,1.0227959222579555,1.0208084832923985,372.48787160957386,2
418759634,TIC 418759634,42,2,"42,43",22.456756666666667,38.45675666666666,8.7705,5634.0,0.917791,2.46373507564702,8.45330303687204,LOW_PRIORITY,48.0,Not especially favorable for giant-HZ-host discovery.,0.7646270716278797,0.9217361166109389,0.8744295692780978,311.0814931023787,2
466437830,TIC 466437830,42,2,"42,43",26.619526666666665,42.619526666666665,8.5146,5253.0,0.921374,6.47001744148611,6.53100035383857,LOW_PRIORITY,48.0,Not especially favorable for giant-HZ-host discovery.,0.5823662781089984,0.9251542648468851,0.7631292669718535,253.15138713102496,2
418759763,TIC 418759763,42,2,"42,43",19.37616333333333,35.37616333333334,8.9605,5890.0,0.936517,2.49773566839712,9.20016227062045,LOW_PRIORITY,48.0,Not especially favorable for giant-HZ-host discovery.,0.9510146781431721,0.9395932366512121,0.9751998144704357,362.87804956384593,2
293371397,TIC 293371397,42,2,"42,43",19.076133333333328,35.07613333333333,8.6071,5869.0,1.12538,5.46264838063997,5.88549933017949,LOW_PRIORITY,48.0,Not especially favorable for giant-HZ-host discovery.,1.353784488744091,1.1187530519241333,1.163522448749525,433.3963589492402,2
293305075,TIC 293305075,42,2,"42,43",20.98615,36.98615,8.3299,5944.91,0.982,4.47774599970791,0.377824872301001,LOW_PRIORITY,48.0,Not especially favorable for giant-HZ-host discovery.,1.0851726080743813,0.982892256069315,1.041716184032091,391.7070471768765,2
354532520,TIC 354532520,17,2,"17,57",25.42650666666667,41.42650666666667,8.8917,5387.58,0.777686,1.75274831724477,32.8700967936002,LOW_PRIORITY,48.0,Not especially favorable for giant-HZ-host discovery.,0.45906924666654114,0.7875244875365565,0.6775464904097291,229.54447355818587,2
411528516,TIC 411528516,57,2,"57,84",18.565,34.565,8.2886,6159.98,1.06141,6.49015052548314,19.0757621480607,LOW_PRIORITY,48.0,Not especially favorable for giant-HZ-host discovery.,1.461430843023717,1.058251800955539,1.2088965394208542,471.93199105908747,2
401424886,TIC 401424886,42,2,"42,43",18.788583333333328,34.78858333333333,8.7466,5798.29,1.15726,5.06339954175087,9.52642546740787,LOW_PRIORITY,48.0,Not especially favorable for giant-HZ-host discovery.,1.3638177095587443,1.1488395948232637,1.1678260613459284,430.0587331162326,2
418759631,TIC 418759631,42,2,"42,43",22.07006,38.07006,8.7477,5728.25,0.887039,2.46520404479673,8.4531667187715,LOW_PRIORITY,48.0,Not especially favorable for giant-HZ-host discovery.,0.7632520769109998,0.8923712684646405,0.8736429916796676,315.7318768177406,2
461577024,TIC 461577024,40,3,"40,52,53",11.132133333333336,35.132133333333336,10.5841,5887.0,1.11398,0.354338024780412,84.8067831224597,LOW_PRIORITY,47.5,Not especially favorable for giant-HZ-host discovery.,1.3428442412344568,1.1079840895625848,1.1588115641615149,432.855254006591,3
201505695,TIC 201505695,57,3,"57,84,85",19.13753333333333,43.13753333333333,10.4695,5323.0,0.82928,0.549472704378781,53.5546805212172,LOW_PRIORITY,47.5,Not especially favorable for giant-HZ-host discovery.,0.4974196733784392,0.8370783930556885,0.7052798546523494,236.45547653475404,3
461591645,TIC 461591645,19,3,"19,52,53",9.303799999999995,33.303799999999995,10.694,6188.0,1.00202,5.29139140364866,84.4507670487553,LOW_PRIORITY,47.5,Not especially favorable for giant-HZ-host discovery.,1.3263211967846156,1.0019189031589442,1.1516601915428941,450.9833124665451,3
303205354,TIC 303205354,42,3,"42,43,57",20.525416666666665,44.525416666666665,10.7652,5064.0,0.788045,5.2744044871592,15.2653745789561,LOW_PRIORITY,47.5,Not especially favorable for giant-HZ-host discovery.,0.3679353658226455,0.7974867331995206,0.6065767600416665,193.22225297234516,3
373456697,TIC 373456697,18,4,"18,19,24,25",12.514263333333329,44.51426333333333,10.0995,6109.0,0.984607,3.92560172541669,74.2719026310122,LOW_PRIORITY,47.5,Not especially favorable for giant-HZ-host discovery.,1.2164690080964515,0.9853709920098263,1.1029365385626009,426.20262944140524,4
378534010,TIC 378534010,58,3,"58,78,85",14.049119999999998,38.04912,10.5906,5723.0,0.956348,0.280560051785,66.6777672720111,LOW_PRIORITY,47.5,Not especially favorable for giant-HZ-host discovery.,0.883937587861692,0.9584846371276412,0.9401795508633933,340.1056509259573,3
58764257,TIC 58764257,42,3,"42,43,57",16.216806666666667,40.21680666666667,10.952,5238.0,0.999186,6.1236071441467,15.8492771611676,LOW_PRIORITY,47.5,Not especially favorable for giant-HZ-host discovery.,0.6770946267116783,0.9992266842588597,0.8228575980761667,272.73774061973427,3
191082907,TIC 191082907,17,3,"17,57,84",17.270966666666663,41.270966666666666,10.5439,5526.0,0.81701,7.69210153585239,45.3179022688854,LOW_PRIORITY,47.5,Not especially favorable for giant-HZ-host discovery.,0.5607805949902946,0.8253079025356366,0.748852852695571,260.5415278704059,3
373150643,TIC 373150643,18,4,"18,19,24,25",19.49956333333333,51.49956333333333,10.516,5395.0,0.714477,1.69810300354861,73.9485272605218,LOW_PRIORITY,47.5,Not especially favorable for giant-HZ-host discovery.,0.38961620514949014,0.7265890359397369,0.6241924424001705,211.3117095391173,4
388633951,TIC 388633951,18,4,"18,19,25,26",18.008689999999998,50.00869,10.5082,5435.0,0.833351,1.05603091986849,82.4096590573662,LOW_PRIORITY,47.5,Not especially favorable for giant-HZ-host discovery.,0.5459449156627963,0.8409817335450362,0.7388808534958775,252.96390831535257,4
373278642,TIC 373278642,18,4,"18,19,24,25",19.12764666666667,51.12764666666667,10.9051,5163.0,0.789362,1.9943579653179,77.8378643329784,LOW_PRIORITY,47.5,Not especially favorable for giant-HZ-host discovery.,0.39889228955205897,0.7987528206221131,0.6315792029128722,205.12838152816596,4
388634757,TIC 388634757,18,4,"18,19,24,25",15.602756666666668,47.60275666666666,10.8631,5583.0,0.808651,1.91118927286133,78.2026599914885,LOW_PRIORITY,47.5,Not especially favorable for giant-HZ-host discovery.,0.5723839898466909,0.8172841406609314,0.7565606319698976,265.86997641307136,4
407518595,TIC 407518595,18,3,"18,19,53",9.761599999999998,33.7616,10.4311,6140.0,1.1014,2.88593412050395,81.205168273195,LOW_PRIORITY,47.5,Not especially favorable for giant-HZ-host discovery.,1.5533107188484243,1.096094045687917,1.2463188672440229,485.41150963690234,3
373279538,TIC 373279538,18,4,"18,19,24,25",13.01885333333333,45.01885333333333,10.118,6082.0,0.949248,2.3659503763639,76.8961047111167,LOW_PRIORITY,47.5,Not especially favorable for giant-HZ-host discovery.,1.1108099342906712,0.951723309745192,1.0539496829975665,405.10228030778336,4
373513128,TIC 373513128,18,4,"18,19,24,25",14.734886666666664,46.73488666666667,10.7911,5742.0,0.791738,4.72079667508063,75.0882038074985,LOW_PRIORITY,47.5,Not especially favorable for giant-HZ-host discovery.,0.6139181064755409,0.8010367022083253,0.7835292633179318,283.0393699123531,4
468295719,TIC 468295719,19,3,"19,25,26",18.205046666666664,42.20504666666666,10.7842,5259.0,0.849982,6.94262930021716,83.2283200345905,LOW_PRIORITY,47.5,Not especially favorable for giant-HZ-host discovery.,0.4978824880353118,0.8569179543203087,0.7056078854684886,233.86527527646305,3
440058694,TIC 440058694,17,2,"17,57",16.629499999999993,32.62949999999999,9.71075,5756.0,1.02275,3.59803895694094,43.8470975297425,LOW_PRIORITY,45.75,Not especially favorable for giant-HZ-host discovery.,1.0344674446992628,1.0216003046409712,1.017087727140222,370.66991505601845,2
336691577,TIC 336691577,42,2,"42,43",16.36255333333333,32.36255333333333,9.48644,5968.0,0.962502,6.53609255678969,13.0936770553695,LOW_PRIORITY,45.75,Not especially favorable for giant-HZ-host discovery.,1.0587983342844172,0.9643430582200433,1.0289792681509269,388.2257899890931,2
357350780,TIC 357350780,42,2,"42,43",16.508656666666667,32.50865666666667,9.70599,5787.33,1.01063,1.59903423649188,13.8121288512185,LOW_PRIORITY,45.75,Not especially favorable for giant-HZ-host discovery.,1.032267062649047,1.0100958262541981,1.0160054442024644,372.1799634947721,2
411534465,TIC 411534465,17,2,"17,57",22.48606333333333,38.48606333333333,9.879,5341.0,0.715627,7.07241263435431,19.6524690802997,LOW_PRIORITY,45.75,Not especially favorable for giant-HZ-host discovery.,0.3754554888386806,0.7277000116575099,0.6127442279113534,205.36804882917824,2
22528024,TIC 22528024,17,2,"17,57",12.77012,28.77012,9.76732,6043.58,1.14641,2.97050496607978,31.3027221170819,LOW_PRIORITY,45.75,Not especially favorable for giant-HZ-host discovery.,1.5796167962876417,1.1386046875064473,1.2568280695018081,482.3003178655066,2
437736382,TIC 437736382,17,2,"17,57",17.115299999999998,33.1153,9.90939,5747.93,0.901439,2.45116009650361,27.8731244247915,LOW_PRIORITY,45.75,Not especially favorable for giant-HZ-host discovery.,0.7991223540709185,0.9061279493616852,0.8939364373773554,324.30632661704766,2
405191427,TIC 405191427,42,2,"42,43",15.992296666666668,31.992296666666668,9.56993,5961.0,0.971965,3.81114144035874,11.7516997997641,LOW_PRIORITY,45.75,Not especially favorable for giant-HZ-host discovery.,1.0746633809078698,0.9733478975822437,1.036659722815481,390.7603725269596,2
427330951,TIC 427330951,42,2,"42,43",17.07683333333333,33.076833333333326,9.7841,5599.0,1.07951,2.6616780440683,4.94243609889608,LOW_PRIORITY,45.75,Not especially favorable for giant-HZ-host discovery.,1.0317866867164551,1.0753883721502693,1.015769012480916,360.57863997480007,2
418753324,TIC 418753324,42,2,"42,43",13.814133333333332,29.81413333333333,9.64465,6145.0,1.00656,1.97516498378816,9.17175369322897,LOW_PRIORITY,45.75,Not especially favorable for giant-HZ-host discovery.,1.3015522128701034,1.0062309802907643,1.1408559124052886,443.6981097646619,2
127430832,TIC 127430832,17,2,"17,57",21.8266,37.8266,9.763,5381.0,0.79464,6.69327605020832,41.3736566350748,LOW_PRIORITY,45.75,Not especially favorable for giant-HZ-host discovery.,0.47696611146353657,0.8038257258263073,0.6906273318248681,233.81637145441877,2
58028911,TIC 58028911,17,2,"17,57",20.70069,36.70069,9.2664,5558.36,0.958071,5.62028222626249,34.4464924420662,LOW_PRIORITY,45.75,Not especially favorable for giant-HZ-host discovery.,0.7893630355959269,0.9601250702732768,0.888461049003234,312.16478463558855,2
293361638,TIC 293361638,42,2,"42,43",20.374023333333334,36.37402333333333,9.1143,5651.59,0.973886,5.12058506945434,0.124181880560539,LOW_PRIORITY,45.75,Not especially favorable for giant-HZ-host discovery.,0.8717531950988731,0.975175353857339,0.9336772435370121,333.6906417441615,2
418752447,TIC 418752447,42,2,"42,43",13.136356666666664,29.136356666666664,9.76224,5944.59,1.19431,0.153304747000213,10.4786405193938,LOW_PRIORITY,45.75,Not especially favorable for giant-HZ-host discovery.,1.604783587220791,1.1837533341626223,1.2668005317415962,478.65430850467305,2
401426871,TIC 401426871,42,2,"42,43",12.979506666666666,28.979506666666666,9.86139,6036.0,1.09416,5.27960780695304,11.613166140574,LOW_PRIORITY,45.75,Not especially favorable for giant-HZ-host discovery.,1.4317042117441512,1.0892480527453614,1.196538428862254,458.0541322628763,2
405187209,TIC 405187209,42,2,"42,43",21.48551,37.48551,9.86721,5147.0,0.982065,2.17689508604109,9.24993570784548,LOW_PRIORITY,45.75,Not especially favorable for giant-HZ-host discovery.,0.6098062204305111,0.9829540620737749,0.7809009030795848,254.22455823972356,2
405212578,TIC 405212578,42,2,"42,43",22.78139,38.78139,9.7643,5208.38,0.842491,4.23955818635155,6.55150372959915,LOW_PRIORITY,45.75,Not especially favorable for giant-HZ-host discovery.,0.4705826389867926,0.8497418475936178,0.6859902615830582,225.124959107076,2
411527645,TIC 411527645,17,2,"17,57",21.177016666666663,37.17701666666666,9.958,5361.3,0.798015,6.39991499214664,22.926155864446,LOW_PRIORITY,45.75,Not especially favorable for giant-HZ-host discovery.,0.47402064607062633,0.8070686949504484,0.6884915729844675,232.26454333108845,2
293371131,TIC 293371131,42,2,"42,43",22.2014,38.2014,9.196,5315.0,1.03896,5.24987988225847,4.94518723944909,LOW_PRIORITY,45.75,Not especially favorable for giant-HZ-host discovery.,0.7760781222748891,1.036976432297595,0.8809529625779626,296.5752206135327,2
411524787,TIC 411524787,17,2,"17,57",22.59209666666667,38.59209666666667,9.42,5415.36,0.826657,6.14118111874738,22.8854388738911,LOW_PRIORITY,45.75,Not especially favorable for giant-HZ-host discovery.,0.5294863110285742,0.8345629110516568,0.7276581003662188,248.17140359115345,2
468334567,TIC 468334567,42,2,"42,43",13.4629,29.4629,9.6032,6122.0,1.07743,5.64777053752698,6.16017953742988,LOW_PRIORITY,45.75,Not especially favorable for giant-HZ-host discovery.,1.4690823436228315,1.073419821741145,1.2120570711079703,470.42459925231793,2
468338112,TIC 468338112,42,2,"42,43",13.42566,29.42566,9.92226,5888.0,1.14853,6.20289962444975,11.4787006483281,LOW_PRIORITY,45.75,Not especially favorable for giant-HZ-host discovery.,1.4284025039705914,1.140604882806507,1.1951579410147395,446.84876659622773,2
408230206,TIC 408230206,42,2,"42,43",20.77733666666667,36.77733666666667,9.5445,5472.0,0.911133,7.42650180389744,12.934271202406,LOW_PRIORITY,45.75,Not especially favorable for giant-HZ-host discovery.,0.6705676809810058,0.915382673240696,0.818881970115966,282.89211614252395,2
58018570,TIC 58018570,17,2,"17,57",20.720006666666663,36.72000666666666,9.98834,5395.65,0.802955,5.59317050955633,33.3527063262088,LOW_PRIORITY,45.75,Not especially favorable for giant-HZ-host discovery.,0.49232535862280674,0.8118142053610631,0.7016590045191515,238.25995521866082,2
395320482,TIC 395320482,42,2,"42,43",20.644103333333337,36.64410333333333,9.3798,5645.32,0.845903,1.0764803892167,12.0512454675442,LOW_PRIORITY,45.75,Not especially favorable for giant-HZ-host discovery.,0.6547719992777898,0.853010813966237,0.8091798312351772,287.85947589639596,2
194140684,TIC 194140684,17,2,"17,57",25.17887,41.17887,9.4677,5069.0,0.837533,0.752035896115703,41.1831743541329,LOW_PRIORITY,45.75,Not especially favorable for giant-HZ-host discovery.,0.4172417237640633,0.8449905100311356,0.6459425080950032,206.27904261194655,2
293282151,TIC 293282151,42,2,"42,43",20.565459999999995,36.56546,9.74051,5270.0,1.02225,4.02547904283196,5.22556742280713,LOW_PRIORITY,45.75,Not especially favorable for giant-HZ-host discovery.,0.7261919153284603,1.0211258327988348,0.8521689476438696,284.34077983689417,2
401422819,TIC 401422819,42,2,"42,43",21.99733333333333,37.99733333333333,9.699,5131.0,1.0115,4.82821438075025,10.2295580026564,LOW_PRIORITY,45.75,Not especially favorable for giant-HZ-host discovery.,0.638902434736246,1.0109218716307817,0.7993137273538131,259.6015825294839,2
405291867,TIC 405291867,42,2,"42,43",26.904443333333333,42.90444333333333,9.2976,4984.0,0.803849,1.25516110373054,8.11610202989373,LOW_PRIORITY,45.75,Not especially favorable for giant-HZ-host discovery.,0.3592161026050832,0.812672852011001,0.5993463961726,187.9962541701492,2
194304288,TIC 194304288,17,2,"17,57",13.842663333333329,29.842663333333327,9.78913,5966.77,1.09444,2.10536009554099,38.5503598092259,LOW_PRIORITY,45.75,Not especially favorable for giant-HZ-host discovery.,1.3678416233082487,1.0895128569134496,1.1695476148102089,442.5892958577939,2
58735087,TIC 58735087,42,2,"42,43",14.21423666666666,30.21423666666666,9.94172,5934.51,1.02313,3.76496299141179,3.09286576569669,LOW_PRIORITY,45.75,Not especially favorable for giant-HZ-host discovery.,1.1697574304258647,1.0219608954840669,1.0815532490015758,406.3918080254555,2
427330926,TIC 427330926,42,2,"42,43",14.252866666666668,30.25286666666667,9.23635,6072.0,1.18684,2.65099231034216,4.77289602010803,LOW_PRIORITY,45.75,Not especially favorable for giant-HZ-host discovery.,1.725067573252912,1.1767184588138353,1.3134182781021864,506.82557909352613,2
437737143,TIC 437737143,17,2,"17,57",19.95412333333333,35.95412333333333,9.7175,5573.35,0.839796,2.86607545079393,29.8189679247844,LOW_PRIORITY,45.75,Not especially favorable for giant-HZ-host discovery.,0.6130664954057518,0.8471593562176413,0.782985629118282,274.9402703952896,2
52051614,TIC 52051614,42,2,"42,43",19.850280000000005,35.850280000000005,9.2892,5714.0,0.904292,4.30288673479389,13.1335984808334,LOW_PRIORITY,45.75,Not especially favorable for giant-HZ-host discovery.,0.7853676929472394,0.9088521822617365,0.8862097341754035,319.63061578591464,2
437737149,TIC 437737149,17,2,"17,57",19.10255,35.10255,9.4741,5739.38,0.883955,2.86619376103147,29.8150336450195,LOW_PRIORITY,45.75,Not especially favorable for giant-HZ-host discovery.,0.7638620670384783,0.8894236000252286,0.8739920291618672,316.4441766370168,2
194327926,TIC 194327926,17,2,"17,57",19.823260000000005,35.823260000000005,9.94428,5468.69,0.849387,2.41917450923024,38.0371592196248,LOW_PRIORITY,45.75,Not especially favorable for giant-HZ-host discovery.,0.5813519745462588,0.8563480818377597,0.7624644087078811,262.78128008138964,2
336691315,TIC 336691315,42,2,"42,43",20.29963333333333,36.29963333333333,9.1735,5575.0,1.02147,6.34060234584765,11.8736132188559,LOW_PRIORITY,45.75,Not especially favorable for giant-HZ-host discovery.,0.9080827576711443,1.020385633552496,0.9529337635277408,336.3582847012871,2
257193333,TIC 257193333,42,2,"42,43",20.08978333333333,36.08978333333333,9.96014,5357.62,0.908949,6.43293784654844,2.3221079832876,LOW_PRIORITY,45.75,Not especially favorable for giant-HZ-host discovery.,0.6132836283046592,0.9132980710163267,0.7831242738573867,264.8682992460446,2
238393072,TIC 238393072,57,2,"57,84",20.0062,36.0062,9.2174,5704.46,0.92537,1.22163794093,25.9229519566482,LOW_PRIORITY,45.75,Not especially favorable for giant-HZ-host discovery.,0.8169278438391973,0.9289656274429771,0.9038406075405094,325.6328243640998,2
293405902,TIC 293405902,42,2,"42,43",19.997526666666666,35.997526666666666,9.711,5572.71,0.838589,5.6525368661899,1.14641799962381,LOW_PRIORITY,45.75,Not especially favorable for giant-HZ-host discovery.,0.6110247556642946,0.8460026107736087,0.7816807248898329,274.4406741602704,2
257246870,TIC 257246870,42,2,"42,43",14.52077333333333,30.52077333333333,9.91989,5911.0,1.0208,6.84216600022145,5.01438210594975,LOW_PRIORITY,45.75,Not especially favorable for giant-HZ-host discovery.,1.1460930276286716,1.0197497988160287,1.0705573443906082,400.6436956804816,2
401427741,TIC 401427741,42,2,"42,43",25.013569999999994,41.01357,9.2535,5192.0,0.837243,5.31280939431168,7.28836007970973,LOW_PRIORITY,45.75,Not especially favorable for giant-HZ-host discovery.,0.45891948321824777,0.8447125545345548,0.677435962448295,221.58385923931647,2
194529345,TIC 194529345,17,2,"17,57",25.13417666666667,41.13417666666667,9.4946,5051.19,0.846084,4.8814384233078,41.6191214023454,LOW_PRIORITY,45.75,Not especially favorable for giant-HZ-host discovery.,0.41985225880943816,0.8531842078718131,0.6479600750119086,206.2486863142732,2
395323701,TIC 395323701,42,2,"42,43",14.85968333333333,30.85968333333333,9.6483,6008.29,1.01447,2.23171750479306,13.5348946207725,LOW_PRIORITY,45.75,Not especially favorable for giant-HZ-host discovery.,1.2083052798562093,1.013741552203218,1.0992294027436718,418.0797237676877,2
352177545,TIC 352177545,17,2,"17,57",15.385836666666664,31.385836666666663,9.60412,5802.93,1.15066,0.745339010834619,40.453999102962,LOW_PRIORITY,45.75,Not especially favorable for giant-HZ-host discovery.,1.352627054191279,1.1426143270890983,1.163024958541853,428.5721483976004,2
257303153,TIC 257303153,42,2,"42,43",14.99576,30.99576,9.38186,6092.0,1.03768,7.43935618782624,5.40382392627473,LOW_PRIORITY,45.75,Not especially favorable for giant-HZ-host discovery.,1.336168353916152,1.0357627164700933,1.155927486443744,446.02168474660976,2
468345351,TIC 468345351,42,2,"42,43",18.56044666666666,34.560446666666664,9.58374,5692.35,0.933501,6.32563288444195,7.64708171897981,LOW_PRIORITY,45.75,Not especially favorable for giant-HZ-host discovery.,0.8243101860030958,0.936718393448077,0.9079152967117009,326.47783392925726,2
52052128,TIC 52052128,42,2,"42,43",18.58483333333333,34.58483333333333,9.4623,5593.0,1.06243,4.40636207504969,13.0009676180944,LOW_PRIORITY,45.75,Not especially favorable for giant-HZ-host discovery.,0.995118129552359,1.0592178945173394,0.9975560783997856,353.5929105241253,2
408505170,TIC 408505170,42,2,"42,43",18.42951,34.42951,9.83386,5321.09,1.15593,0.421780556646862,10.6128608291422,LOW_PRIORITY,45.75,Not especially favorable for giant-HZ-host discovery.,0.9650730744040037,1.1475852521945211,0.9823813284076626,331.9845666374764,2
194302749,TIC 194302749,17,2,"17,57",19.03565666666666,35.03565666666666,9.88787,5530.77,0.898978,2.07423073114365,36.1563212333738,LOW_PRIORITY,45.75,Not especially favorable for giant-HZ-host discovery.,0.6812950470050646,0.9037776776648181,0.825405989198688,288.111665546847,2
468335571,TIC 468335571,42,2,"42,43",17.674443333333333,33.67444333333333,9.65217,5806.0,0.900021,5.73252521421847,11.2231783739337,LOW_PRIORITY,45.75,Not especially favorable for giant-HZ-host discovery.,0.8292932338475296,0.9047737889690992,0.9106553869864986,333.6962381491226,2
52051804,TIC 52051804,42,2,"42,43",17.87551333333333,33.87551333333333,9.93002,5650.0,0.898774,4.25054049954393,12.3238567258007,LOW_PRIORITY,45.75,Not especially favorable for giant-HZ-host discovery.,0.741633779626624,0.9035828418538556,0.8611816182586713,307.07775992079536,2
437742377,TIC 437742377,17,2,"17,57",15.70878333333333,31.70878333333333,9.46475,5932.09,1.06648,3.19246875230978,28.7213079280631,LOW_PRIORITY,45.75,Not especially favorable for giant-HZ-host discovery.,1.268910721002608,1.0630533970772527,1.126459373880216,423.53176182789264,2
408230230,TIC 408230230,42,2,"42,43",18.109086666666663,34.10908666666667,9.71416,5730.0,0.895094,7.42512321532196,13.0374739984795,LOW_PRIORITY,45.75,Not especially favorable for giant-HZ-host discovery.,0.7781270091294545,0.9000677764065288,0.8821150770332942,318.96313068947484,2
357392128,TIC 357392128,42,2,"42,43",17.951299999999996,33.9513,9.0591,5885.0,1.04373,2.3724692705331,12.3803589798309,LOW_PRIORITY,45.75,Not especially favorable for giant-HZ-host discovery.,1.1772180495228446,1.0414987625296683,1.084996797010408,404.4860327509256,2
51988363,TIC 51988363,42,2,"42,43",15.951999999999998,31.952,9.5563,5720.0,1.18228,3.63460393782755,12.3819315190795,LOW_PRIORITY,45.75,Not especially favorable for giant-HZ-host discovery.,1.3480919374862461,1.1724229896185674,1.1610736141546953,422.02453032282125,2
440051305,TIC 440051305,17,2,"17,57",15.816799999999995,31.8168,9.6417,5762.0,1.12664,3.47985747047137,44.384697514223,LOW_PRIORITY,45.75,Not especially favorable for giant-HZ-host discovery.,1.2605441424396302,1.1199429699379304,1.1227395701762855,410.5923132307737,2
58720646,TIC 58720646,42,2,"42,43",17.315366666666662,33.31536666666666,9.98712,5622.42,0.954932,3.08669261211919,4.43166094950785,LOW_PRIORITY,45.75,Not especially favorable for giant-HZ-host discovery.,0.8209803128608895,0.9571363818010376,0.9060796393589746,321.9977740565131,2
58030512,TIC 58030512,17,2,"17,84",17.369266666666668,33.36926666666667,9.2046,5778.0,1.1329,5.79478078579916,33.7503407964542,LOW_PRIORITY,45.75,Not especially favorable for giant-HZ-host discovery.,1.2888073789729135,1.1258537998952942,1.1352565256244571,416.3803597525492,2
336690903,TIC 336690903,42,2,"42,43",16.192106666666664,32.19210666666666,9.67459,5838.0,1.01262,6.36342403047311,13.7924968060386,LOW_PRIORITY,45.75,Not especially favorable for giant-HZ-host discovery.,1.0731095861726778,1.0119852340706983,1.0359100280297888,382.81257246649983,2
466442396,TIC 466442396,42,2,"42,43",7.399666666666668,23.39966666666667,10.8433,6165.0,1.15188,6.99812637037675,6.5857376917632,LOW_PRIORITY,43.5,Not especially favorable for giant-HZ-host discovery.,1.7267978906842907,1.1437651926060948,1.3140768206936346,514.4615463727733,2
58765794,TIC 58765794,42,2,"42,43",16.387953333333336,32.387953333333336,10.2311,5692.0,0.892098,6.22889055737568,15.3188580291758,LOW_PRIORITY,43.5,Not especially favorable for giant-HZ-host discovery.,0.7526263295353353,0.8972055211330837,0.8675403907227233,311.5866281106425,2
468336149,TIC 468336149,42,2,"42,43",16.726646666666667,32.72664666666667,10.3969,5593.53,0.873967,5.92367176525055,9.73898587084901,LOW_PRIORITY,43.5,Not especially favorable for giant-HZ-host discovery.,0.6736412391143761,0.8798735910143212,0.8207565041559989,289.5353416668081,2
405272279,TIC 405272279,42,2,"42,43",16.832113333333332,32.83211333333333,10.5277,5614.0,0.794042,1.16978640121213,9.18518835701814,LOW_PRIORITY,43.5,Not especially favorable for giant-HZ-host discovery.,0.5642496425926927,0.8032510479993951,0.7511655227662494,265.3188117906265,2
408506342,TIC 408506342,42,2,"42,43",16.049796666666662,32.049796666666666,10.9196,5430.0,0.868847,3.21110656822494,7.87831681454754,LOW_PRIORITY,43.5,Not especially favorable for giant-HZ-host discovery.,0.5912629154020894,0.8749759996459109,0.7689362232344692,263.2859200745606,2
293283931,TIC 293283931,42,2,"42,43",16.23103333333333,32.23103333333333,10.3007,5453.08,1.07905,4.30183418894482,1.34798424761877,LOW_PRIORITY,43.5,Not especially favorable for giant-HZ-host discovery.,0.9275670757968565,1.0749530360017492,0.9631028376019128,332.969514549584,2
336737616,TIC 336737616,42,2,"42,43",16.311853333333328,32.31185333333333,10.5042,5629.0,0.842968,6.98990176275177,14.8180149185444,LOW_PRIORITY,43.5,Not especially favorable for giant-HZ-host discovery.,0.6427496994372875,0.8501988911335434,0.8017167201931662,284.35532740003225,2
405292491,TIC 405292491,42,2,"42,43",16.35098,32.35098,10.399,5618.0,0.890302,1.26178187066181,10.9875433854528,LOW_PRIORITY,43.5,Not especially favorable for giant-HZ-host discovery.,0.7113713130938258,0.8954894662136822,0.8434283093979155,298.97318953746174,2
303157052,TIC 303157052,42,2,"42,43",16.358766666666664,32.35876666666667,10.1035,5565.0,1.05189,4.69692494055143,14.4676144490262,LOW_PRIORITY,43.5,Not especially favorable for giant-HZ-host discovery.,0.9560839724333327,1.0492326828736178,0.9777954655414048,344.7675224221715,2
293372858,TIC 293372858,42,2,"42,43",8.111466666666665,24.111466666666665,10.8835,6138.0,1.08712,5.48789261728399,1.32326314369595,LOW_PRIORITY,43.5,Not especially favorable for giant-HZ-host discovery.,1.5113227434376113,1.0825890034032943,1.2293586715997944,478.4938193350482,2
58764766,TIC 58764766,42,2,"42,43",8.148099999999998,24.1481,10.9305,5984.0,1.19299,6.18596327335986,13.579853452366,LOW_PRIORITY,43.5,Not especially favorable for giant-HZ-host discovery.,1.6441243307382583,1.1825103840800353,1.282234116976404,487.6842558685429,2
408507134,TIC 408507134,42,2,"42,43",8.928166666666664,24.928166666666662,10.8198,6150.0,1.02093,3.42256281335939,11.6451981241135,LOW_PRIORITY,43.5,Not especially favorable for giant-HZ-host discovery.,1.343343582375654,1.0198731713661948,1.1590269981219825,451.2918281729064,2
357410213,TIC 357410213,42,2,"42,43",9.166933333333336,25.166933333333336,10.9294,5995.0,1.08238,2.77207776138559,12.6713071604513,LOW_PRIORITY,43.5,Not especially favorable for giant-HZ-host discovery.,1.3633613492721985,1.078104281866989,1.1676306561889331,443.83144926522095,2
403026807,TIC 403026807,42,2,"42,43",9.31148333333333,25.311483333333328,10.9999,5939.71,1.0858,4.5195344378037,8.07543269486858,LOW_PRIORITY,43.5,Not especially favorable for giant-HZ-host discovery.,1.3220727416643894,1.0813401920141965,1.1498142205001596,433.0624865584088,2
468333469,TIC 468333469,42,2,"42,43",9.367466666666663,25.367466666666665,10.9655,6003.0,1.04122,5.63180547582507,11.781303801525,LOW_PRIORITY,43.5,Not especially favorable for giant-HZ-host discovery.,1.268390810308829,1.039119216830506,1.1262285781797712,428.24998013950045,2
257245531,TIC 257245531,42,2,"42,43",9.387766666666668,25.387766666666668,10.9224,5901.0,1.14143,6.73655238326153,1.15044517126431,LOW_PRIORITY,43.5,Not especially favorable for giant-HZ-host discovery.,1.4232976574383898,1.1339053873718974,1.1930203927169014,446.9651024412796,2
244169165,TIC 244169165,42,2,"42,43",9.43023333333333,25.43023333333333,10.8176,6031.0,1.07077,6.40438303832819,0.0867785621240416,LOW_PRIORITY,43.5,Not especially favorable for giant-HZ-host discovery.,1.3666094330367877,1.0671153945258312,1.1690207154010521,446.9077053348939,2
408508381,TIC 408508381,42,2,"42,43",9.635766666666663,25.635766666666665,10.752,5970.0,1.12729,4.74511724759826,7.06779998267773,LOW_PRIORITY,43.5,Not especially favorable for giant-HZ-host discovery.,1.4543312755257438,1.1205567905116913,1.2059565811113366,456.9522252258136,2
405187836,TIC 405187836,42,2,"42,43",9.6924,25.6924,10.9756,5855.0,1.12802,3.38912573271477,6.26779667706773,LOW_PRIORITY,43.5,Not especially favorable for giant-HZ-host discovery.,1.3472118916206042,1.1212461371361544,1.1606945729263165,431.33696222182107,2
405189926,TIC 405189926,42,2,"42,43",15.56086666666667,31.56086666666667,10.4843,5523.0,1.01436,3.56879287276291,7.08383240141338,LOW_PRIORITY,43.5,Not especially favorable for giant-HZ-host discovery.,0.8625397393952248,1.0136371269571438,0.9287301757750874,324.70075982637616,2
303205534,TIC 303205534,42,2,"42,43",15.625136666666668,31.62513666666667,10.373,5682.0,0.919953,5.30233228582453,15.6560281036776,LOW_PRIORITY,43.5,Not especially favorable for giant-HZ-host discovery.,0.7947506794094947,0.9237987239052284,0.8914879019983921,319.8708957362441,2
51943533,TIC 51943533,42,2,"42,43",17.39951,33.39951,10.9366,5273.0,0.857909,3.37538171102062,13.4100260358909,LOW_PRIORITY,43.5,Not especially favorable for giant-HZ-host discovery.,0.5126349872454804,0.8645082909578344,0.7159853261383786,237.991707986755,2
468348364,TIC 468348364,42,2,"42,43",17.482703333333333,33.48270333333333,10.7281,5398.0,0.828823,7.41738866403988,10.7052894209317,LOW_PRIORITY,43.5,Not especially favorable for giant-HZ-host discovery.,0.5254722909098015,0.836640154352091,0.7248946757355867,246.45250522944016,2
84014924,TIC 84014924,17,2,"17,84",9.786233333333334,25.786233333333332,10.8786,5986.48,1.04787,1.52938510983266,34.8391877447556,LOW_PRIORITY,43.5,Not especially favorable for giant-HZ-host discovery.,1.2705614309950382,1.0454229661077088,1.1271918341591365,427.50476245732705,2
293359066,TIC 293359066,42,2,"42,43",9.957666666666666,25.957666666666668,10.7013,6003.0,1.08788,5.09789995990067,0.676020435378657,LOW_PRIORITY,43.5,Not especially favorable for giant-HZ-host discovery.,1.3846183054150767,1.0833079816237057,1.1766980519296684,447.93170658853893,2
303207658,TIC 303207658,42,2,"42,43",10.027500000000003,26.027500000000003,10.4851,6038.0,1.13821,5.44261660124503,15.4645630577766,LOW_PRIORITY,43.5,Not especially favorable for giant-HZ-host discovery.,1.5513576757763927,1.1308663385927245,1.2455350961640514,477.43971279544877,2
408505208,TIC 408505208,42,2,"42,43",10.057599999999995,26.057599999999997,10.598,6083.0,1.05254,0.46810686717068,10.4385778256336,LOW_PRIORITY,43.5,Not especially favorable for giant-HZ-host discovery.,1.3666055969885833,1.0498486134127545,1.1690190746897944,450.5668973378765,2
357369131,TIC 357369131,42,2,"42,43",10.105333333333332,26.10533333333333,10.9084,5833.0,1.13194,2.01269017412105,12.3732571276702,LOW_PRIORITY,43.5,Not especially favorable for giant-HZ-host discovery.,1.3363168058420902,1.1249474529769221,1.1559916979987745,428.0122302072815,2
405333445,TIC 405333445,42,2,"42,43",10.16696666666666,26.16696666666666,10.8763,5997.06,1.0019,3.00976960745928,7.11623698688473,LOW_PRIORITY,43.5,Not especially favorable for giant-HZ-host discovery.,1.169760734506678,1.00180491431946,1.0815547764707427,410.46055228522135,2
397555891,TIC 397555891,42,2,"42,43",10.218299999999996,26.2183,10.871,5948.0,1.03977,5.04415199261484,15.4526399259098,LOW_PRIORITY,43.5,Not especially favorable for giant-HZ-host discovery.,1.2191386934511852,1.0377444482137705,1.1041461377241626,415.9918783651123,2
357353480,TIC 357353480,42,2,"42,43",10.234383333333332,26.234383333333334,10.7155,5919.91,1.12377,1.79765492548959,12.2977049950192,LOW_PRIORITY,43.5,Not especially favorable for giant-HZ-host discovery.,1.3973654314404529,1.117232504177202,1.1821021239471878,444.1206225438375,2
293360696,TIC 293360696,42,2,"42,43",10.288966666666669,26.288966666666667,10.8995,5970.0,1.00297,5.19553958549687,4.27205965517184,LOW_PRIORITY,43.5,Not especially favorable for giant-HZ-host discovery.,1.1512454340487885,1.0028212907210656,1.0729610589619683,405.372601687733,2
357369060,TIC 357369060,42,2,"42,43",10.4456,26.4456,10.0971,6101.0,1.1991,2.03956603122383,12.0577801505654,LOW_PRIORITY,43.5,Not especially favorable for giant-HZ-host discovery.,1.7947733666563839,1.1882631600855291,1.3396915192149212,519.5664748772493,2
466438062,TIC 466438062,42,2,"42,43",10.5025,26.5025,10.8918,5726.0,1.18803,6.61324198307944,6.75879969081321,LOW_PRIORITY,43.5,Not especially favorable for giant-HZ-host discovery.,1.366957147421343,1.1778392896619967,1.1691694263114063,425.4645508956575,2
466440318,TIC 466440318,42,2,"42,43",18.34948,34.34948,10.3355,5438.0,0.865852,6.83426772814754,6.77274588883454,LOW_PRIORITY,43.5,Not especially favorable for giant-HZ-host discovery.,0.590661756028759,0.8721104315272513,0.7685452205490312,263.5169912082102,2
115511182,TIC 115511182,17,2,"17,57",18.431400000000004,34.431400000000004,10.136,5339.0,1.01996,7.37460281651115,40.2031375802642,LOW_PRIORITY,43.5,Not especially favorable for giant-HZ-host discovery.,0.7615539486684801,1.0189526033957328,0.8726705842805063,294.9773968515403,2
38398342,TIC 38398342,42,2,"42,43",18.475996666666664,34.47599666666666,10.4349,5319.0,0.912607,3.83919618120673,4.79886911031191,LOW_PRIORITY,43.5,Not especially favorable for giant-HZ-host discovery.,0.6005957613256213,0.9167894476028776,0.7749811361095322,260.2508273496718,2
468348187,TIC 468348187,42,2,"42,43",15.181653333333337,31.181653333333337,10.9744,5608.0,0.785408,7.38928491852585,9.84808705721678,LOW_PRIORITY,43.5,Not especially favorable for giant-HZ-host discovery.,0.5496894114524388,0.794951356137947,0.7414104203829609,261.5218476203105,2
397586264,TIC 397586264,42,2,"42,43",15.392419999999996,31.392419999999998,10.3999,5741.0,0.883298,2.78355549140415,9.56777889353492,LOW_PRIORITY,43.5,Not especially favorable for giant-HZ-host discovery.,0.763588522633081,0.8887955770402056,0.8738355237875609,316.4709321270021,2
407572447,TIC 407572447,19,2,"19,52",15.456519999999998,31.45652,10.9312,5498.0,0.866868,3.06713695283617,83.8023221206866,LOW_PRIORITY,43.5,Not especially favorable for giant-HZ-host discovery.,0.6186137876351891,0.8730825795448821,0.7865200490993152,272.6636597669577,2
405209816,TIC 405209816,42,2,"42,43",10.6849,26.6849,10.5357,5939.0,1.13473,3.7881443822633,7.40035712254091,LOW_PRIORITY,43.5,Not especially favorable for giant-HZ-host discovery.,1.4432218163053778,1.1275814173673384,1.2013416734240838,452.91435264463166,2
257208552,TIC 257208552,42,2,"42,43",10.706,26.706,10.8573,5705.12,1.19888,7.1299816284144,2.90165749804871,LOW_PRIORITY,43.5,Not especially favorable for giant-HZ-host discovery.,1.371845729209826,1.1880560479684057,1.1712581821314316,424.7669484954604,2
336725901,TIC 336725901,42,2,"42,43",10.845466666666663,26.845466666666663,10.9585,6075.0,0.83622,6.66194260836767,11.9633163625372,LOW_PRIORITY,43.5,Not especially favorable for giant-HZ-host discovery.,0.8580664868584658,0.8437320041045528,0.9263187825249285,354.51014537341644,2
257201261,TIC 257201261,42,2,"42,43",11.162566666666663,27.162566666666663,10.8238,5826.42,1.06554,6.47621736297424,6.02921685020024,LOW_PRIORITY,43.5,Not especially favorable for giant-HZ-host discovery.,1.1788033908998998,1.0621632466683189,1.085727125432491,400.93652513062796,2
51940539,TIC 51940539,42,2,"42,43",11.303413333333332,27.30341333333333,10.8164,5893.0,0.998932,3.12818715716853,13.8389751760152,LOW_PRIORITY,43.5,Not especially favorable for giant-HZ-host discovery.,1.0842072972280292,0.9989853729000483,1.041252753767321,388.2798957984332,2
257290657,TIC 257290657,42,2,"42,43",11.307333333333336,27.307333333333336,10.1047,6025.0,1.17322,7.17156552128613,0.651485606158573,LOW_PRIORITY,43.5,Not especially favorable for giant-HZ-host discovery.,1.634112044211088,1.1638861090916912,1.2783239199088343,489.32381761572765,2
427331787,TIC 427331787,42,2,"42,43",11.555313333333336,27.555313333333338,10.2107,6188.83,0.969497,4.00652628657673,3.37850401008172,LOW_PRIORITY,43.5,Not especially favorable for giant-HZ-host discovery.,1.242286776925047,0.9709998125408813,1.114579192756193,436.161219554007,2
405191192,TIC 405191192,42,2,"42,43",11.81117333333333,27.81117333333333,10.438,6106.0,0.922016,3.75186717016282,10.9241530934323,LOW_PRIORITY,43.5,Not especially favorable for giant-HZ-host discovery.,1.0646303073085965,0.9257666565135361,1.0318092397864038,397.8676018556511,2
293282900,TIC 293282900,42,2,"42,43",11.8511,27.8511,10.8211,5921.0,0.91895,4.19478414487499,3.51375817679426,LOW_PRIORITY,43.5,Not especially favorable for giant-HZ-host discovery.,0.9351014250481212,0.9228418645702111,0.9670064245123303,361.55187635047474,2
336724913,TIC 336724913,42,2,"42,43",18.58855,34.58855,10.2806,5447.0,0.856405,6.60845320910236,13.7620336031435,LOW_PRIORITY,43.5,Not especially favorable for giant-HZ-host discovery.,0.5816779483131084,0.8630684370624913,0.7626781420187079,261.8662669905529,2
405271829,TIC 405271829,42,2,"42,43",18.64897,34.648970000000006,10.7945,5273.0,0.789803,1.15647039694068,11.2659534726865,LOW_PRIORITY,43.5,Not especially favorable for giant-HZ-host discovery.,0.43447356122301045,0.7991767488340609,0.6591460848878725,218.6458908797438,2
52006002,TIC 52006002,42,2,"42,43",18.677346666666665,34.677346666666665,10.2856,5292.0,0.974692,3.9163899727449,15.2061351505325,LOW_PRIORITY,43.5,Not especially favorable for giant-HZ-host discovery.,0.671287956146369,0.9759420517292049,0.8193216438898517,274.19520162874176,2
408506386,TIC 408506386,42,2,"42,43",18.709903333333333,34.70990333333333,10.5212,5437.0,0.756363,3.19780425102821,8.11297097225319,LOW_PRIORITY,43.5,Not especially favorable for giant-HZ-host discovery.,0.45039399735281377,0.7669971707483171,0.6711139972857173,229.29141212575348,2
293344422,TIC 293344422,42,2,"42,43",18.881753333333336,34.881753333333336,10.1228,5488.0,0.856038,4.89537658361053,5.24780052491414,LOW_PRIORITY,43.5,Not especially favorable for giant-HZ-host discovery.,0.5988764128807363,0.8627170705538667,0.7738710570119135,267.7065117626976,2
257322770,TIC 257322770,42,2,"42,43",18.178986666666663,34.17898666666666,10.0287,5667.0,0.814788,7.94881212048773,3.38322637419959,LOW_PRIORITY,43.5,Not especially favorable for giant-HZ-host discovery.,0.6168744875874086,0.823175418213762,0.7854135774147328,280.21516489602544,2
403022680,TIC 403022680,42,2,"42,43",12.065533333333333,28.06553333333333,10.4016,5878.0,1.10114,1.44137962801473,9.43606058273983,LOW_PRIORITY,43.5,Not especially favorable for giant-HZ-host discovery.,1.3040616264218057,1.0958482341506168,1.1419551770633583,425.78328188010835,2
336737332,TIC 336737332,42,2,"42,43",12.341789999999996,28.34179,10.9883,5912.0,0.810501,7.02555687029144,13.7268243208719,LOW_PRIORITY,43.5,Not especially favorable for giant-HZ-host discovery.,0.7230020386884344,0.8190603021827125,0.8502952655921556,316.4367587468513,2
405270006,TIC 405270006,42,2,"42,43",12.56015333333333,28.56015333333333,10.9495,5698.0,0.982518,0.938582331078286,8.0784678661463,LOW_PRIORITY,43.5,Not especially favorable for giant-HZ-host discovery.,0.9167808244908777,0.9833847967026181,0.9574867228796845,345.0862224520307,2
468333740,TIC 468333740,42,2,"42,43",12.674433333333328,28.67443333333333,10.5858,5824.0,1.01157,5.69009655818178,10.3706890450804,LOW_PRIORITY,43.5,Not especially favorable for giant-HZ-host discovery.,1.060649905561478,1.0109883335073588,1.029878587776966,379.66118229523613,2
397586075,TIC 397586075,42,2,"42,43",21.81796333333333,37.81796333333334,10.4668,5107.0,0.742317,2.76169463827535,10.516025773709,LOW_PRIORITY,43.5,Not especially favorable for giant-HZ-host discovery.,0.33770458327788955,0.7534595402106058,0.5811235525065986,186.40732430850372,2
303202870,TIC 303202870,42,2,"42,43",12.703633333333334,28.703633333333336,10.042,6073.0,1.01867,5.13976369598944,14.6878690643973,LOW_PRIORITY,43.5,Not especially favorable for giant-HZ-host discovery.,1.2716712926311362,1.017728275072769,1.1276840393617071,433.56623678329163,2
468344967,TIC 468344967,42,2,"42,43",12.713656666666663,28.713656666666665,10.8031,5736.0,0.994061,6.21145346449049,6.39189780668892,LOW_PRIORITY,43.5,Not especially favorable for giant-HZ-host discovery.,0.9637343793281811,0.9943571105500147,0.9816997399043055,356.27639288811537,2
293304262,TIC 293304262,42,2,"42,43",12.847333333333331,28.84733333333333,10.6914,5738.14,1.02359,4.42265598149905,3.90370606141482,LOW_PRIORITY,43.5,Not especially favorable for giant-HZ-host discovery.,1.0233668368722273,1.022397391229826,1.0116159532511473,367.5393666772354,2
466442097,TIC 466442097,42,2,"42,43",12.927096666666666,28.927096666666664,10.2897,5967.0,0.985577,6.9481954423993,8.22664579352529,LOW_PRIORITY,43.5,Not especially favorable for giant-HZ-host discovery.,1.109430194779876,0.9862931843293303,1.0532949229821038,397.56870838438016,2
440657189,TIC 440657189,17,2,"17,57",21.224063333333337,37.22406333333333,10.3769,5041.3,0.892417,6.86495158445553,26.8369400186141,LOW_PRIORITY,43.5,Not especially favorable for giant-HZ-host discovery.,0.46344750601337237,0.8975103034583695,0.6807697892925129,216.5563461353922,2
468357515,TIC 468357515,42,2,"42,43",21.327913333333328,37.32791333333333,10.8481,4864.0,0.841302,7.73634461996105,9.4457947772271,LOW_PRIORITY,43.5,Not especially favorable for giant-HZ-host discovery.,0.35692158924312545,0.8486025359742277,0.5974291499777404,183.0912861804994,2
405291818,TIC 405291818,42,2,"42,43",12.99767,28.99767,10.241,6101.0,0.886333,1.25026367389652,7.85588391267475,LOW_PRIORITY,43.5,Not especially favorable for giant-HZ-host discovery.,0.9806017158752933,0.8916965232481461,0.9902533594365097,381.15460800559595,2
468276605,TIC 468276605,25,2,"25,26",13.375066666666669,29.37506666666667,10.9109,5400.0,1.1648,5.62301089248403,80.744096130119,LOW_PRIORITY,43.5,Not especially favorable for giant-HZ-host discovery.,1.0393754953557777,1.1559493200908249,1.0194976681463168,349.7036641614878,2
401425269,TIC 401425269,42,2,"42,43",14.187956666666668,30.187956666666665,10.1502,5967.0,0.915291,5.04337305700372,7.49480271984147,LOW_PRIORITY,43.5,Not especially favorable for giant-HZ-host discovery.,0.9568354245838179,0.9193507451104207,0.9781796484203799,368.5339844961927,2
403022352,TIC 403022352,42,2,"42,43",14.2153,30.2153,10.4812,5801.0,0.91849,1.3852922801081,7.68085472443237,LOW_PRIORITY,43.5,Not especially favorable for giant-HZ-host discovery.,0.8607064089775988,0.9224030083294088,0.9277426415647816,339.837380009927,2
397586415,TIC 397586415,42,2,"42,43",14.246566666666665,30.246566666666663,10.0327,5883.0,1.02643,2.73234660702894,8.84682395510745,LOW_PRIORITY,43.5,Not especially favorable for giant-HZ-host discovery.,1.1369694033331474,1.0250920609826242,1.0662876738165679,397.21018223001533,2
408515089,TIC 408515089,42,2,"42,43",14.353656666666664,30.353656666666662,10.5236,5723.55,0.952236,5.53398647400246,6.78445134706137,LOW_PRIORITY,43.5,Not especially favorable for giant-HZ-host discovery.,0.8766895447497334,0.9545690881134691,0.936317010819377,338.70445721297216,2
401424336,TIC 401424336,42,2,"42,43",20.361336666666663,36.361336666666666,10.7706,5003.04,0.853093,4.96637452019756,6.28883482597971,LOW_PRIORITY,43.5,Not especially favorable for giant-HZ-host discovery.,0.41079331512635076,0.8598972488566523,0.6409315994131907,202.10844963118353,2
418755864,TIC 418755864,42,2,"42,43",20.385986666666664,36.38598666666667,10.3801,5319.0,0.743528,1.87247366013804,7.35842755478163,LOW_PRIORITY,43.5,Not especially favorable for giant-HZ-host discovery.,0.39866611825596454,0.7546272114285855,0.6314001253214673,210.950709042283,2
401422478,TIC 401422478,42,2,"42,43",20.726,36.726,10.285,5275.22,0.78405,4.7911334704173,8.45058934469862,LOW_PRIORITY,43.5,Not especially favorable for giant-HZ-host discovery.,0.42888863091965485,0.793645523879436,0.6548958931919293,217.2877983631191,2
405191414,TIC 405191414,42,2,"42,43",20.78469333333333,36.78469333333333,10.8214,5056.0,0.746304,3.81943425687369,11.8033684506029,LOW_PRIORITY,43.5,Not especially favorable for giant-HZ-host discovery.,0.32790988590602255,0.7573035294293384,0.572634164110056,181.87420867132099,2
293360401,TIC 293360401,42,2,"42,43",20.83821,36.83821,10.3337,5174.0,0.837699,5.21279069678823,5.54903483033122,LOW_PRIORITY,43.5,Not especially favorable for giant-HZ-host discovery.,0.453081575326898,0.8451496134255038,0.673113345081568,219.40965139651922,2
418760307,TIC 418760307,42,2,"42,43",13.582033333333332,29.58203333333333,10.0989,5842.0,1.10057,2.46157665726507,11.8291555407777,LOW_PRIORITY,43.5,Not especially favorable for giant-HZ-host discovery.,1.271089881731609,1.0953093294704883,1.1274262200834293,417.78613920024,2
293359889,TIC 293359889,42,2,"42,43",19.70072333333333,35.70072333333333,10.5435,5224.0,0.825861,4.98856153853712,4.3165345428432,LOW_PRIORITY,43.5,Not especially favorable for giant-HZ-host discovery.,0.4576371779314273,0.8337994605870042,0.6764888601680202,222.56168147768875,2
293361513,TIC 293361513,42,2,"42,43",20.286786666666664,36.28678666666666,10.1767,5388.0,0.777308,5.21285990117733,0.614436550692145,LOW_PRIORITY,43.5,Not especially favorable for giant-HZ-host discovery.,0.45876611554415736,0.7871608401512555,0.6773227558145063,229.4837744664865,2
403024405,TIC 403024405,42,2,"42,43",19.21243,35.21243,10.1089,5411.0,0.892697,1.6018663796398,6.61566492621813,LOW_PRIORITY,43.5,Not especially favorable for giant-HZ-host discovery.,0.615478655793758,0.8977778195055744,0.7845244774981581,267.8647317860078,2
405191093,TIC 405191093,42,2,"42,43",19.27161666666667,35.271616666666674,10.0869,5465.19,0.85042,3.68319420752688,10.4019524453541,LOW_PRIORITY,43.5,Not especially favorable for giant-HZ-host discovery.,0.5812764134987783,0.857337444342622,0.7624148565569655,262.604010446633,2
257193673,TIC 257193673,42,2,"42,43",19.435286666666663,35.43528666666667,10.3985,5346.0,0.808738,6.43703649977135,4.17001213505356,LOW_PRIORITY,43.5,Not especially favorable for giant-HZ-host discovery.,0.48131148776421395,0.8173676728058857,0.6937661621643232,233.45391775921217,2
401422464,TIC 401422464,42,2,"42,43",19.52325,35.52325,10.4603,5162.0,0.928555,4.85469865712918,8.36513295891119,LOW_PRIORITY,43.5,Not especially favorable for giant-HZ-host discovery.,0.5515463017979951,0.9320028732760991,0.7426616334495778,242.14086063300834,2
51987617,TIC 51987617,42,2,"42,43",19.671416666666666,35.67141666666666,10.5852,5268.0,0.775445,3.55678167486559,14.5106003676522,LOW_PRIORITY,43.5,Not especially favorable for giant-HZ-host discovery.,0.41723408079125807,0.7853684487714235,0.6459365919277666,213.96282888824933,2
427332904,TIC 427332904,42,2,"42,43",13.657436666666666,29.657436666666666,10.7317,5762.55,0.906118,5.82174356495121,1.89759226924367,LOW_PRIORITY,43.5,Not especially favorable for giant-HZ-host discovery.,0.815686082758815,0.910595542092818,0.903153410423066,328.52600611956944,2
58735340,TIC 58735340,42,2,"42,43",13.666733333333337,29.666733333333333,10.3509,5776.0,1.0463,3.65747927604878,4.42931525719396,LOW_PRIORITY,43.5,Not especially favorable for giant-HZ-host discovery.,1.0977814785046303,1.0439348933608348,1.047750675735707,383.3897007667344,2
408515146,TIC 408515146,42,2,"42,43",13.694943333333333,29.69494333333333,10.6981,5818.0,0.869599,5.52979664842644,6.50302571559292,LOW_PRIORITY,43.5,Not especially favorable for giant-HZ-host discovery.,0.7805983721552895,0.8756954235868116,0.8835147832126463,324.1413343013765,2
293371005,TIC 293371005,42,2,"42,43",13.917583333333331,29.917583333333333,10.6289,5689.0,0.982515,5.23146466463203,4.35258814768425,LOW_PRIORITY,43.5,Not especially favorable for giant-HZ-host discovery.,0.9109967429898235,0.9833819441880743,0.9544614937177002,343.45253626994645,2
303203846,TIC 303203846,42,2,"42,43",13.999199999999998,29.9992,10.2089,5930.0,0.94152,5.19873122302683,12.3109413388115,LOW_PRIORITY,43.5,Not especially favorable for giant-HZ-host discovery.,0.9875806758965846,0.9443610629816871,0.9937709373374655,372.3493722724701,2
468358892,TIC 468358892,42,2,"42,43",14.083939999999998,30.08394,10.4282,5807.0,0.947826,7.83116239076392,10.1419520538304,LOW_PRIORITY,43.5,Not especially favorable for giant-HZ-host discovery.,0.9203632095673592,0.9503688363155658,0.9593556220543866,352.057474022107,2
440105238,TIC 440105238,57,2,"57,84",14.084699999999998,30.0847,10.7262,5435.0,1.13855,4.52173504575434,47.1684381555251,LOW_PRIORITY,43.5,Not especially favorable for giant-HZ-host discovery.,1.0190538152090904,1.1311872522201434,1.0094819538798554,348.31390556674484,2
117929446,TIC 117929446,57,1,57,27.491426666666666,35.49142666666666,8.8397,5148.0,0.791644,0.252424732418509,27.8863309497249,LOW_PRIORITY,42.0,Not especially favorable for giant-HZ-host discovery.,0.3965598232207905,0.8009463531410383,0.6297299605551497,203.94827889042676,1
432548844,TIC 432548844,17,1,17,22.37299,30.37299,8.5313,5735.0,0.937681,0.149858436685007,36.6687659725271,LOW_PRIORITY,42.0,Not especially favorable for giant-HZ-host discovery.,0.8569167489375561,0.9407026344845076,0.9256979793310322,335.40383039629694,1
194465029,TIC 194465029,17,1,17,21.86788333333333,29.86788333333333,8.4514,5788.0,0.975985,4.41808786712125,37.5376400967004,LOW_PRIORITY,42.0,Not especially favorable for giant-HZ-host discovery.,0.9631525662445607,0.9771719363290075,0.9814033657189896,359.2328520295581,1
293257187,TIC 293257187,42,1,42,21.89415,29.89415,8.4797,5629.55,1.09408,1.74409829504278,5.44287385243054,LOW_PRIORITY,42.0,Not especially favorable for giant-HZ-host discovery.,1.0831474748859014,1.089172393789331,1.0407437123931622,371.584513568291,1
365965128,TIC 365965128,17,1,17,22.3352,30.3352,8.2943,5648.0,1.10876,4.06096868020397,35.1783196246295,LOW_PRIORITY,42.0,Not especially favorable for giant-HZ-host discovery.,1.127063958606152,1.1030512022355174,1.0616326853512716,380.4116512249829,1
238304232,TIC 238304232,57,1,57,27.316016666666663,35.31601666666666,8.6255,5085.0,0.947365,1.09242607368729,19.2023043998311,LOW_PRIORITY,42.0,Not especially favorable for giant-HZ-host discovery.,0.540621372891883,0.9499297060388684,0.7352695919809842,236.27316469824794,1
257487686,TIC 257487686,42,1,42,21.71478666666667,29.71478666666667,8.763,5676.0,0.959988,0.491386427451576,0.128575948058726,LOW_PRIORITY,42.0,Not especially favorable for giant-HZ-host discovery.,0.8617789190340671,0.9619500335246254,0.9283204829335971,333.08944210526147,1
301744056,TIC 301744056,57,1,57,27.30327333333333,35.30327333333333,8.422,5383.0,0.781706,1.37021009103257,22.2244948308075,LOW_PRIORITY,42.0,Not especially favorable for giant-HZ-host discovery.,0.46225234221318623,0.7913913027475261,0.6798914194290043,230.1727615698005,1
440170146,TIC 440170146,17,1,17,27.49004,35.49003999999999,8.9275,5126.0,0.774996,5.86723027769371,43.2545865396352,LOW_PRIORITY,42.0,Not especially favorable for giant-HZ-host discovery.,0.37360100830427534,0.7849364339127255,0.611229096414982,197.00579913058834,1
202084725,TIC 202084725,17,1,17,27.158766666666665,35.158766666666665,8.746,4893.0,1.07489,4.05357725506136,51.5061489529097,LOW_PRIORITY,42.0,Not especially favorable for giant-HZ-host discovery.,0.5966554589387932,1.0710156610892525,0.7724347603123471,239.59901467272957,1
380152794,TIC 380152794,57,1,57,26.2683,34.2683,8.8048,5246.0,0.84625,0.0219815854370886,20.0361180574345,LOW_PRIORITY,42.0,Not especially favorable for giant-HZ-host discovery.,0.48865823128974895,0.8533432304862103,0.6990409367767735,231.09059183899112,1
440111432,TIC 440111432,17,1,17,23.04883333333333,31.04883333333333,8.755,5362.0,1.09145,4.8646233011256,41.9885684613108,LOW_PRIORITY,42.0,Not especially favorable for giant-HZ-host discovery.,0.8871757029687097,1.0866849514604864,0.9419000493516867,320.29165800605773,1
439947173,TIC 439947173,57,1,57,19.03133333333333,27.03133333333333,8.4335,5998.0,1.0918,1.24860652923167,47.0146500962716,LOW_PRIORITY,42.0,Not especially favorable for giant-HZ-host discovery.,1.3899741896760378,1.0870159971794955,1.178971666188818,448.46371355821316,1
456481802,TIC 456481802,83,1,83,18.26612,26.26612,8.97512,5711.36,1.19054,0.0118748885679007,17.4476949757636,LOW_PRIORITY,42.0,Not especially favorable for giant-HZ-host discovery.,1.3587540002805456,1.180203211071285,1.165656038581084,423.12380103726,1
238305529,TIC 238305529,17,1,17,15.851393333333334,23.85139333333333,8.91156,6049.0,1.17607,5.75812738486993,23.7989814268472,LOW_PRIORITY,42.0,Not especially favorable for giant-HZ-host discovery.,1.6683816018887339,1.1665719058120387,1.2916584695223168,496.4277062183832,1
440169817,TIC 440169817,17,1,17,26.950243333333333,34.95024333333333,8.0104,5512.0,0.874149,5.91374427736699,43.64748583567,LOW_PRIORITY,42.0,Not especially favorable for giant-HZ-host discovery.,0.6354808621652779,0.880047658630069,0.7971705351838325,277.1175212878812,1
201863564,TIC 201863564,17,1,17,25.645066666666665,33.645066666666665,8.3884,5274.0,1.0518,2.68241745926703,49.9554835856629,LOW_PRIORITY,42.0,Not especially favorable for giant-HZ-host discovery.,0.7711192504181468,1.0491473986839397,0.8781339592671193,293.435821252994,1
201654326,TIC 201654326,57,1,57,25.761416666666666,33.76141666666666,8.6259,5367.0,0.867665,1.77190889551416,50.0754791417457,LOW_PRIORITY,42.0,Not especially favorable for giant-HZ-host discovery.,0.5627626289784522,0.8738451400334717,0.7501750655536694,253.87323924930016,1
127502652,TIC 127502652,17,1,17,18.89093333333333,26.89093333333333,8.5241,5878.0,1.1696,6.86288727974202,38.4924873855241,LOW_PRIORITY,42.0,Not especially favorable for giant-HZ-host discovery.,1.471254338391335,1.1604742055982702,1.2129527354317378,452.9375182444696,1
407336126,TIC 407336126,17,1,17,18.806933333333333,26.806933333333333,8.2324,6088.0,1.11968,0.774225823497557,31.8700849619525,LOW_PRIORITY,42.0,Not especially favorable for giant-HZ-host discovery.,1.5516048447261008,1.113369256021261,1.2456343142054576,481.2341707082362,1
80426559,TIC 80426559,57,1,57,17.755466666666663,25.755466666666663,8.9915,5913.0,1.06702,2.76213914884294,23.9964893028144,LOW_PRIORITY,42.0,Not especially favorable for giant-HZ-host discovery.,1.2539243786444498,1.0635647423351808,1.1197876489069032,419.6737138647483,1
352146741,TIC 352146741,17,1,17,25.44673333333333,33.44673333333333,8.1477,5569.0,0.92208,0.515460883155613,37.1144432850526,LOW_PRIORITY,42.0,Not especially favorable for giant-HZ-host discovery.,0.7367850182358184,0.9258277037351056,0.8583618224477475,301.8774885879321,1
440160130,TIC 440160130,17,1,17,19.5784,27.5784,8.5436,5954.0,1.02972,5.6053788706474,42.5871012460314,LOW_PRIORITY,42.0,Not especially favorable for giant-HZ-host discovery.,1.200517036774682,1.0282132370851012,1.095681083515948,413.1187200153186,1
150906405,TIC 150906405,57,1,57,19.25696666666667,27.25696666666667,8.386,5943.0,1.13407,4.57675985608368,19.4044140548847,LOW_PRIORITY,42.0,Not especially favorable for giant-HZ-host discovery.,1.4454309689169258,1.1269583582862281,1.2022607740905988,453.5595405603979,1
288294131,TIC 288294131,17,1,17,19.180866666666663,27.180866666666663,8.3206,6084.0,1.05034,5.28875583831725,38.4017871773169,LOW_PRIORITY,42.0,Not especially favorable for giant-HZ-host discovery.,1.3617937662814341,1.0477638486132514,1.1669591964937909,449.8233816039489,1
117929290,TIC 117929290,57,1,57,19.137066666666662,27.137066666666662,8.8419,5799.0,1.0837,0.239253219512733,27.4392148483371,LOW_PRIORITY,42.0,Not especially favorable for giant-HZ-host discovery.,1.196534683996256,1.0793532901344323,1.0938622783496357,402.2095551731804,1
258876865,TIC 258876865,57,1,57,24.5986,32.598600000000005,8.3951,5336.0,1.1021,1.82562870267991,20.965071872026,LOW_PRIORITY,42.0,Not especially favorable for giant-HZ-host discovery.,0.8871560094414339,1.096755831561824,0.9418895951444808,318.8124314667975,1
150973541,TIC 150973541,57,1,57,19.976576666666663,27.976576666666663,8.8296,5871.6,0.944169,5.54538233616903,18.2419090303186,LOW_PRIORITY,42.0,Not especially favorable for giant-HZ-host discovery.,0.9545969264750467,0.9468850293722036,0.97703476216307,362.4988417716051,1
283859120,TIC 283859120,57,1,57,22.94326,30.94326,8.3787,5720.0,0.954194,2.29435863771749,26.0332507364448,LOW_PRIORITY,42.0,Not especially favorable for giant-HZ-host discovery.,0.8781166021450003,0.9564336497887642,0.9370787598409219,338.7871599047692,1
437745597,TIC 437745597,17,1,17,20.51633333333333,28.51633333333333,8.8447,5700.64,1.02662,3.52280091646609,27.3543226288829,LOW_PRIORITY,42.0,Not especially favorable for giant-HZ-host discovery.,1.0027868147570158,1.025272324868915,1.001392437936804,361.4740029654158,1
194381477,TIC 194381477,17,1,17,19.05806666666667,27.05806666666667,8.6261,6033.0,0.98292,3.23527061680159,41.8554228422566,LOW_PRIORITY,42.0,Not especially favorable for giant-HZ-host discovery.,1.1530930526624015,0.983767029713036,1.0738217043170628,409.77207560529126,1
44453403,TIC 44453403,17,1,17,23.49447,31.49447,8.6956,5528.0,0.932313,6.8217160199146,30.687633540797,LOW_PRIORITY,42.0,Not especially favorable for giant-HZ-host discovery.,0.7312911669626896,0.9355858675817044,0.8551556390287616,298.61811103501884,1
127502123,TIC 127502123,17,1,17,25.809996666666667,33.80999666666666,8.9611,5305.08,0.780327,6.74884969128183,37.2830810700199,LOW_PRIORITY,42.0,Not especially favorable for giant-HZ-host discovery.,0.4345259604679953,0.7900649627578439,0.6591858315133869,219.9229839923369,1
22469621,TIC 22469621,17,1,17,26.00205666666666,34.00205666666666,8.6293,5373.0,0.837241,2.31156747259075,32.476463139628,LOW_PRIORITY,42.0,Not especially favorable for giant-HZ-host discovery.,0.5263359666112376,0.8447106375833837,0.7254901561091216,245.5746473081209,1
238431974,TIC 238431974,17,1,17,21.112133333333333,29.112133333333333,8.4597,5725.0,1.10074,1.67036800811515,28.8284520994206,LOW_PRIORITY,42.0,Not especially favorable for giant-HZ-host discovery.,1.1726439620222282,1.0954700568877833,1.082886864830407,393.2462571423283,1
190951335,TIC 190951335,57,1,57,21.071666666666665,29.071666666666665,8.5357,5787.0,1.02272,6.60070756898644,43.8320262095416,LOW_PRIORITY,42.0,Not especially favorable for giant-HZ-host discovery.,1.0568713807176031,1.0215718366575604,1.0280424994705244,376.67983552751025,1
194410298,TIC 194410298,17,1,17,22.315083333333337,30.315083333333337,8.8807,5632.0,0.889545,3.49174261758236,39.7672790515168,LOW_PRIORITY,42.0,Not especially favorable for giant-HZ-host discovery.,0.7172674796125593,0.8947661106074756,0.8469164537382418,300.9513644981441,1
301788720,TIC 301788720,57,1,57,12.437013333333336,20.437013333333333,9.58898,6139.0,1.17154,2.0320546746607,19.1620444386656,LOW_PRIORITY,39.75,Not especially favorable for giant-HZ-host discovery.,1.7563031753476104,1.1623027498221847,1.3252558905160958,516.868668403983,1
60909656,TIC 60909656,57,1,57,12.65354,20.65354,9.67349,6115.22,1.1359,5.62087240341671,19.5749552521244,LOW_PRIORITY,39.75,Not especially favorable for giant-HZ-host discovery.,1.6256357909882355,1.1286858866688434,1.2750042317530697,494.9611552019463,1
194508543,TIC 194508543,17,1,17,12.584463333333334,20.58446333333333,9.76848,6075.73,1.13772,4.64364033806352,38.8953118114908,LOW_PRIORITY,39.75,Not especially favorable for giant-HZ-host discovery.,1.5891297546734422,1.1304038369919196,1.2606068993439001,486.2313230302951,1
115620764,TIC 115620764,17,1,17,12.448900000000002,20.4489,9.9803,5924.0,1.19299,8.62829745876267,39.066705653991,LOW_PRIORITY,39.75,Not especially favorable for giant-HZ-host discovery.,1.5791686594771277,1.1825103840800353,1.2566497759826036,473.1612062317825,1
354593915,TIC 354593915,17,1,17,12.138823333333333,20.13882333333333,9.63169,6128.53,1.193,1.86610710574947,33.1297823907881,LOW_PRIORITY,39.75,Not especially favorable for giant-HZ-host discovery.,1.8088429566153355,1.1825198006269424,1.3449323241766984,523.8858412817594,1
432552383,TIC 432552383,17,1,17,21.48103333333333,29.48103333333333,9.0274,5407.6,1.10127,0.319790207423996,38.2296660029834,LOW_PRIORITY,39.75,Not especially favorable for giant-HZ-host discovery.,0.934330584004595,1.0959711402819787,0.9666077715415882,331.56302200507855,1
293257184,TIC 293257184,42,1,42,21.38661666666666,29.38661666666666,9.2093,5621.46,0.859735,1.81363894366909,5.42989986458116,LOW_PRIORITY,39.75,Not especially favorable for giant-HZ-host discovery.,0.6649981298541088,0.8662562418401597,0.8154741748541818,288.98969329988535,1
439966406,TIC 439966406,17,1,17,14.11178,22.111780000000003,9.46628,6146.0,1.04731,1.87059869535961,46.640613163399,LOW_PRIORITY,39.75,Not especially favorable for giant-HZ-host discovery.,1.4099880587947766,1.044892201365931,1.1874291805386865,462.34488431689306,1
238418024,TIC 238418024,57,1,57,14.161639999999997,22.16164,9.81539,6029.0,1.00018,1.47299055078601,25.5921798368164,LOW_PRIORITY,39.75,Not especially favorable for giant-HZ-host discovery.,1.1907817711670927,1.0001709992305485,1.0912294768595159,416.319956074326,1
190969691,TIC 190969691,17,1,17,14.11062,22.11062,9.89032,5951.0,1.04031,6.63423037685435,47.3947323955655,LOW_PRIORITY,39.75,Not especially favorable for giant-HZ-host discovery.,1.2228693436407496,1.0382564422039617,1.1058342297291894,416.84342021191657,1
202041682,TIC 202041682,17,1,17,14.01649,22.01649,9.7812,6089.0,0.978371,3.96265045302802,49.9777692136378,LOW_PRIORITY,39.75,Not especially favorable for giant-HZ-host discovery.,1.1854568459549826,0.9794412543724978,1.0887868689302707,419.2908065034932,1
201998600,TIC 201998600,57,1,57,14.007259999999995,22.007259999999995,9.73562,6119.0,0.972526,3.6952965180974,53.6772047804226,LOW_PRIORITY,39.75,Not especially favorable for giant-HZ-host discovery.,1.1945902469697034,0.9738815981561014,1.092973122711489,422.913324314919,1
150863271,TIC 150863271,57,1,57,14.012293333333332,22.01229333333333,9.85791,6013.0,1.01144,3.94615910312166,21.3307808993724,LOW_PRIORITY,39.75,Not especially favorable for giant-HZ-host discovery.,1.204868847326635,1.0108649041249627,1.0976651799736725,417.78081899906886,1
407117158,TIC 407117158,52,1,52,22.021416666666667,30.021416666666667,9.3318,5436.0,0.901805,5.40144744672888,69.8638115524829,LOW_PRIORITY,39.75,Not especially favorable for giant-HZ-host discovery.,0.6397904900118263,0.9064774544202012,0.7998690455392222,274.43535272245657,1
150859495,TIC 150859495,57,1,57,21.73106333333333,29.73106333333333,9.6082,5266.0,0.961947,3.67829628426906,19.9281417069429,LOW_PRIORITY,39.75,Not especially favorable for giant-HZ-host discovery.,0.6410920900675244,0.9638147920881152,0.8006822653634365,266.55310435948223,1
194461467,TIC 194461467,17,1,17,13.88332333333334,21.883323333333337,9.70824,5969.23,1.12068,4.17093988583222,37.7823699317682,LOW_PRIORITY,39.75,Not especially favorable for giant-HZ-host discovery.,1.43658459541578,1.1143138805429622,1.1985760699328933,454.03032252177616,1
257467741,TIC 257467741,70,1,70,13.81408333333333,21.81408333333333,9.72333,6175.0,0.950093,0.0349670703976181,5.30811862210154,LOW_PRIORITY,39.75,Not especially favorable for giant-HZ-host discovery.,1.182428243514628,0.9525281351331604,1.087395164378906,424.358020065557,1
58733648,TIC 58733648,42,1,42,13.11892,21.11892,9.48422,6153.74,1.13297,3.46802572762039,1.31590072099128,LOW_PRIORITY,39.75,Not especially favorable for giant-HZ-host discovery.,1.658395471093154,1.1259198861889161,1.2877870441548767,503.04004285304126,1
456835567,TIC 456835567,57,1,57,13.67874,21.67874,9.20684,6146.0,1.19439,2.63510479857442,23.6497677029424,LOW_PRIORITY,39.75,Not especially favorable for giant-HZ-host discovery.,1.8338223067713453,1.1838286622623144,1.3541869541430922,529.0098245923873,1
293222926,TIC 293222926,42,1,42,13.673633333333331,21.67363333333333,9.59525,6145.0,1.04037,1.64564660311698,4.17042928558032,LOW_PRIORITY,39.75,Not especially favorable for giant-HZ-host discovery.,1.3904580797822617,1.0383133296047136,1.1791768653523786,458.98071160978867,1
411527411,TIC 411527411,17,1,17,21.68712666666667,29.68712666666667,9.0101,5583.15,0.941289,6.50253187732077,23.7669202686864,LOW_PRIORITY,39.75,Not especially favorable for giant-HZ-host discovery.,0.7756358273520255,0.9441409494349452,0.8807018947135435,310.6813641828222,1
58756961,TIC 58756961,42,1,42,12.872920000000002,20.87292,9.96651,6134.0,0.981104,5.91166606596775,12.4756948255008,LOW_PRIORITY,39.75,Not especially favorable for giant-HZ-host discovery.,1.2277215799484258,0.9820402632193476,1.1080259834265738,429.88322151787673,1
238300268,TIC 238300268,57,1,57,13.034553333333331,21.03455333333333,9.45407,6156.76,1.15095,0.730161821995871,19.0043745437358,LOW_PRIORITY,39.75,Not especially favorable for giant-HZ-host discovery.,1.7148120341956534,1.142887899007718,1.3095083177267923,511.97741045090464,1
44524611,TIC 44524611,17,1,17,12.739106666666668,20.739106666666668,9.79994,6078.0,1.10778,7.48555417226927,33.7740827877913,LOW_PRIORITY,39.75,Not especially favorable for giant-HZ-host discovery.,1.5088446713135983,1.1021249753078122,1.2283503862146168,473.65072090916044,1
51941176,TIC 51941176,57,1,57,13.489193333333333,21.489193333333333,9.72371,6112.0,1.03493,3.15651328635789,16.4742065878465,LOW_PRIORITY,39.75,Not especially favorable for giant-HZ-host discovery.,1.3466354562308136,1.0331548705630598,1.1604462315121773,449.2054789229782,1
439961937,TIC 439961937,17,1,17,13.155919999999991,21.155919999999995,9.50167,6138.8,1.13474,1.73460933087906,42.8706704086889,LOW_PRIORITY,39.75,Not especially favorable for giant-HZ-host discovery.,1.6474846483994063,1.12759085751707,1.2835437851508635,500.184793128607,1
51986327,TIC 51986327,57,1,57,13.243933333333333,21.24393333333333,9.79885,5935.0,1.1769,3.41054171584533,16.4831596871794,LOW_PRIORITY,39.75,Not especially favorable for giant-HZ-host discovery.,1.5483057590090707,1.167354023987404,1.2443093502055953,469.2253631861713,1
194209728,TIC 194209728,17,1,17,13.480250000000003,21.480250000000005,9.8667,5918.03,1.14027,1.21797717210021,41.4435382530141,LOW_PRIORITY,39.75,Not especially favorable for giant-HZ-host discovery.,1.436874232331812,1.1328106242278533,1.1986968892642593,450.37641055166836,1
83957915,TIC 83957915,17,1,17,12.16161333333333,20.161613333333328,9.85613,6138.22,1.09287,0.348199556815791,30.8280166645128,LOW_PRIORITY,39.75,Not especially favorable for giant-HZ-host discovery.,1.5275714008772345,1.0880280183355544,1.235949594796339,481.13984526619157,1
437755614,TIC 437755614,17,1,17,12.200376666666664,20.200376666666664,9.85216,6024.51,1.18534,5.45299209614243,24.8825943623973,LOW_PRIORITY,39.75,Not especially favorable for giant-HZ-host discovery.,1.6675063984593448,1.1753055667567438,1.2913196345054716,494.3851984563954,1
440634429,TIC 440634429,17,1,17,12.219323333333332,20.21932333333333,9.78604,6112.33,1.13671,6.39532310592625,25.0450693795457,LOW_PRIORITY,39.75,Not especially favorable for giant-HZ-host discovery.,1.6248798209401563,1.1294504859383598,1.2747077394211412,494.62101039296056,1
380156888,TIC 380156888,57,1,57,12.233660000000002,20.23366,9.89036,6077.0,1.12299,0.259888763548703,21.3457472709149,LOW_PRIORITY,39.75,Not especially favorable for giant-HZ-host discovery.,1.5495422906390401,1.1164958021345004,1.2448061257236165,480.08070617247614,1
306122388,TIC 306122388,17,1,17,12.328266666666668,20.328266666666668,9.95755,6147.0,1.02832,4.52619401843831,28.1725195304654,LOW_PRIORITY,39.75,Not especially favorable for giant-HZ-host discovery.,1.3602042514141244,1.0268851380782429,1.1662779477526464,453.97546937931907,1
405267612,TIC 405267612,42,1,42,14.315526666666663,22.315526666666663,9.78246,5946.0,1.06713,0.657064189178332,7.72555223521845,LOW_PRIORITY,39.75,Not especially favorable for giant-HZ-host discovery.,1.282416178850252,1.0636689036715568,1.1324381567442223,426.7845945332876,1
58105576,TIC 58105576,17,1,17,14.25476666666666,22.25476666666666,9.8076,5835.0,1.15565,6.47157719797427,31.0626032504708,LOW_PRIORITY,39.75,Not especially favorable for giant-HZ-host discovery.,1.3947963400068406,1.147321170869702,1.18101496180482,437.6539174575289,1
468877770,TIC 468877770,42,1,42,14.2436,22.2436,9.9246,5798.0,1.1408,6.27078685961899,5.04781584060654,LOW_PRIORITY,39.75,Not especially favorable for giant-HZ-host discovery.,1.3250326487586082,1.1333108246388475,1.1511006249492735,423.7265145801985,1
439967376,TIC 439967376,57,1,57,14.432026666666664,22.432026666666665,9.93256,5850.12,1.07534,1.91028585884142,47.6550835285506,LOW_PRIORITY,39.75,Not especially favorable for giant-HZ-host discovery.,1.2202404299479264,1.0714416157485922,1.1046449338805326,409.675532551271,1
306068331,TIC 306068331,17,1,17,21.04578,29.04578,9.1401,5579.0,0.956882,4.01103899450908,25.8422516755737,LOW_PRIORITY,39.75,Not especially favorable for giant-HZ-host discovery.,0.7991658662744663,0.9589930634224159,0.8939607744607513,315.2536955701413,1
58733335,TIC 58733335,42,1,42,20.82624333333333,28.82624333333333,9.497,5476.0,0.921909,3.39666360447735,0.471251876869157,LOW_PRIORITY,39.75,Not especially favorable for giant-HZ-host discovery.,0.6885327109407514,0.9256645927167413,0.8297787120315581,286.9503982503182,1
440076425,TIC 440076425,57,1,57,20.802803333333333,28.802803333333333,9.75697,5251.03,1.00774,4.15839788165113,47.9554009815797,LOW_PRIORITY,39.75,Not especially favorable for giant-HZ-host discovery.,0.6956162243238602,1.0073515810336626,0.834036104928234,277.1896215373097,1
58721113,TIC 58721113,70,1,70,21.06303,29.06303,9.9829,5393.0,0.773037,3.14691913294714,1.80444739017833,LOW_PRIORITY,39.75,Not especially favorable for giant-HZ-host discovery.,0.4554250909379736,0.7830513940594891,0.6748519029668462,228.82728424720614,1
258868959,TIC 258868959,57,1,57,15.013740000000002,23.01374,9.88464,5852.0,1.03477,1.48269246653461,21.024295555311,LOW_PRIORITY,39.75,Not especially favorable for giant-HZ-host discovery.,1.1313569223784832,1.0330031306895269,1.0636526323845032,394.2204366248635,1
357393038,TIC 357393038,84,1,84,15.036033333333332,23.03603333333333,9.8216,5767.0,1.12859,2.51995352109643,15.3235393762581,LOW_PRIORITY,39.75,Not especially favorable for giant-HZ-host discovery.,1.2693076912597725,1.1217843785809674,1.1266355627530016,412.39245821360055,1
238301837,TIC 238301837,57,1,57,14.854746666666664,22.854746666666664,9.49393,5976.0,1.10362,0.784087829987624,22.3977603147598,LOW_PRIORITY,39.75,Not especially favorable for giant-HZ-host discovery.,1.3995105930124352,1.0981927799704931,1.1830091263436793,448.46966795540743,1
288297198,TIC 288297198,17,1,17,14.801603333333336,22.801603333333336,9.72107,6061.0,0.947245,5.49427752839412,39.6380825877989,LOW_PRIORITY,39.75,Not especially favorable for giant-HZ-host discovery.,1.09092900691334,0.9498153970561326,1.0444754697518464,400.0534213558174,1
238418190,TIC 238418190,57,1,57,15.184839999999996,23.184839999999998,9.83899,5765.0,1.10842,1.53013832304423,25.0796109570178,LOW_PRIORITY,39.75,Not especially favorable for giant-HZ-host discovery.,1.2226458096846093,1.102729862838372,1.1057331548274245,404.41863082608245,1
427330760,TIC 427330760,42,1,42,15.39307333333333,23.39307333333333,9.11959,6118.0,1.08119,2.60950650332699,3.9527498972674,LOW_PRIORITY,39.75,Not especially favorable for giant-HZ-host discovery.,1.4754912601333408,1.076978216711438,1.2146980119080384,471.1826018734502,1
