tid,source_id,sector,sector_count,sector_list,pool_priority_score,verified_priority_score,st_tmag,st_teff,st_rad,ra,dec,exotic_target_theme,exotic_target_score,exotic_target_reason,estimated_luminosity_lsun,estimated_mass_msun,hz_center_au,hz_center_period_days,sector_count_resolved
439949946,TIC 439949946,17,3,"17,57,84",44.96421,68.96421000000001,7.3776,3959.0,0.620039,1.42092453196458,45.8120958899851,TEMPERATE_SMALL_HOST,69.5,Small/cool star with comparatively accessible HZ.,0.08508925704664007,0.6350355771120777,0.2917006291502301,72.20998336403969,3
352179145,TIC 352179145,17,3,"17,57,84",42.88934666666667,66.88934666666667,7.543,4017.0,0.713032,4.27655780322779,40.9482969968157,TEMPERATE_SMALL_HOST,69.5,Small/cool star with comparatively accessible HZ.,0.11926694060565406,0.7251929440206261,0.3453504605551498,87.04693803126993,3
439949948,TIC 439949948,17,3,"17,57,84",44.979,68.979,7.4218,3947.0,0.61088,1.42084507877455,45.8103759730057,TEMPERATE_SMALL_HOST,69.5,Small/cool star with comparatively accessible HZ.,0.08159715736654542,0.6261207710294361,0.2856521614946147,70.47213694306397,3
461408984,TIC 461408984,17,6,"17,18,24,25,52,58",37.49276333333333,85.49276333333333,9.4702,3835.0,0.633477,3.29810861538546,70.397958115024,TEMPERATE_SMALL_HOST,68.0,Small/cool star with comparatively accessible HZ.,0.07820200466946219,0.6481034133825323,0.27964621340090084,67.09366019550691,6
357370384,TIC 357370384,57,1,57,40.16079333333333,48.16079333333333,9.05277,3805.0,0.558646,2.11366444469788,17.4242931801397,TEMPERATE_SMALL_HOST,68.0,Small/cool star with comparatively accessible HZ.,0.05893682575481524,0.5751483243110718,0.24276907907477682,57.60900197051111,1
150816111,TIC 150816111,57,1,57,35.950873333333334,43.95087333333333,10.0719,3877.0,0.511986,3.13963484024442,21.7134413515699,TEMPERATE_SMALL_HOST,65.75,Small/cool star with comparatively accessible HZ.,0.05335732952424804,0.5294137068865977,0.230992055110664,55.72989156974034,1
437745749,TIC 437745749,17,1,17,32.58408,40.58408,10.8678,3866.0,0.539472,3.52526128267241,27.8429613097959,TEMPERATE_SMALL_HOST,65.75,Small/cool star with comparatively accessible HZ.,0.058570634158527216,0.5563786586699954,0.24201370655094562,58.29951444880093,1
150970759,TIC 150970759,57,1,57,32.97719333333333,40.97719333333333,10.7534,3853.0,0.556754,5.38270308135094,19.5736418718855,TEMPERATE_SMALL_HOST,65.75,Small/cool star with comparatively accessible HZ.,0.06154849503760625,0.5732976725021244,0.24808969151822138,59.60918910511114,1
440056119,TIC 440056119,17,1,17,32.77320666666667,40.77320666666667,10.837,3819.0,0.572046,3.67536681689479,46.5684731792872,TEMPERATE_SMALL_HOST,65.75,Small/cool star with comparatively accessible HZ.,0.06271266405536101,0.5882465726784413,0.250424966916961,59.67974508898932,1
320049266,TIC 320049266,17,3,"17,18,24",33.02997,57.02997,10.1497,3977.0,0.689623,7.35480708677267,57.485819066098,TEMPERATE_SMALL_HOST,62.75,Small/cool star with comparatively accessible HZ.,0.10718661333112488,0.702556329150545,0.327393667212921,81.63098955756605,3
407120936,TIC 407120936,24,3,"24,25,52",34.46686,58.46686,10.1332,3893.0,0.622534,5.91276920585682,71.3832381468499,TEMPERATE_SMALL_HOST,62.75,Small/cool star with comparatively accessible HZ.,0.08019706534759363,0.6374629113108722,0.2831908638137778,68.94164170084738,3
407393440,TIC 407393440,18,4,"18,19,24,25",32.77931333333333,64.77931333333333,10.4128,4009.0,0.582782,5.02195853251869,76.1291151140325,TEMPERATE_SMALL_HOST,62.75,Small/cool star with comparatively accessible HZ.,0.07904077582089322,0.5987297292212073,0.281141914023671,70.36605588024294,4
468869378,TIC 468869378,42,2,"42,43",36.13275,52.13275,9.81829,3803.0,0.656909,2.76922655446015,5.20897286095037,TEMPERATE_SMALL_HOST,62.0,Small/cool star with comparatively accessible HZ.,0.08132244658444394,0.6708569932496704,0.2851709076754569,67.90989763831341,2
405226902,TIC 405226902,42,2,"42,43",31.967893333333333,47.967893333333336,10.193,4114.0,0.664344,4.34774800075438,11.4225363495895,TEMPERATE_SMALL_HOST,59.75,Small/cool star with comparatively accessible HZ.,0.11390371628347,0.6780681825932383,0.3374962463250073,86.96749519854666,2
403308552,TIC 403308552,17,2,"17,24",34.35047,50.35047,10.407,3821.0,0.584653,5.26792315932858,55.7331274246793,TEMPERATE_SMALL_HOST,59.75,Small/cool star with comparatively accessible HZ.,0.06564463321227286,0.6005556724344207,0.2562120863899142,61.124174580174035,2
406767163,TIC 406767163,17,2,"17,24",31.44130333333333,47.44130333333333,10.6736,3967.0,0.647263,4.95559902170607,54.6970963384594,TEMPERATE_SMALL_HOST,59.75,Small/cool star with comparatively accessible HZ.,0.09347706670337154,0.6614952693847969,0.3057401947787885,75.91990572443324,2
257305725,TIC 257305725,42,2,"42,43",31.44838,47.44838,10.9568,3902.0,0.587442,7.70600831079852,5.22885444186566,TEMPERATE_SMALL_HOST,59.75,Small/cool star with comparatively accessible HZ.,0.07207319224701637,0.6032769666604464,0.26846450835634933,65.4127143916369,2
327000122,TIC 327000122,17,3,"17,18,24",38.15329666666666,62.15329666666666,8.2634,4284.39,0.675652,2.8381104228954,58.3499139335102,TEMPERATE_SMALL_HOST,58.5,Small/cool star with comparatively accessible HZ.,0.13857881123572424,0.6890280676743258,0.3722617509706366,99.94116130452069,3
405230222,TIC 405230222,42,1,42,36.24303,44.24303,9.52313,3929.0,0.658945,0.303589252841202,13.972117270657,TEMPERATE_SMALL_HOST,57.5,Small/cool star with comparatively accessible HZ.,0.0932225888668425,0.6728321087741546,0.30532374435481185,75.12383322958614,1
44560052,TIC 44560052,57,1,57,35.176093333333334,43.17609333333333,9.91804,3916.0,0.618508,7.83372754586124,33.6270279898583,TEMPERATE_SMALL_HOST,57.5,Small/cool star with comparatively accessible HZ.,0.08105057224731982,0.6335458570138561,0.2846938219338801,69.70569490401063,1
150905990,TIC 150905990,57,1,57,37.744076666666665,45.744076666666665,9.45048,3885.0,0.574567,4.49649764396099,20.9568032830665,TEMPERATE_SMALL_HOST,57.5,Small/cool star with comparatively accessible HZ.,0.06775481449749698,0.5907090777071555,0.2602975499260356,63.11150293725412,1
303206437,TIC 303206437,57,1,57,37.28302,45.28302,9.56705,3875.0,0.582378,5.23830473811511,17.6377723845256,TEMPERATE_SMALL_HOST,57.5,Small/cool star with comparatively accessible HZ.,0.0688955956022041,0.5983354197650157,0.2624797051244231,63.49820703527092,1
83955820,TIC 83955820,17,1,17,34.552533333333336,42.552533333333336,9.809,3994.0,0.65948,0.349835679443017,34.2818474680541,TEMPERATE_SMALL_HOST,57.5,Small/cool star with comparatively accessible HZ.,0.09970804728762403,0.6733510594910571,0.31576581082761956,78.97999627979839,1
150908292,TIC 150908292,17,1,17,29.549706666666665,37.549706666666665,10.7644,4110.0,0.680936,4.68810765444983,23.5989522105693,TEMPERATE_SMALL_HOST,55.25,Small/cool star with comparatively accessible HZ.,0.11919954243439784,0.6941462478829035,0.34525286738041416,88.9345835170081,1
303241161,TIC 303241161,57,1,57,31.38174,39.38173999999999,10.3152,4118.0,0.670746,5.54508110059183,15.5472732364306,TEMPERATE_SMALL_HOST,55.25,Small/cool star with comparatively accessible HZ.,0.11656180454171886,0.6842742335204626,0.34141148859070175,88.08304667834047,1
406770227,TIC 406770227,17,1,17,33.84535666666666,41.84535666666666,10.0213,3963.0,0.671111,5.81243823506764,54.7520269632304,TEMPERATE_SMALL_HOST,55.25,Small/cool star with comparatively accessible HZ.,0.10008747066087824,0.6846279722877123,0.31636603904477206,78.5502715158467,1
150902992,TIC 150902992,57,1,57,32.83735333333333,40.83735333333333,10.2502,3902.32,0.730918,4.32380993614973,19.5863470495376,TEMPERATE_SMALL_HOST,55.25,Small/cool star with comparatively accessible HZ.,0.11161525189544201,0.7424636983618055,0.33408868866730884,81.85501081632476,1
115480517,TIC 115480517,17,1,17,30.22948,38.22948,10.7453,3998.0,0.713932,7.45725697729517,36.5031918943614,TEMPERATE_SMALL_HOST,55.25,Small/cool star with comparatively accessible HZ.,0.11732202930074218,0.7260624988374859,0.3425230347009412,85.92863170886747,1
437734974,TIC 437734974,17,1,17,30.532279999999997,38.53227999999999,10.7039,4121.0,0.597712,2.16454618517012,29.1572214090355,TEMPERATE_SMALL_HOST,55.25,Small/cool star with comparatively accessible HZ.,0.09283016417621574,0.6132921082768757,0.30468042959175395,78.43743357039146,1
406767596,TIC 406767596,17,1,17,32.110153333333336,40.110153333333336,10.7867,3946.0,0.552638,5.11702170974958,54.4832731883235,TEMPERATE_SMALL_HOST,55.25,Small/cool star with comparatively accessible HZ.,0.06671208625246493,0.56927053672827,0.25828682942121717,63.54542122625261,1
259191180,TIC 259191180,17,1,17,31.91207,39.91207,10.8636,3881.0,0.595853,0.371548964844995,47.4146588550438,TEMPERATE_SMALL_HOST,55.25,Small/cool star with comparatively accessible HZ.,0.07256839900191141,0.6114798829304516,0.26938522417146676,65.3070090234488,1
194258999,TIC 194258999,17,1,17,30.877963333333334,38.87796333333333,10.8311,3994.0,0.618097,1.9224722233657,41.331893728179,TEMPERATE_SMALL_HOST,55.25,Small/cool star with comparatively accessible HZ.,0.08758711547323636,0.633145907311925,0.295951204547703,73.90409285145496,1
257303702,TIC 257303702,43,1,43,31.003533333333333,39.00353333333334,10.7463,3982.0,0.64946,7.62194742018115,4.33903555952655,TEMPERATE_SMALL_HOST,55.25,Small/cool star with comparatively accessible HZ.,0.09554424863744418,0.6636281316572393,0.30910232713042485,77.05152573512925,1
51942109,TIC 51942109,57,1,57,31.89083666666667,39.89083666666667,10.2701,4125.0,0.632043,3.33957827744598,15.89408811895,TEMPERATE_SMALL_HOST,55.25,Small/cool star with comparatively accessible HZ.,0.10420385201309187,0.6467095801640007,0.322806214334687,83.3006532976909,1
411534427,TIC 411534427,57,1,57,31.59336,39.59336,10.8541,3929.0,0.591524,7.05477722152046,19.4936182690845,TEMPERATE_SMALL_HOST,55.25,Small/cool star with comparatively accessible HZ.,0.07512207330957697,0.6072587083928126,0.2740840624873635,67.25568851635785,1
194528489,TIC 194528489,17,3,"17,57,84",30.65317,54.65317,10.1609,4245.38,0.699173,4.89418537692418,40.3016599966558,LOW_PRIORITY,54.0,HZ around this star is not especially accessible for a small-world campaign.,0.14306397456308712,0.7117957922112538,0.37823798667384945,100.70713272868235,3
437739969,TIC 437739969,17,3,"17,57,84",35.40754,59.40754,7.7785,4766.0,0.742846,3.01676554162231,27.0989540581755,LOW_PRIORITY,53.75,HZ around this star is not especially accessible for a small-world campaign.,0.2565124452382021,0.7539696246457298,0.506470576873131,151.61585880301465,3
437752575,TIC 437752575,17,3,"17,57,84",34.95797333333333,58.95797333333333,8.5091,4621.0,0.616396,5.31669925913577,25.5242567177136,LOW_PRIORITY,51.5,HZ around this star is not especially accessible for a small-world campaign.,0.15608393589924172,0.6314904995228791,0.3950745953604733,114.13674157557841,3
415779282,TIC 415779282,17,2,"17,57",28.96913333333333,44.96913333333333,10.6693,4153.0,0.7412,5.64074031410506,36.6863108859878,LOW_PRIORITY,51.0,HZ around this star is not especially accessible for a small-world campaign.,0.14723574427739075,0.7523824212919212,0.3837131015190786,100.0877316285483,2
407423779,TIC 407423779,18,4,"18,19,24,25",29.72513,61.72513,9.2495,4736.0,0.747687,5.46949963737239,74.139187108774,LOW_PRIORITY,49.25,HZ around this star is not especially accessible for a small-world campaign.,0.2533851416211151,0.7586366821072311,0.5033737593688363,149.76459758088382,4
461590771,TIC 461590771,18,4,"18,20,25,26",27.91070333333333,59.91070333333333,10.3933,4524.37,0.647968,5.07234973713949,86.3414209129815,LOW_PRIORITY,47.0,HZ around this star is not especially accessible for a small-world campaign.,0.1585018311050174,0.6621797274758119,0.39812288442768196,112.7529717461124,4
201503102,TIC 201503102,17,3,"17,57,84",29.53296,53.53296,10.0684,4409.0,0.711844,0.652005603512046,51.9452319299075,LOW_PRIORITY,47.0,HZ around this star is not especially accessible for a small-world campaign.,0.17251416610355566,0.7240450476181912,0.41534824678040433,114.90158070754761,3
336766231,TIC 336766231,42,3,"42,43,57",22.479803333333333,46.47980333333334,10.6875,4951.0,0.717853,7.26337501267509,13.4728131571192,LOW_PRIORITY,47.0,HZ around this star is not especially accessible for a small-world campaign.,0.27895712280554635,0.7298502207417059,0.5281639166069056,164.1067497375297,3
388583017,TIC 388583017,18,4,"18,19,24,26",26.45684333333333,58.45684333333333,10.2463,4741.33,0.671354,0.068221465327439,79.4122481445533,LOW_PRIORITY,47.0,HZ around this star is not especially accessible for a small-world campaign.,0.20521004060552023,0.6848634697492707,0.4530011485697583,134.56656867630596,4
468264605,TIC 468264605,18,4,"18,19,25,26",24.48059333333333,56.48059333333333,10.7235,4693.0,0.718374,4.88076293715739,81.3698971924304,LOW_PRIORITY,47.0,HZ around this star is not especially accessible for a small-world campaign.,0.22552678992469707,0.730353433535906,0.47489660972120773,139.86926435582262,4
57916666,TIC 57916666,17,3,"17,57,84",34.49383,58.49383,7.8927,4796.0,0.763537,4.5870400674696,30.9561465371252,LOW_PRIORITY,46.75,HZ around this star is not especially accessible for a small-world campaign.,0.2778891449717969,0.7739066578639728,0.527151918304199,158.9094117707242,3
150904278,TIC 150904278,57,1,57,26.894170000000003,34.89417,10.9889,4277.0,0.717523,4.42998217043492,21.0013889724253,LOW_PRIORITY,46.5,HZ around this star is not especially accessible for a small-world campaign.,0.15521131019920034,0.7295314776644661,0.3939686665195601,105.74521647395225,1
118003683,TIC 118003683,57,1,57,30.4531,38.45309999999999,10.2894,4166.0,0.73393,0.618314302328961,25.953043689638,LOW_PRIORITY,46.5,HZ around this star is not especially accessible for a small-world campaign.,0.14617767606532847,0.7453699984865575,0.3823318925558375,100.01498183139216,1
22569262,TIC 22569262,17,1,17,29.77397000000001,37.773970000000006,10.4188,4238.0,0.690083,3.14431241540541,34.2670748715323,LOW_PRIORITY,46.5,HZ around this star is not especially accessible for a small-world campaign.,0.13840162122660996,0.7030015173146352,0.37202368369044725,98.84802045746879,1
440635126,TIC 440635126,17,1,17,28.34272,36.34272,10.9283,4172.0,0.684408,6.5408872097952,25.191089796138,LOW_PRIORITY,46.5,HZ around this star is not especially accessible for a small-world campaign.,0.1278503920179985,0.6975082094301072,0.35756173175830563,93.5065666286292,1
283859631,TIC 283859631,17,1,17,29.72599,37.72599,10.4597,4271.0,0.651021,2.26207138301094,27.6515934891432,LOW_PRIORITY,46.5,HZ around this star is not especially accessible for a small-world campaign.,0.1270582857785124,0.6651433416053618,0.35645236116276796,95.30920443305361,1
303194523,TIC 303194523,57,1,57,27.908293333333333,35.90829333333333,10.6654,4295.47,0.730119,4.89213888703876,17.7974877259555,LOW_PRIORITY,46.5,HZ around this star is not especially accessible for a small-world campaign.,0.16350264090923927,0.7416926372062956,0.4043545979820673,109.04903319608019,1
408515120,TIC 408515120,42,2,"42,43",33.32348,49.32348,9.7825,4028.0,0.764652,5.60499161977342,6.66755016228725,LOW_PRIORITY,46.25,HZ around this star is not especially accessible for a small-world campaign.,0.13866926557286913,0.7749802544480682,0.37238322407550684,94.28227806951989,2
365961623,TIC 365961623,17,2,"17,57",32.35039,48.35039,9.8191,4079.0,0.804821,3.74607087859692,33.2615253697497,LOW_PRIORITY,46.25,HZ around this star is not especially accessible for a small-world campaign.,0.1615504347851671,0.813606359966118,0.40193337107680804,103.18442671140188,2
58732360,TIC 58732360,42,2,"42,43",33.636430000000004,49.63643,9.4103,4088.0,0.832237,3.28835044918008,5.59527917955405,LOW_PRIORITY,46.25,HZ around this star is not especially accessible for a small-world campaign.,0.17427387935574948,0.8399137073159055,0.4174612309613307,107.4971905782995,2
44453366,TIC 44453366,17,2,"17,57",31.35658,47.35658,9.5974,4454.0,0.680382,6.74554997193064,30.7829094850517,LOW_PRIORITY,46.25,HZ around this star is not especially accessible for a small-world campaign.,0.1641349972205376,0.6936097266782014,0.40513577627819736,113.09242884140642,2
405189795,TIC 405189795,42,2,"42,43",31.39278,47.39278,9.7052,4298.0,0.763642,3.62297353594702,7.80675752693826,LOW_PRIORITY,46.25,HZ around this star is not especially accessible for a small-world campaign.,0.17928335376429966,0.7740077622292294,0.42341865070435863,114.38591284336476,2
427332476,TIC 427332476,42,2,"42,43",28.710599999999992,44.71059999999999,9.057,4953.02,0.74529,5.82552579542295,0.163707915494752,LOW_PRIORITY,46.25,HZ around this star is not especially accessible for a small-world campaign.,0.3011796505396381,0.7563259984483179,0.5487983696583273,170.74772607659506,2
257203315,TIC 257203315,42,2,"42,43",26.08316333333333,42.08316333333333,9.8238,4954.0,0.700497,6.92211205722539,4.84068478027447,LOW_PRIORITY,46.25,HZ around this star is not especially accessible for a small-world campaign.,0.26627554281175253,0.7130762398124729,0.5160189364856221,160.33218116507365,2
293361880,TIC 293361880,42,2,"42,43",28.37653333333333,44.37653333333333,9.7332,4742.77,0.683425,5.25716570624603,1.00271383893176,LOW_PRIORITY,46.25,HZ around this star is not especially accessible for a small-world campaign.,0.21291423069185877,0.6965564504767073,0.4614263003902777,137.17203532863903,2
407430919,TIC 407430919,18,6,"18,19,24,25,58,59",29.19571333333333,77.19571333333333,9.4243,4705.0,0.756542,5.92196415413379,75.0544784714333,LOW_PRIORITY,45.25,HZ around this star is not especially accessible for a small-world campaign.,0.2526965471749308,0.7671696105652792,0.5026893147610468,148.62573314329163,6
347299560,TIC 347299560,24,3,"24,57,58",32.077106666666666,56.077106666666666,8.1797,4878.0,0.822076,1.46007362197156,56.5002243832995,LOW_PRIORITY,44.5,HZ around this star is not especially accessible for a small-world campaign.,0.344735360943081,0.830168730377975,0.587141687280916,180.352187366443,3
461356882,TIC 461356882,24,1,24,31.075756666666663,39.07575666666666,8.7903,4875.3,0.680221,2.51755795250858,67.4697289326608,LOW_PRIORITY,44.0,HZ around this star is not especially accessible for a small-world campaign.,0.235505015903111,0.6934538021602983,0.48528859032859095,148.2796590622401,1
257247422,TIC 257247422,42,2,"42,43",20.95621666666667,36.95621666666667,10.9401,4977.0,0.747505,6.90630115620072,2.70755903866708,LOW_PRIORITY,44.0,HZ around this star is not especially accessible for a small-world campaign.,0.3088826234316572,0.7584612489639234,0.5557720966652223,173.76753246530103,2
468255882,TIC 468255882,19,10,"19,25,26,53,58,59,73,78,79,85",31.15525333333333,111.15525333333332,7.8916,5185.0,0.773668,4.21881887414485,81.6636346885349,LOW_PRIORITY,44.0,HZ around this star is not especially accessible for a small-world campaign.,0.38976157502946607,0.7836585973137676,0.6243088779037713,203.5288785210102,10
418755917,TIC 418755917,42,2,"42,43",24.888236666666668,40.88823666666667,10.9231,4545.09,0.721028,1.8951897938539,7.13493051504014,LOW_PRIORITY,44.0,HZ around this star is not especially accessible for a small-world campaign.,0.1998798064191904,0.7329165416850949,0.44707919479572117,127.53801486329215,2
411530077,TIC 411530077,17,1,17,34.00007,42.00007,8.6291,4556.24,0.718153,6.58902389022084,23.8994854307569,LOW_PRIORITY,44.0,HZ around this star is not especially accessible for a small-world campaign.,0.20024193727665754,0.7301399808179415,0.4474840078445905,127.95387368279002,1
397586524,TIC 397586524,42,2,"42,43",23.254929999999995,39.25493,10.7741,4781.0,0.747367,2.74422015881496,8.33785545925126,LOW_PRIORITY,44.0,HZ around this star is not especially accessible for a small-world campaign.,0.2629284132005118,0.7583282268052848,0.5127654563253182,154.006749281899,2
405210193,TIC 405210193,42,2,"42,43",29.478963333333336,45.47896333333334,10.7045,3952.0,0.843637,4.09739052904822,6.34053854068936,LOW_PRIORITY,44.0,HZ around this star is not especially accessible for a small-world campaign.,0.1564133044795045,0.8508398801004834,0.3954912192192192,98.48533674567646,2
414782563,TIC 414782563,42,2,"42,43",25.93184,41.93184,10.7653,4490.0,0.725696,7.88652746390451,16.8487813045369,LOW_PRIORITY,44.0,HZ around this star is not especially accessible for a small-world campaign.,0.19283662987070466,0.7374235328601838,0.4391316771433196,123.77241871938682,2
258868172,TIC 258868172,57,1,57,31.740146666666668,39.74014666666667,8.5839,4851.0,0.716592,1.48187498179516,18.0752255729408,LOW_PRIORITY,44.0,HZ around this star is not especially accessible for a small-world campaign.,0.2561909119580281,0.7286321963103827,0.5061530519102183,154.08445816629424,1
257292435,TIC 257292435,42,2,"42,43",28.801996666666664,44.80199666666667,10.4983,4047.0,0.914647,7.29871153266786,3.0760333797613,LOW_PRIORITY,44.0,HZ around this star is not especially accessible for a small-world campaign.,0.20217830739614231,0.9187362206783383,0.44964242170433866,114.89356959654738,2
461591456,TIC 461591456,18,5,"18,19,20,25,26",21.325360000000003,61.32536,10.8692,4934.0,0.774784,5.29240823488495,84.1361331979146,LOW_PRIORITY,43.0,HZ around this star is not especially accessible for a small-world campaign.,0.3205181136006331,0.7847324492740889,0.5661431917815785,175.63814936433263,5
468293050,TIC 468293050,18,7,"18,19,24,25,26,58,59",23.67334,79.67334,10.2668,4886.0,0.820946,6.89665434876064,78.5270753419409,LOW_PRIORITY,43.0,HZ around this star is not especially accessible for a small-world campaign.,0.3460491151894076,0.8290846252931403,0.5882593944761169,180.98563303789663,7
373150657,TIC 373150657,18,4,"18,19,24,25",27.043506666666666,59.043506666666666,9.2822,4986.0,0.794436,1.64648644844857,73.9393644539257,LOW_PRIORITY,42.25,HZ around this star is not especially accessible for a small-world campaign.,0.3514160874156999,0.8036296843162395,0.5928035824922956,185.96382431951568,4
306119022,TIC 306119022,17,3,"17,57,84",29.645776666666663,53.64577666666666,9.4235,4602.0,0.797689,4.29365563595752,29.5310895300748,LOW_PRIORITY,42.25,HZ around this star is not especially accessible for a small-world campaign.,0.25712740932511785,0.8067554781213383,0.5070773208546383,146.8353232581162,3
83958869,TIC 83958869,17,1,17,29.391573333333334,37.39157333333333,9.5754,4643.32,0.727916,0.446398829079091,31.8521146244177,LOW_PRIORITY,41.75,HZ around this star is not especially accessible for a small-world campaign.,0.22190735649687957,0.7395664514058098,0.4710704368742318,137.31892610058281,1
201974651,TIC 201974651,17,1,17,29.72578,37.72578,9.4773,4706.0,0.681502,3.52356152747122,49.500934020117,LOW_PRIORITY,41.75,HZ around this star is not especially accessible for a small-world campaign.,0.20522802750727787,0.6946943679465837,0.45302100117685257,133.61980663041322,1
440155387,TIC 440155387,17,1,17,30.86687333333333,38.86687333333333,9.9669,4231.0,0.767386,5.61436647927218,47.7857430091574,LOW_PRIORITY,41.75,HZ around this star is not especially accessible for a small-world campaign.,0.17001786381210465,0.7776124015114528,0.41233222504687245,109.66790619636622,1
191080974,TIC 191080974,17,1,17,30.858566666666665,38.85856666666666,9.8301,4428.0,0.65877,7.67470231542111,47.5024277100564,LOW_PRIORITY,41.75,HZ around this star is not especially accessible for a small-world campaign.,0.1503116997848065,0.6726623539678731,0.387700528481464,107.50687864356112,1
150972763,TIC 150972763,57,1,57,30.027916666666663,38.02791666666666,9.0737,4860.0,0.684395,5.52036755740774,21.3749448024746,LOW_PRIORITY,41.75,HZ around this star is not especially accessible for a small-world campaign.,0.2354254685595816,0.6974956230335759,0.48520662460397385,147.81195593576763,1
456502995,TIC 456502995,83,1,83,29.968413333333334,37.96841333333334,9.5573,4645.0,0.676072,0.152591044074922,17.9689100016862,LOW_PRIORITY,41.75,HZ around this star is not especially accessible for a small-world campaign.,0.19170060479088374,0.6894349604645352,0.4378362762390569,127.44159133576497,1
437749972,TIC 437749972,17,1,17,31.20881,39.20881,9.8923,4307.0,0.699699,3.82171413956875,29.219832070111,LOW_PRIORITY,41.75,HZ around this star is not especially accessible for a small-world campaign.,0.15178075325827586,0.7123045041744455,0.3895904943120094,105.23735089145437,1
80531794,TIC 80531794,17,1,17,30.94484333333333,38.94484333333333,9.0558,4681.0,0.749029,6.66867966042593,30.1994563137545,LOW_PRIORITY,41.75,HZ around this star is not especially accessible for a small-world campaign.,0.24268701493338093,0.75993019467862,0.492632738389747,144.8732753919469,1
38380363,TIC 38380363,42,2,"42,43",27.856966666666665,43.856966666666665,8.9939,4959.0,0.85091,3.18741873238827,4.97529891637236,LOW_PRIORITY,41.5,HZ around this star is not especially accessible for a small-world campaign.,0.39449217998722863,0.8578067240311777,0.6280861246574618,196.30180839318527,2
194459612,TIC 194459612,17,2,"17,57",30.98285333333333,46.98285333333334,8.5916,4837.0,0.800908,4.18775993835299,41.0691634675609,LOW_PRIORITY,41.5,HZ around this star is not especially accessible for a small-world campaign.,0.3163474392288117,0.8098479741279133,0.5624477213295576,171.20313656640016,2
388604517,TIC 388604517,18,3,"18,25,26",23.665803333333336,47.665803333333336,10.7118,4720.0,0.782033,0.610530364787658,83.8284301012586,LOW_PRIORITY,40.0,HZ around this star is not especially accessible for a small-world campaign.,0.2734719983664202,0.7917057983987632,0.5229455022910324,155.23618453534007,3
274805229,TIC 274805229,18,4,"18,19,24,25",24.57887333333333,56.57887333333333,10.4291,4708.0,0.813806,7.81609266008073,73.7586716294639,LOW_PRIORITY,40.0,HZ around this star is not especially accessible for a small-world campaign.,0.2931448723447334,0.8222328865418753,0.5414285477740653,160.47394512165815,4
365963199,TIC 365963199,17,3,"17,57,84",31.886733333333336,55.88673333333334,7.8774,4705.0,1.1062,4.04828325619788,30.5325787133942,LOW_PRIORITY,39.75,HZ around this star is not especially accessible for a small-world campaign.,0.5402571579573768,1.100631584377987,0.7350218758359351,219.39141849254702,3
437761325,TIC 437761325,17,1,17,21.909693333333333,29.909693333333333,10.875,4900.0,0.742364,5.902321142345,29.7890094991716,LOW_PRIORITY,39.5,HZ around this star is not especially accessible for a small-world campaign.,0.2862284750392304,0.7535048603571474,0.5350032476903578,164.65761599709194,1
293266478,TIC 293266478,42,1,42,26.4653,34.4653,10.0994,4758.59,0.714885,2.11624597695669,0.264817173631556,LOW_PRIORITY,39.5,HZ around this star is not especially accessible for a small-world campaign.,0.23609143396870755,0.7269832010291551,0.48589240986941495,145.0902434463466,1
57963994,TIC 57963994,17,1,17,25.69526666666667,33.69526666666667,10.953,4446.0,0.71094,4.98102612998659,32.9249299520423,LOW_PRIORITY,39.5,HZ around this star is not especially accessible for a small-world campaign.,0.17792560182654013,0.7231714999908679,0.4218122826880935,117.66529989486881,1
22527127,TIC 22527127,17,1,17,21.96509666666666,29.96509666666666,10.6913,4979.1,0.744387,2.90469207896982,30.8819964088799,LOW_PRIORITY,39.5,HZ around this star is not especially accessible for a small-world campaign.,0.3068284775470192,0.7554554193196078,0.5539210029841973,173.24374088782082,1
437751181,TIC 437751181,17,1,17,24.14834666666666,32.14834666666666,10.6623,4876.47,0.623187,5.20001464828575,26.9765380893559,LOW_PRIORITY,39.5,HZ around this star is not especially accessible for a small-world campaign.,0.19785804234945192,0.6380981211962176,0.4448123675769952,135.6474932553958,1
190951890,TIC 190951890,57,1,57,24.02505,32.02505,10.4079,4901.0,0.716835,6.58422135274624,44.6024303629136,LOW_PRIORITY,39.5,HZ around this star is not especially accessible for a small-world campaign.,0.2670987922172434,0.7288669230680221,0.5168160138939615,158.95348234227154,1
194438661,TIC 194438661,17,1,17,27.69655,35.69655,10.1823,4568.0,0.717425,3.9900908959438,40.3324117862674,LOW_PRIORITY,39.5,HZ around this star is not especially accessible for a small-world campaign.,0.20190733850671722,0.7294368192179855,0.44934100470212734,128.8132275630046,1
427328143,TIC 427328143,42,1,42,32.30513666666666,40.30513666666666,10.1615,3962.79,0.769228,2.34426625903734,3.83781683046186,LOW_PRIORITY,39.5,HZ around this star is not especially accessible for a small-world campaign.,0.13146468717594334,0.7793855148509681,0.3625805940421293,90.32768790535711,1
439958588,TIC 439958588,17,1,17,29.58781,37.58781,10.3285,4207.64,0.770119,1.7321937026181,47.0374817606571,LOW_PRIORITY,39.5,HZ around this star is not especially accessible for a small-world campaign.,0.167480669037491,0.780243117243418,0.40924402138270877,108.25520001774649,1
293258061,TIC 293258061,42,1,42,29.51036,37.51036,10.3561,4219.91,0.756599,1.91818874188394,2.56436756854534,LOW_PRIORITY,39.5,HZ around this star is not especially accessible for a small-world campaign.,0.1635456476004652,0.767224521140193,0.4044077739120073,107.24035188165757,1
257488638,TIC 257488638,70,1,70,29.32416000000001,37.324160000000006,10.5459,4126.61,0.777049,0.452040669074563,4.90950203515992,LOW_PRIORITY,39.5,HZ around this star is not especially accessible for a small-world campaign.,0.15774849594118537,0.7869116692456742,0.3971756487263354,103.06261371442284,1
127420134,TIC 127420134,17,1,17,27.87033,35.87033,10.8175,4329.53,0.644692,5.71861640366464,39.4250458403167,LOW_PRIORITY,39.5,HZ around this star is not especially accessible for a small-world campaign.,0.13157163925154755,0.6589988656283462,0.3627280513711995,98.29232439697998,1
437739765,TIC 437739765,17,1,17,26.16175,34.16175,10.9253,4455.74,0.667255,3.01769136404436,26.5168676088373,LOW_PRIORITY,39.5,HZ around this star is not especially accessible for a small-world campaign.,0.1581094209961977,0.680890453219089,0.3976297536606104,110.98643798875136,1
118031332,TIC 118031332,57,1,57,26.343386666666664,34.34338666666666,10.89,4506.0,0.621328,1.0027559408935,24.7180331281226,LOW_PRIORITY,39.5,HZ around this star is not especially accessible for a small-world campaign.,0.14338420434836677,0.6362896795633394,0.3786610679068641,106.6936980127699,1
83959458,TIC 83959458,17,1,17,26.26073,34.260729999999995,10.5352,4532.21,0.749672,0.514968917167636,33.4899925195059,LOW_PRIORITY,39.5,HZ around this star is not especially accessible for a small-world campaign.,0.21363745213995405,0.760549921551796,0.4622093163707911,131.6086408469951,1
58755347,TIC 58755347,57,1,57,23.086323333333336,31.086323333333336,10.6487,4915.0,0.702721,5.66320613111708,17.0431122117291,LOW_PRIORITY,39.5,HZ around this star is not especially accessible for a small-world campaign.,0.2596298743845323,0.715226810094646,0.5095388840751335,157.08485998442455,1
22468706,TIC 22468706,17,1,17,26.77200333333333,34.77200333333333,10.5321,4528.0,0.703293,2.25000012891959,34.6652484471624,LOW_PRIORITY,39.5,HZ around this star is not especially accessible for a small-world campaign.,0.18732380582504735,0.7157798693343009,0.4328092025651111,122.92641441817612,1
117954205,TIC 117954205,57,1,57,27.784703333333333,35.78470333333333,10.2957,4762.69,0.501008,0.477859844801133,26.004049704538,LOW_PRIORITY,39.5,HZ around this star is not especially accessible for a small-world campaign.,0.1163572074479076,0.5186237816819458,0.341111722823927,101.04363888515108,1
437764503,TIC 437764503,17,1,17,23.93731333333333,31.93731333333333,10.7889,4708.99,0.733217,6.19363629526187,28.4488026331152,LOW_PRIORITY,39.5,HZ around this star is not especially accessible for a small-world campaign.,0.23816110382394942,0.7446820737054373,0.4880175240951388,144.29719893783704,1
257469419,TIC 257469419,42,1,42,25.192993333333327,33.19299333333333,10.8375,4531.0,0.736534,0.211766720497649,4.16300871306179,LOW_PRIORITY,39.5,HZ around this star is not especially accessible for a small-world campaign.,0.20599494267498514,0.747882135816223,0.45386665737304954,129.14157046841157,1
117952817,TIC 117952817,57,1,57,25.20884333333333,33.208843333333334,10.6206,4630.0,0.739209,0.339978648548579,26.432692793357,LOW_PRIORITY,39.5,HZ around this star is not especially accessible for a small-world campaign.,0.226231547426938,0.7504623060894984,0.47563804245133506,138.3058841720319,1
202642559,TIC 202642559,17,1,17,25.61747666666667,33.61747666666667,10.0025,4968.0,0.663919,7.35532264910285,50.5164981379927,LOW_PRIORITY,39.5,HZ around this star is not especially accessible for a small-world campaign.,0.24190856980934597,0.6776560852337873,0.4918420171247532,153.04670844673515,1
439999494,TIC 439999494,17,1,17,28.912396666666663,36.912396666666666,10.4936,4344.0,0.657987,2.2856812936412,42.1642412864446,LOW_PRIORITY,39.5,HZ around this star is not especially accessible for a small-world campaign.,0.13889563676395258,0.6719027948408397,0.3726870493644132,101.38027225011747,1
58101457,TIC 58101457,17,1,17,27.36272333333333,35.362723333333335,10.761,4281.67,0.757936,6.21349760035156,32.2339899591329,LOW_PRIORITY,39.5,HZ around this star is not especially accessible for a small-world campaign.,0.1739452401180967,0.7685124520007137,0.4170674287427594,112.22101233331885,1
202590609,TIC 202590609,17,1,17,27.433119999999995,35.433119999999995,10.4364,4490.0,0.707128,7.20475561796377,48.160626112145,LOW_PRIORITY,39.5,HZ around this star is not especially accessible for a small-world campaign.,0.1830948558922171,0.7194873002162129,0.4278958470144541,120.52739371057929,1
293265454,TIC 293265454,42,1,42,24.63334333333333,32.63334333333333,10.9102,4609.0,0.698419,2.18444257501264,4.84719512498892,LOW_PRIORITY,39.5,HZ around this star is not especially accessible for a small-world campaign.,0.19831411850874947,0.7110665405422457,0.4453247337716034,128.72127367725668,1
372130412,TIC 372130412,17,1,17,26.70083,34.70083,10.7902,4463.0,0.661337,1.24188061671195,32.2697666559243,LOW_PRIORITY,39.5,HZ around this star is not especially accessible for a small-world campaign.,0.1563320056334393,0.6751521887604662,0.395388423747382,110.51603858432642,1
415818004,TIC 415818004,17,1,17,25.154626666666665,33.154626666666665,10.0114,4938.0,0.731644,5.59542410865086,41.7957414156651,LOW_PRIORITY,39.5,HZ around this star is not especially accessible for a small-world campaign.,0.28674686835688973,0.7431642755830344,0.5354875053228504,166.02436388729214,1
440673162,TIC 440673162,17,1,17,28.33223,36.33223,10.1892,4466.0,0.736097,7.90883345097652,29.2245231179574,LOW_PRIORITY,39.5,HZ around this star is not especially accessible for a small-world campaign.,0.19419573196441076,0.747460583145151,0.4406764481616992,123.58786718903218,1
57962744,TIC 57962744,17,2,"17,57",27.661463333333334,43.66146333333333,9.2486,4954.0,0.772747,4.97859031896172,34.6023995063541,LOW_PRIORITY,39.25,HZ around this star is not especially accessible for a small-world campaign.,0.3240360837441477,0.7827723224463848,0.5692416742861925,177.303588286132,2
405291867,TIC 405291867,42,2,"42,43",26.904443333333333,42.90444333333333,9.2976,4984.0,0.803849,1.25516110373054,8.11610202989373,LOW_PRIORITY,39.25,HZ around this star is not especially accessible for a small-world campaign.,0.3592161026050832,0.812672852011001,0.5993463961726,187.9962541701492,2
293342645,TIC 293342645,42,2,"42,43",29.020093333333328,45.02009333333333,9.4222,4611.01,0.853269,4.71328911064046,1.06296851921029,LOW_PRIORITY,39.25,HZ around this star is not especially accessible for a small-world campaign.,0.2965178905809789,0.8600657815705706,0.544534563256529,158.25686795918892,2
303240616,TIC 303240616,42,2,"42,43",24.775916666666664,40.77591666666666,9.9928,4941.0,0.774455,5.5710416974936,13.0920955553089,LOW_PRIORITY,39.25,HZ around this star is not especially accessible for a small-world campaign.,0.32206720313643017,0.7844158826811544,0.5675096502584165,176.3099863023447,2
456502768,TIC 456502768,83,1,83,34.073233333333334,42.07323333333333,7.9084,4789.0,0.80515,0.200434560214525,16.9881135770791,LOW_PRIORITY,39.25,HZ around this star is not especially accessible for a small-world campaign.,0.30720455656788453,0.8139223185076988,0.5542603689313215,167.05884930195128,1
373150643,TIC 373150643,18,4,"18,19,24,25",19.49956333333333,51.49956333333333,10.516,5395.0,0.714477,1.69810300354861,73.9485272605218,LOW_PRIORITY,38.25,HZ around this star is not especially accessible for a small-world campaign.,0.38961620514949014,0.7265890359397369,0.6241924424001705,211.3117095391173,4
22527304,TIC 22527304,17,3,"17,57,84",29.55083,53.55083,7.2538,5489.0,0.935897,2.8434890528423,30.4495762013421,LOW_PRIORITY,38.0,HZ around this star is not especially accessible for a small-world campaign.,0.7163474903995375,0.9390022921429982,0.8463731389874902,293.49432369267186,3
461342461,TIC 461342461,24,4,"24,58,78,85",30.819916666666668,62.81991666666667,7.8295,5148.0,0.862875,2.23848988757622,66.4566594154952,LOW_PRIORITY,38.0,HZ around this star is not especially accessible for a small-world campaign.,0.4711342052914693,0.8692615943368751,0.686392165814463,222.77859240757394,4
238432056,TIC 238432056,17,3,"17,57,84",37.44033,61.44033,5.3971,5489.0,0.889627,1.6532670438182,29.0215028909291,LOW_PRIORITY,38.0,HZ around this star is not especially accessible for a small-world campaign.,0.6472671164425757,0.894844467654493,0.8045291271561121,278.63078836508333,3
403021108,TIC 403021108,42,4,"42,43,70,83",31.66985333333333,63.669853333333336,7.7018,5085.07,0.881403,0.589762128297672,11.0062375107934,LOW_PRIORITY,38.0,HZ around this star is not especially accessible for a small-world campaign.,0.46798453526403627,0.8869840251972958,0.6840939520738626,219.43502676526188,4
411534465,TIC 411534465,17,2,"17,57",22.48606333333333,38.48606333333333,9.879,5341.0,0.715627,7.07241263435431,19.6524690802997,LOW_PRIORITY,37.5,HZ around this star is not especially accessible for a small-world campaign.,0.3754554888386806,0.7277000116575099,0.6127442279113534,205.36804882917824,2
461593015,TIC 461593015,19,8,"19,20,25,26,40,47,52,53",16.882553333333334,80.88255333333333,10.5916,5581.0,0.790938,5.48103389800879,88.3997046259919,LOW_PRIORITY,37.25,HZ around this star is not especially accessible for a small-world campaign.,0.5467989641144341,0.8002677568278601,0.7394585614586081,259.6230976397833,8
461585810,TIC 461585810,18,8,"18,20,25,26,40,47,52,53",19.263186666666662,83.26318666666667,10.1755,5433.0,0.842648,1.15589646367885,86.9517517692107,LOW_PRIORITY,37.25,HZ around this star is not especially accessible for a small-world campaign.,0.5573729898922006,0.8498922805432338,0.7465741690496669,255.57461876422872,8
405212176,TIC 405212176,42,2,"42,43",24.07547333333334,40.075473333333335,10.2252,4855.0,0.823206,4.21892502864591,8.17723615477522,LOW_PRIORITY,37.0,HZ around this star is not especially accessible for a small-world campaign.,0.3392100427320794,0.8312527609564959,0.5824174127995139,178.06362088240587,2
293360863,TIC 293360863,42,2,"42,43",28.370156666666663,44.37015666666667,10.2616,4409.04,0.750811,5.20405038130196,3.48279183127452,LOW_PRIORITY,37.0,HZ around this star is not especially accessible for a small-world campaign.,0.19192525193855073,0.7616476306842835,0.43809274353560196,121.35628310278564,2
52005222,TIC 52005222,42,2,"42,43",24.461516666666668,40.46151666666667,10.7151,4647.0,0.761975,3.93621990474664,12.1414725176125,LOW_PRIORITY,37.0,HZ around this star is not especially accessible for a small-world campaign.,0.24393091532314964,0.7724025279200796,0.49389362753851124,144.25089468134516,2
468357515,TIC 468357515,42,2,"42,43",21.327913333333328,37.32791333333333,10.8481,4864.0,0.841302,7.73634461996105,9.4457947772271,LOW_PRIORITY,37.0,HZ around this star is not especially accessible for a small-world campaign.,0.35692158924312545,0.8486025359742277,0.5974291499777404,183.0912861804994,2
257304462,TIC 257304462,42,2,"42,43",22.423853333333334,38.42385333333333,10.8461,4822.0,0.767508,7.54192579954011,0.699942018138232,LOW_PRIORITY,37.0,HZ around this star is not especially accessible for a small-world campaign.,0.2869256382826294,0.7777298455606657,0.5356544019072647,162.36890401406606,2
403024431,TIC 403024431,42,2,"42,43",24.76836666666667,40.768366666666665,10.8714,4329.0,0.93377,1.63074225004279,6.75613503501201,LOW_PRIORITY,37.0,HZ around this star is not especially accessible for a small-world campaign.,0.27588296658164063,0.9369748223765114,0.525245625,143.63819188091156,2
293405740,TIC 293405740,42,2,"42,43",24.67526,40.67526,10.1389,4895.0,0.764414,5.63643645629712,1.96142344128993,LOW_PRIORITY,37.0,HZ around this star is not especially accessible for a small-world campaign.,0.3022475294910727,0.7747510987025195,0.5497704334456999,169.15358010729184,2
440178619,TIC 440178619,17,1,17,31.87296,39.87295999999999,8.6003,4661.0,0.855084,6.26779082229448,45.688674410151,LOW_PRIORITY,37.0,HZ around this star is not especially accessible for a small-world campaign.,0.3109056986375324,0.8618036738665134,0.5575891844696528,163.81647094430886,1
418755864,TIC 418755864,42,2,"42,43",20.385986666666664,36.38598666666667,10.3801,5319.0,0.743528,1.87247366013804,7.35842755478163,LOW_PRIORITY,35.25,HZ around this star is not especially accessible for a small-world campaign.,0.39866611825596454,0.7546272114285855,0.6314001253214673,210.950709042283,2
401423949,TIC 401423949,42,2,"42,43",20.89001,36.89001,10.6071,5253.44,0.656959,4.93593151446773,8.21606920393657,LOW_PRIORITY,35.25,HZ around this star is not especially accessible for a small-world campaign.,0.2961736036448045,0.670905501713621,0.5442183418856852,179.02731988841606,2
115545320,TIC 115545320,17,2,"17,57",21.63044,37.63044,10.7201,5011.37,0.739441,7.75869090920224,39.6760922212336,LOW_PRIORITY,35.25,HZ around this star is not especially accessible for a small-world campaign.,0.3106902612205958,0.7506860595808983,0.5573959644817997,175.43117786537613,2
397586075,TIC 397586075,42,2,"42,43",21.81796333333333,37.81796333333334,10.4668,5107.0,0.742317,2.76169463827535,10.516025773709,LOW_PRIORITY,35.25,HZ around this star is not especially accessible for a small-world campaign.,0.33770458327788955,0.7534595402106058,0.5811235525065986,186.40732430850372,2
258868174,TIC 258868174,57,1,57,31.03185666666667,39.03185666666667,8.3723,5013.0,0.737061,1.48113861174975,18.0758726453384,LOW_PRIORITY,35.25,HZ around this star is not especially accessible for a small-world campaign.,0.3090952939400604,0.7483904904818331,0.5559633926258638,175.02310695404836,1
405191414,TIC 405191414,42,2,"42,43",20.78469333333333,36.78469333333333,10.8214,5056.0,0.746304,3.81943425687369,11.8033684506029,LOW_PRIORITY,35.25,HZ around this star is not especially accessible for a small-world campaign.,0.32790988590602255,0.7573035294293384,0.572634164110056,181.87420867132099,2
258866681,TIC 258866681,57,2,"57,84",32.72462,48.72462,7.118,5303.36,0.827538,1.2346731283706,23.2696286989997,LOW_PRIORITY,35.0,HZ around this star is not especially accessible for a small-world campaign.,0.4880620456407027,0.8354078428979039,0.6986143754895849,233.34431653611438,2
117956546,TIC 117956546,57,2,"57,84",40.12167,56.12167,5.043,5365.25,0.866258,0.543088080825098,27.0817991094254,LOW_PRIORITY,35.0,HZ around this star is not especially accessible for a small-world campaign.,0.5602077079370256,0.8724989148372573,0.748470245191501,253.20343137447344,2
306117460,TIC 306117460,17,1,17,26.11806,34.11806,9.9257,4820.03,0.767889,4.38756041633401,24.6678274903911,LOW_PRIORITY,34.75,HZ around this star is not especially accessible for a small-world campaign.,0.2867415102335672,0.778096611541891,0.5354825022664766,162.25249687179996,1
242659944,TIC 242659944,17,1,17,25.525036666666665,33.525036666666665,9.7999,4890.0,0.819203,7.68593537596213,19.0668853432979,LOW_PRIORITY,34.75,HZ around this star is not especially accessible for a small-world campaign.,0.3457110131979638,0.827412270838676,0.5879719493291868,181.0356714526788,1
331804827,TIC 331804827,17,1,17,26.34885333333333,34.34885333333333,9.6961,4906.0,0.765008,6.52984501328088,36.9342998955549,LOW_PRIORITY,34.75,HZ around this star is not especially accessible for a small-world campaign.,0.30544768597979155,0.7753230185707215,0.5526732180771848,170.43214705340696,1
373236404,TIC 373236404,18,11,"18,19,24,25,52,58,59,78,79,85,86",24.39143333333333,112.39143333333334,8.4334,5467.0,0.99833,2.19309440124477,73.0185418532785,LOW_PRIORITY,34.75,HZ around this star is not especially accessible for a small-world campaign.,0.8021198238299113,0.9984134337248767,0.8956114245753631,309.82357009246545,11
365961803,TIC 365961803,17,1,17,26.69331333333333,34.693313333333336,9.986,4710.61,0.777427,3.74236917795655,32.8380707376752,LOW_PRIORITY,34.75,HZ around this star is not especially accessible for a small-world campaign.,0.26811588682962306,0.7872753226889503,0.5177990795951872,153.38002933485032,1
58100517,TIC 58100517,17,1,17,24.74169,32.74169,9.9221,4889.0,0.849491,6.14050944451118,30.2080946428328,LOW_PRIORITY,34.75,HZ around this star is not especially accessible for a small-world campaign.,0.3714432097096631,0.856447691240201,0.6094614095327637,187.7842313228824,1
194530566,TIC 194530566,17,1,17,31.317609999999995,39.31761,9.2346,4532.54,0.763949,4.98393360589513,40.2711369969892,LOW_PRIORITY,34.75,HZ around this star is not especially accessible for a small-world campaign.,0.22191672046087665,0.7743033681484626,0.4710803757968237,134.20761841708062,1
201926252,TIC 201926252,57,1,57,29.251626666666667,37.25162666666667,9.3041,4752.0,0.759864,3.15968579187967,48.8131750097108,LOW_PRIORITY,34.75,HZ around this star is not especially accessible for a small-world campaign.,0.2652602515579717,0.7703694926632889,0.5150342236764192,153.81362923637025,1
194382995,TIC 194382995,17,1,17,28.138946666666666,36.13894666666667,9.7699,4653.0,0.767312,3.26090424086701,39.3187856215682,LOW_PRIORITY,34.75,HZ around this star is not especially accessible for a small-world campaign.,0.248639944870014,0.7775411645021526,0.4986380900713603,145.85009115435355,1
201517645,TIC 201517645,57,1,57,24.208366666666663,32.20836666666666,9.897,4848.0,0.94703,0.736726687942186,50.7788671876416,LOW_PRIORITY,34.75,HZ around this star is not especially accessible for a small-world campaign.,0.44634700864160276,0.9496105916512385,0.6680920659921077,204.6783564805904,1
428737024,TIC 428737024,18,6,"18,19,24,25,58,59",23.536906666666663,71.53690666666667,10.0074,5082.0,0.775016,7.69546086294263,74.4342487825557,LOW_PRIORITY,34.25,HZ around this star is not especially accessible for a small-world campaign.,0.36095635313005375,0.7849556776025285,0.6007964323546319,191.9811879484312,6
331928059,TIC 331928059,52,5,"52,58,78,85,86",21.127536666666664,61.12753666666666,10.2394,5253.0,0.780653,6.33771028371187,69.8809775437071,LOW_PRIORITY,34.25,HZ around this star is not especially accessible for a small-world campaign.,0.4180616974224014,0.7903785243336784,0.64657690758517,213.6008337728867,5
468266262,TIC 468266262,18,5,"18,19,24,25,26",16.630823333333336,56.63082333333334,10.7548,5461.0,0.850831,5.52092418450681,78.6764844546024,LOW_PRIORITY,34.25,HZ around this star is not especially accessible for a small-world campaign.,0.5800561376836995,0.8577310655666298,0.7616141658895923,262.1302698555715,5
336765302,TIC 336765302,42,3,"42,43,57",24.616726666666665,48.616726666666665,9.2658,5280.0,0.798674,7.14864139338762,14.1646384531845,LOW_PRIORITY,33.5,HZ around this star is not especially accessible for a small-world campaign.,0.44665221676797456,0.807701834588546,0.6683204446730435,222.0454151951377,3
439946042,TIC 439946042,17,3,"17,57,84",22.39116666666667,46.39116666666667,9.0362,5586.0,0.85807,1.23907192012504,45.6748067955156,LOW_PRIORITY,33.5,HZ around this star is not especially accessible for a small-world campaign.,0.6458681559180246,0.8646624167716251,0.8036592287269677,282.99244262487025,3
201778444,TIC 201778444,57,3,"57,84,85",20.79133666666667,44.791336666666666,9.5194,5460.0,0.929773,2.21948306641324,53.2132477084754,LOW_PRIORITY,33.5,HZ around this star is not especially accessible for a small-world campaign.,0.692180152045745,0.9331642317054537,0.8319736486486486,286.9297230347479,3
293220579,TIC 293220579,70,1,70,23.518996666666663,31.518996666666663,9.656,5301.0,0.734867,1.46590873901999,2.7643224806935,LOW_PRIORITY,33.0,HZ around this star is not especially accessible for a small-world campaign.,0.38418766583182967,0.7462739946944009,0.619828739114144,206.32347035276248,1
403021802,TIC 403021802,42,1,42,23.171116666666663,31.171116666666663,9.9417,5211.0,0.730375,0.55803654277382,7.22629595602624,LOW_PRIORITY,33.0,HZ around this star is not especially accessible for a small-world campaign.,0.35438130380148586,0.7419396901776738,0.595299339661557,194.7641517046943,1
80531040,TIC 80531040,17,1,17,26.19936,34.19936,9.4672,5069.0,0.735684,6.59052645230675,31.9911374876864,LOW_PRIORITY,33.0,HZ around this star is not especially accessible for a small-world campaign.,0.3219337415367286,0.7470621706069165,0.5673920527613412,180.60789241074008,1
194463544,TIC 194463544,17,1,17,26.92384,34.92384,9.2188,5128.94,0.712646,4.49025379479463,40.2269514445975,LOW_PRIORITY,33.0,HZ around this star is not especially accessible for a small-world campaign.,0.3166306032105201,0.7248199848094516,0.5626993897371136,181.08805793957836,1
411524589,TIC 411524589,17,1,17,23.981316666666665,31.981316666666665,9.9692,5097.0,0.733355,6.23180715612342,23.5943553830702,LOW_PRIORITY,33.0,HZ around this star is not especially accessible for a small-world campaign.,0.3270256061811206,0.7448152230466631,0.5718615271034768,183.02156805152688,1
150814337,TIC 150814337,57,1,57,25.59724333333333,33.59724333333333,9.7097,5026.0,0.734729,3.07029946977221,20.887821299244,LOW_PRIORITY,33.0,HZ around this star is not especially accessible for a small-world campaign.,0.3103408970957604,0.7461408590657084,0.557082486796848,175.81627383602026,1
354532520,TIC 354532520,17,2,"17,57",25.42650666666667,41.42650666666667,8.8917,5387.58,0.777686,1.75274831724477,32.8700967936002,LOW_PRIORITY,32.75,HZ around this star is not especially accessible for a small-world campaign.,0.45906924666654114,0.7875244875365565,0.6775464904097291,229.54447355818587,2
194531699,TIC 194531699,17,3,"17,57,84",30.49406333333333,54.49406333333333,6.3896,5824.93,0.907312,5.00169958105019,38.2273974925528,LOW_PRIORITY,32.75,HZ around this star is not especially accessible for a small-world campaign.,0.8538289239750481,0.911735409651912,0.9240286380708381,339.7691632019866,3
466437830,TIC 466437830,42,2,"42,43",26.619526666666665,42.619526666666665,8.5146,5253.0,0.921374,6.47001744148611,6.53100035383857,LOW_PRIORITY,32.75,HZ around this star is not especially accessible for a small-world campaign.,0.5823662781089984,0.9251542648468851,0.7631292669718535,253.15138713102496,2
57916751,TIC 57916751,17,1,17,22.09116333333333,30.09116333333333,10.6767,4789.69,0.895462,4.50033372612818,31.2426215087857,LOW_PRIORITY,32.5,HZ around this star is not especially accessible for a small-world campaign.,0.380205727525036,0.9004193154190849,0.6166082447754295,186.37249294000952,1
202661869,TIC 202661869,17,1,17,25.15981333333333,33.15981333333333,10.0753,4849.0,0.779732,7.49405465575147,52.1620708744976,LOW_PRIORITY,32.5,HZ around this star is not especially accessible for a small-world campaign.,0.30282669908331344,0.7894926479007482,0.5502969190203716,167.807667787436,1
191076519,TIC 191076519,57,1,57,26.687026666666668,34.68702666666667,10.2873,4449.0,0.875544,7.51456423017461,43.1117098736102,LOW_PRIORITY,32.5,HZ around this star is not especially accessible for a small-world campaign.,0.2705828617801262,0.8813817980680813,0.5201757989181409,145.959847251226,1
283862928,TIC 283862928,17,1,17,24.541789999999995,32.54178999999999,10.7345,4607.0,0.779521,2.2356382820566,30.1415462364665,LOW_PRIORITY,32.5,HZ around this star is not especially accessible for a small-world campaign.,0.24661710659881073,0.7892896873040522,0.4966055845425127,143.87634911527897,1
58733482,TIC 58733482,42,1,42,23.78194,31.78194,10.7894,4669.19,0.781721,3.50564227012171,0.389621662638865,LOW_PRIORITY,32.5,HZ around this star is not especially accessible for a small-world campaign.,0.2616763389451112,0.7914057292974748,0.5115430958825573,150.21523132021187,1
150901944,TIC 150901944,57,1,57,23.711093333333334,31.711093333333334,10.3791,4903.0,0.758084,4.30486258009845,23.6116459058625,LOW_PRIORITY,32.5,HZ around this star is not especially accessible for a small-world campaign.,0.29921057895245917,0.7686550132767423,0.5470014432818795,168.5416343374234,1
194410038,TIC 194410038,17,1,17,23.64192,31.64192,10.5929,4781.33,0.780873,3.47719077781278,40.2140079003763,LOW_PRIORITY,32.5,HZ around this star is not especially accessible for a small-world campaign.,0.28711137550689253,0.7905901266049562,0.5358277479814689,161.12106776208427,1
22605111,TIC 22605111,17,1,17,25.551853333333334,33.551853333333334,10.2028,4744.9,0.776278,3.34035952110458,34.833560412933,LOW_PRIORITY,32.5,HZ around this star is not especially accessible for a small-world campaign.,0.27519308879937165,0.7861699042420873,0.5245884947264585,156.51651147518876,1
201692794,TIC 201692794,17,1,17,25.085543333333334,33.085543333333334,10.0443,4891.0,0.764559,1.75571052754237,51.7531208668282,LOW_PRIORITY,32.5,HZ around this star is not especially accessible for a small-world campaign.,0.3013751028078913,0.7748907108208003,0.5489764137081768,168.77205011280256,1
194531274,TIC 194531274,17,1,17,24.89872,32.89872,10.585,4647.29,0.770053,5.01848685841797,39.0478441999497,LOW_PRIORITY,32.5,HZ around this star is not especially accessible for a small-world campaign.,0.24919254249989112,0.7801795928422938,0.4991918894572418,145.84589582288672,1
336691212,TIC 336691212,42,1,42,24.451536666666662,32.45153666666666,10.9876,4521.0,0.758973,6.33991419477746,12.5143332089235,LOW_PRIORITY,32.5,HZ around this star is not especially accessible for a small-world campaign.,0.21681303621526574,0.7695113149100813,0.4656318676972891,132.29601511615834,1
150853420,TIC 150853420,57,1,57,21.46626333333333,29.46626333333333,10.957,4876.0,0.773907,3.4428194501745,18.41643824894,LOW_PRIORITY,32.5,HZ around this star is not especially accessible for a small-world campaign.,0.3050191088191742,0.7838885774997472,0.5522853509003967,169.32003221460008,1
365934034,TIC 365934034,17,1,17,21.808623333333333,29.808623333333333,10.5428,4993.0,0.807851,3.59750817686283,32.8172011890805,LOW_PRIORITY,32.5,HZ around this star is not especially accessible for a small-world campaign.,0.36542941977675353,0.8165160079133069,0.6045075845485758,189.98114643732288,1
238390421,TIC 238390421,57,1,57,25.84555333333333,33.845553333333335,10.9712,4357.15,0.762673,1.10031629226863,25.6932324489866,LOW_PRIORITY,32.5,HZ around this star is not especially accessible for a small-world campaign.,0.18887805382522255,0.773074686968052,0.43460102832968833,119.01881511635362,1
238302760,TIC 238302760,57,1,57,21.87213,29.87213,10.9463,4694.0,0.889267,0.970348165077412,22.2541118800858,LOW_PRIORITY,32.5,HZ around this star is not especially accessible for a small-world campaign.,0.3458847416161185,0.8945004584186804,0.5881196660681552,174.18008326460733,1
238304326,TIC 238304326,57,1,57,21.85388333333333,29.85388333333333,10.8702,4810.3,0.824615,1.04471613566617,19.5692189978691,LOW_PRIORITY,32.5,HZ around this star is not especially accessible for a small-world campaign.,0.32800904617389,0.8326043373545794,0.5727207401289829,173.49431801515175,1
468334106,TIC 468334106,42,1,42,21.71159666666667,29.71159666666667,10.5925,4919.22,0.859157,5.67956655729033,8.40033891619628,LOW_PRIORITY,32.5,HZ around this star is not especially accessible for a small-world campaign.,0.3894258343266959,0.8657029675184723,0.6240399300739464,193.51932510699734,1
427687416,TIC 427687416,83,1,83,21.55074333333333,29.55074333333333,10.9929,4873.0,0.753599,0.685315426655429,14.6235371128605,LOW_PRIORITY,32.5,HZ around this star is not especially accessible for a small-world campaign.,0.2885100744410927,0.764334209444659,0.5371313381670192,164.46341836711704,1
437760400,TIC 437760400,17,1,17,25.897393333333326,33.897393333333326,10.2194,4582.18,0.870684,5.86796131502153,26.7616853588953,LOW_PRIORITY,32.5,HZ around this star is not especially accessible for a small-world campaign.,0.30109560723503836,0.876733367414996,0.548721794022288,158.55676318768224,1
150909684,TIC 150909684,57,1,57,19.941156666666664,27.941156666666664,10.9499,4970.85,0.850216,4.76032696352515,18.9798956625828,LOW_PRIORITY,32.5,HZ around this star is not especially accessible for a small-world campaign.,0.39762702135916245,0.8571420667724604,0.6305767370900726,197.54713568969834,1
194144218,TIC 194144218,17,1,17,26.46045,34.46045,10.2166,4645.16,0.763015,1.04732845675562,37.3013159623816,LOW_PRIORITY,32.5,HZ around this star is not especially accessible for a small-world campaign.,0.24421007238544495,0.7734040144130467,0.49417615521739305,144.28118244182573,1
38380947,TIC 38380947,70,1,70,22.055706666666666,30.055706666666666,10.4858,4956.93,0.836001,3.2740091653056,2.02907514558806,LOW_PRIORITY,32.5,HZ around this star is not especially accessible for a small-world campaign.,0.38015389814902767,0.8435220837571973,0.6165662155430085,192.53583917083816,1
194256066,TIC 194256066,17,1,17,22.01632,30.01632,10.6276,4897.97,0.832353,1.82081136069938,36.0590195597886,LOW_PRIORITY,32.5,HZ around this star is not especially accessible for a small-world campaign.,0.3592314006843268,0.8400249234334707,0.5993591583385764,184.91615628075394,1
115514794,TIC 115514794,17,1,17,23.95390333333333,31.95390333333333,10.6995,4726.0,0.753143,7.60052231626002,36.9773777936155,LOW_PRIORITY,32.5,HZ around this star is not especially accessible for a small-world campaign.,0.2549320670769626,0.7638948317525144,0.5049079788208566,149.93112139890243,1
190970790,TIC 190970790,17,1,17,24.32575333333334,32.32575333333334,10.7968,4597.0,0.784538,6.75311486857488,47.3605103672563,LOW_PRIORITY,32.5,HZ around this star is not especially accessible for a small-world campaign.,0.2476399418066807,0.7941147903050182,0.49763434548539826,143.88452989100497,1
411525022,TIC 411525022,57,1,57,24.35127,32.35127,10.6888,4631.0,0.796853,6.17823379131165,21.8572087881823,LOW_PRIORITY,32.5,HZ around this star is not especially accessible for a small-world campaign.,0.2631178176207608,0.8059522302461317,0.5129501122143953,149.4680152403553,1
242659952,TIC 242659952,17,1,17,23.64167333333333,31.64167333333333,10.0364,4849.0,0.947106,7.78905206313747,19.0665926004185,LOW_PRIORITY,32.5,HZ around this star is not especially accessible for a small-world campaign.,0.4467870972053682,0.9496829882460319,0.6684213470598976,204.82188670512542,1
22571537,TIC 22571537,17,1,17,21.448626666666662,29.448626666666662,10.4141,4991.76,0.896364,3.25487395382689,31.3365168455983,LOW_PRIORITY,32.5,HZ around this star is not especially accessible for a small-world campaign.,0.4494468166740992,0.9012809375629177,0.6704079479496787,211.18781813718104,1
357370232,TIC 357370232,57,1,57,25.366043333333334,33.36604333333334,10.1698,4643.74,0.892359,2.08843347695058,16.7780056754283,LOW_PRIORITY,32.5,HZ around this star is not especially accessible for a small-world campaign.,0.3336149546373334,0.8974548888953644,0.5775941089011672,169.245855833311,1
127428682,TIC 127428682,17,1,17,26.6892,34.6892,10.5803,4314.77,0.869985,6.21717126087216,38.1512772650153,LOW_PRIORITY,32.5,HZ around this star is not especially accessible for a small-world campaign.,0.23634631842813816,0.876064690282058,0.4861546239913163,132.27682667307897,1
191135365,TIC 191135365,17,1,17,20.843756666666668,28.843756666666668,10.8887,4983.0,0.774311,7.85234155528493,44.4261574448399,LOW_PRIORITY,32.5,HZ around this star is not especially accessible for a small-world campaign.,0.3330344166395831,0.7842773225432542,0.5770913416778864,180.809911473186,1
293222158,TIC 293222158,42,1,42,25.500076666666665,33.500076666666665,10.0457,4785.0,0.810879,1.63248967207301,5.82539641608042,LOW_PRIORITY,32.5,HZ around this star is not especially accessible for a small-world campaign.,0.3105521822156378,0.8194231902306501,0.557272089930617,167.85606516848077,1
306117908,TIC 306117908,17,1,17,25.42700333333333,33.42700333333333,10.6291,4481.65,0.837618,4.27681996076236,26.0199684496594,LOW_PRIORITY,32.5,HZ around this star is not especially accessible for a small-world campaign.,0.25499899009268556,0.8450719788336419,0.5049742469598678,142.57626029720583,1
201863561,TIC 201863561,17,1,17,29.92617666666667,37.92617666666667,10.0138,4314.0,0.773529,2.6834805332558,49.9567350921182,LOW_PRIORITY,32.5,HZ around this star is not especially accessible for a small-world campaign.,0.18671038475785737,0.7835248415133418,0.4320999707913174,117.20339579708882,1
238394268,TIC 238394268,57,1,57,22.60444333333333,30.60444333333333,10.658,4884.04,0.772989,1.43764692615871,26.0522812929057,LOW_PRIORITY,32.5,HZ around this star is not especially accessible for a small-world campaign.,0.306307891876471,0.7830052032574976,0.5534508938257043,169.95210197776558,1
440044467,TIC 440044467,17,1,17,23.198726666666666,31.198726666666666,10.3204,4995.0,0.756134,3.34120636635253,47.4011708221567,LOW_PRIORITY,32.5,HZ around this star is not especially accessible for a small-world campaign.,0.3206521927657064,0.766776560409611,0.5662615939349113,177.73848376150397,1
150901832,TIC 150901832,57,1,57,22.80216,30.80216,10.6442,4826.0,0.807104,4.09457193803653,23.8603097749167,LOW_PRIORITY,32.5,HZ around this star is not especially accessible for a small-world campaign.,0.3183486261274099,0.8157987296228609,0.5642239148843391,171.38623850810342,1
177707467,TIC 177707467,17,1,17,29.313583333333337,37.31358333333334,10.0956,4365.82,0.758885,0.246419528694974,47.6150277260319,LOW_PRIORITY,32.5,HZ around this star is not especially accessible for a small-world campaign.,0.18849939123089426,0.7694265538811543,0.4341651658423258,119.12121198375569,1
437736948,TIC 437736948,17,1,17,21.32197,29.32197,10.9226,4889.0,0.791263,2.49155863285992,29.4906333095257,LOW_PRIORITY,32.5,HZ around this star is not especially accessible for a small-world campaign.,0.32226754891886344,0.8005801455765369,0.5676861359227152,174.60241603061664,1
202710312,TIC 202710312,17,1,17,23.44086,31.44086,10.7717,4743.47,0.761009,7.78017647821433,49.40347585175,LOW_PRIORITY,32.5,HZ around this star is not especially accessible for a small-world campaign.,0.26415505693068597,0.7714722398192989,0.5139601705683875,153.2231088584743,1
257524191,TIC 257524191,42,1,42,23.018206666666664,31.018206666666664,10.7712,4764.0,0.786366,1.0525171414142,2.62597012856759,LOW_PRIORITY,32.5,HZ around this star is not especially accessible for a small-world campaign.,0.28696648420027493,0.7958724865273604,0.5356925276688811,160.52469804702224,1
363902263,TIC 363902263,17,1,17,23.06088,31.06088,10.3702,4943.0,0.793332,6.43960452783442,40.3589372550921,LOW_PRIORITY,32.5,HZ around this star is not especially accessible for a small-world campaign.,0.33850656593659717,0.8025687101043033,0.5818131709892765,180.93577104246828,1
177701859,TIC 177701859,17,1,17,22.704163333333327,30.704163333333327,10.7851,4752.85,0.821502,0.0795352944198095,43.2120087861592,LOW_PRIORITY,32.5,HZ around this star is not especially accessible for a small-world campaign.,0.3102618610380719,0.8296180526879635,0.5570115447978362,166.70453811660732,1
282723287,TIC 282723287,17,1,17,23.536826666666663,31.536826666666663,10.4801,4720.92,0.886844,1.9290203836184,29.5986477473913,LOW_PRIORITY,32.5,HZ around this star is not especially accessible for a small-world campaign.,0.3519619689568126,0.8921849038447359,0.5932638274467883,176.69920407894682,1
44526065,TIC 44526065,17,1,17,26.618686666666665,34.61868666666666,10.4284,4518.0,0.768438,7.60066034049231,34.7165603147213,LOW_PRIORITY,32.5,HZ around this star is not especially accessible for a small-world campaign.,0.2216650803657098,0.7786250851053028,0.4708132117578157,133.72080762886557,1
466437764,TIC 466437764,42,1,42,22.67057,30.67057,10.6933,4820.0,0.805623,6.51795189362565,6.84427617219937,LOW_PRIORITY,32.5,HZ around this star is not especially accessible for a small-world campaign.,0.315606963141058,0.8143765576227321,0.5617890735329925,170.42665693142902,1
365963481,TIC 365963481,17,1,17,22.69226333333333,30.69226333333333,10.7326,4765.6,0.833067,4.02127897856329,31.2264823097241,LOW_PRIORITY,32.5,HZ around this star is not especially accessible for a small-world campaign.,0.32249643725747557,0.8407094607511458,0.5678876977514794,170.47509775250677,1
357394373,TIC 357394373,84,1,84,22.322470000000003,30.322470000000003,10.6603,4925.0,0.766133,2.68661225157459,15.4370190859133,LOW_PRIORITY,32.5,HZ around this star is not especially accessible for a small-world campaign.,0.31112004164132384,0.7764061393065508,0.5577813564841728,172.67987888807758,1
432485571,TIC 432485571,17,1,17,21.414836666666663,29.414836666666663,10.8691,4920.0,0.777543,0.137458919445488,41.6389652354821,LOW_PRIORITY,32.5,HZ around this star is not especially accessible for a small-world campaign.,0.3191566906244012,0.7873869182689197,0.5649395459908974,174.7829607882439,1
58033985,TIC 58033985,17,1,17,21.358006666666665,29.358006666666665,10.6646,4870.89,0.905951,5.89974171684476,35.3308209152303,LOW_PRIORITY,32.5,HZ around this star is not especially accessible for a small-world campaign.,0.41623386863421324,0.9104361073961971,0.6451618933525237,198.36660001183674,1
373062137,TIC 373062137,18,10,"18,19,24,25,58,59,78,79,85,86",13.63609,93.63609,10.4682,5876.0,0.919111,0.438759432731815,74.4120817577702,LOW_PRIORITY,32.0,HZ around this star is not especially accessible for a small-world campaign.,0.9073143640216533,0.9229954616592724,0.9525305055596137,353.43437087226016,10
388634757,TIC 388634757,18,4,"18,19,24,25",15.602756666666668,47.60275666666666,10.8631,5583.0,0.808651,1.91118927286133,78.2026599914885,LOW_PRIORITY,31.25,HZ around this star is not especially accessible for a small-world campaign.,0.5723839898466909,0.8172841406609314,0.7565606319698976,265.86997641307136,4
388633951,TIC 388633951,18,4,"18,19,25,26",18.008689999999998,50.00869,10.5082,5435.0,0.833351,1.05603091986849,82.4096590573662,LOW_PRIORITY,31.25,HZ around this star is not especially accessible for a small-world campaign.,0.5459449156627963,0.8409817335450362,0.7388808534958775,252.96390831535257,4
303205354,TIC 303205354,42,3,"42,43,57",20.525416666666665,44.525416666666665,10.7652,5064.0,0.788045,5.2744044871592,15.2653745789561,LOW_PRIORITY,31.25,HZ around this star is not especially accessible for a small-world campaign.,0.3679353658226455,0.7974867331995206,0.6065767600416665,193.22225297234516,3
191082907,TIC 191082907,17,3,"17,57,84",17.270966666666663,41.270966666666666,10.5439,5526.0,0.81701,7.69210153585239,45.3179022688854,LOW_PRIORITY,31.25,HZ around this star is not especially accessible for a small-world campaign.,0.5607805949902946,0.8253079025356366,0.748852852695571,260.5415278704059,3
201505695,TIC 201505695,57,3,"57,84,85",19.13753333333333,43.13753333333333,10.4695,5323.0,0.82928,0.549472704378781,53.5546805212172,LOW_PRIORITY,31.25,HZ around this star is not especially accessible for a small-world campaign.,0.4974196733784392,0.8370783930556885,0.7052798546523494,236.45547653475404,3
468295719,TIC 468295719,19,3,"19,25,26",18.205046666666664,42.20504666666666,10.7842,5259.0,0.849982,6.94262930021716,83.2283200345905,LOW_PRIORITY,31.25,HZ around this star is not especially accessible for a small-world campaign.,0.4978824880353118,0.8569179543203087,0.7056078854684886,233.86527527646305,3
373278642,TIC 373278642,18,4,"18,19,24,25",19.12764666666667,51.12764666666667,10.9051,5163.0,0.789362,1.9943579653179,77.8378643329784,LOW_PRIORITY,31.25,HZ around this star is not especially accessible for a small-world campaign.,0.39889228955205897,0.7987528206221131,0.6315792029128722,205.12838152816596,4
150902694,TIC 150902694,57,1,57,18.905726666666663,26.905726666666663,10.7461,5343.78,0.724504,4.29357420010016,20.7613540199181,LOW_PRIORITY,30.75,HZ around this star is not especially accessible for a small-world campaign.,0.3856297814671917,0.7362727855511149,0.6209909672991965,208.30455905022257,1
395317117,TIC 395317117,83,1,83,20.06646333333333,28.06646333333333,10.98,5065.15,0.747062,0.755407203838633,15.1967344795258,LOW_PRIORITY,30.75,HZ around this star is not especially accessible for a small-world campaign.,0.3309613254929328,0.7580342241990898,0.5752923826133393,183.0538018109484,1
336767129,TIC 336767129,57,1,57,18.271686666666668,26.271686666666668,10.8188,5382.0,0.726978,7.29921027411689,17.1432978293891,LOW_PRIORITY,30.75,HZ around this star is not especially accessible for a small-world campaign.,0.39949561864326694,0.7386610599799116,0.6320566577794011,213.55101387090852,1
51941732,TIC 51941732,57,1,57,20.168806666666672,28.168806666666672,10.8326,5280.48,0.616346,3.28543465514966,17.2098239022762,LOW_PRIORITY,30.75,HZ around this star is not especially accessible for a small-world campaign.,0.26609547059367894,0.6314418362292202,0.5158444247965456,170.2949070525444,1
306069926,TIC 306069926,17,1,17,21.25560333333333,29.25560333333333,10.1651,5439.1,0.642483,4.1994457252441,29.0846190469042,LOW_PRIORITY,30.75,HZ around this star is not especially accessible for a small-world campaign.,0.3254813930936856,0.6568535610859187,0.5705097659932612,194.20060110871472,1
201525713,TIC 201525713,17,1,17,21.64473,29.64473,10.7497,5006.0,0.730647,0.9654208877545,51.4672539150698,LOW_PRIORITY,30.75,HZ around this star is not especially accessible for a small-world campaign.,0.3020461485195399,0.7422021792158152,0.5495872528721348,172.73648929719337,1
432552782,TIC 432552782,17,1,17,21.86352,29.86352,10.5058,5147.87,0.688103,0.407321349047437,41.2516613936015,LOW_PRIORITY,30.75,HZ around this star is not especially accessible for a small-world campaign.,0.2995793658648863,0.7010851669596858,0.5473384381394077,176.63987881633827,1
437745775,TIC 437745775,17,1,17,20.095239999999997,28.095239999999997,10.537,5310.14,0.717226,3.573201,27.946124,LOW_PRIORITY,30.75,HZ around this star is not especially accessible for a small-world campaign.,0.3684941899399951,0.7292446026280467,0.6070372228619881,202.29101636480038,1
80433876,TIC 80433876,17,1,17,19.83588333333333,27.83588333333333,10.8683,5183.11,0.7165,4.9210013115966,28.1796624967759,LOW_PRIORITY,30.75,HZ around this star is not especially accessible for a small-world campaign.,0.3338018991700767,0.7285433275281967,0.5777559166032631,187.92265282428454,1
336689933,TIC 336689933,57,1,57,20.01116,28.01116,10.641,5279.0,0.709984,6.39299004650843,17.8633167950735,LOW_PRIORITY,30.75,HZ around this star is not especially accessible for a small-world campaign.,0.3526943330861092,0.7222476436230801,0.5938807397837627,196.6962223150351,1
440001879,TIC 440001879,17,1,17,18.9366,26.9366,10.7785,5354.0,0.69994,2.56927954705961,44.835824347106,LOW_PRIORITY,30.75,HZ around this star is not especially accessible for a small-world campaign.,0.36268517517375876,0.7125375768415854,0.6022334889175117,202.22446326337257,1
407337776,TIC 407337776,17,1,17,21.43055333333333,29.43055333333333,10.2118,5353.39,0.677733,1.62907594654354,32.2972295940652,LOW_PRIORITY,30.75,HZ around this star is not especially accessible for a small-world campaign.,0.33988148656099704,0.6910440008237705,0.5829935561916589,195.58385678753592,1
306120256,TIC 306120256,17,1,17,22.561106666666667,30.561106666666667,10.4533,5108.4,0.672236,4.42701009974992,26.511396263708,LOW_PRIORITY,30.75,HZ around this star is not especially accessible for a small-world campaign.,0.27725400473703904,0.6857182025169122,0.5265491475038575,168.5294317938529,1
429032523,TIC 429032523,70,1,70,22.34072,30.34072,10.08,5241.08,0.733028,1.32903481312965,3.49688991739741,LOW_PRIORITY,30.75,HZ around this star is not especially accessible for a small-world campaign.,0.36527419616012835,0.7444997149657312,0.6043791824344452,198.89423811445988,1
194352365,TIC 194352365,17,1,17,22.397396666666666,30.397396666666666,10.3206,5149.44,0.707487,2.6311487425816,38.9622297729362,LOW_PRIORITY,30.75,HZ around this star is not especially accessible for a small-world campaign.,0.3170820428197413,0.7198343067410131,0.5631003843185878,181.90837309931624,1
301787905,TIC 301787905,57,1,57,21.42921333333333,29.42921333333333,10.4281,5201.95,0.717547,1.74485053627297,19.8006262982141,LOW_PRIORITY,30.75,HZ around this star is not especially accessible for a small-world campaign.,0.33967228324285165,0.7295546592262864,0.5828141069353517,190.26389790055381,1
611502000,TIC 611502000,17,1,17,22.30059,30.30059,10.274,5138.0,0.745341,6.34514096651566,20.5916827864928,LOW_PRIORITY,30.75,HZ around this star is not especially accessible for a small-world campaign.,0.34880374042780377,0.7563751657951734,0.5905960890725604,190.6151627103533,1
432484912,TIC 432484912,17,1,17,22.87844,30.87844,10.2815,5135.21,0.686881,0.0284714090246564,36.2830779240335,LOW_PRIORITY,30.75,HZ around this star is not especially accessible for a small-world campaign.,0.2955905534825761,0.6999023121728117,0.5436824012993028,175.0207028371954,1
80436401,TIC 80436401,17,1,17,20.894716666666667,28.894716666666667,10.9424,5031.0,0.707735,5.11741343736789,24.4423950379199,LOW_PRIORITY,30.75,HZ around this star is not especially accessible for a small-world campaign.,0.2891034848531616,0.7200740164129047,0.5376834429784514,169.70383226224314,1
194140684,TIC 194140684,17,2,"17,57",25.17887,41.17887,9.4677,5069.0,0.837533,0.752035896115703,41.1831743541329,LOW_PRIORITY,30.5,HZ around this star is not especially accessible for a small-world campaign.,0.4172417237640633,0.8449905100311356,0.6459425080950032,206.27904261194655,2
401427741,TIC 401427741,42,2,"42,43",25.013569999999994,41.01357,9.2535,5192.0,0.837243,5.31280939431168,7.28836007970973,LOW_PRIORITY,30.5,HZ around this star is not especially accessible for a small-world campaign.,0.45891948321824777,0.8447125545345548,0.677435962448295,221.58385923931647,2
194529345,TIC 194529345,17,2,"17,57",25.13417666666667,41.13417666666667,9.4946,5051.19,0.846084,4.8814384233078,41.6191214023454,LOW_PRIORITY,30.5,HZ around this star is not especially accessible for a small-world campaign.,0.41985225880943816,0.8531842078718131,0.6479600750119086,206.2486863142732,2
405212578,TIC 405212578,42,2,"42,43",22.78139,38.78139,9.7643,5208.38,0.842491,4.23955818635155,6.55150372959915,LOW_PRIORITY,30.5,HZ around this star is not especially accessible for a small-world campaign.,0.4705826389867926,0.8497418475936178,0.6859902615830582,225.124959107076,2
411524787,TIC 411524787,17,2,"17,57",22.59209666666667,38.59209666666667,9.42,5415.36,0.826657,6.14118111874738,22.8854388738911,LOW_PRIORITY,30.5,HZ around this star is not especially accessible for a small-world campaign.,0.5294863110285742,0.8345629110516568,0.7276581003662188,248.17140359115345,2
411527645,TIC 411527645,17,2,"17,57",21.177016666666663,37.17701666666666,9.958,5361.3,0.798015,6.39991499214664,22.926155864446,LOW_PRIORITY,30.5,HZ around this star is not especially accessible for a small-world campaign.,0.47402064607062633,0.8070686949504484,0.6884915729844675,232.26454333108845,2
127430832,TIC 127430832,17,2,"17,57",21.8266,37.8266,9.763,5381.0,0.79464,6.69327605020832,41.3736566350748,LOW_PRIORITY,30.5,HZ around this star is not especially accessible for a small-world campaign.,0.47696611146353657,0.8038257258263073,0.6906273318248681,233.81637145441877,2
58018570,TIC 58018570,17,2,"17,57",20.720006666666663,36.72000666666666,9.98834,5395.65,0.802955,5.59317050955633,33.3527063262088,LOW_PRIORITY,30.5,HZ around this star is not especially accessible for a small-world campaign.,0.49232535862280674,0.8118142053610631,0.7016590045191515,238.25995521866082,2
408230206,TIC 408230206,42,2,"42,43",20.77733666666667,36.77733666666667,9.5445,5472.0,0.911133,7.42650180389744,12.934271202406,LOW_PRIORITY,30.5,HZ around this star is not especially accessible for a small-world campaign.,0.6705676809810058,0.915382673240696,0.818881970115966,282.89211614252395,2
293405902,TIC 293405902,42,2,"42,43",19.997526666666666,35.997526666666666,9.711,5572.71,0.838589,5.6525368661899,1.14641799962381,LOW_PRIORITY,30.5,HZ around this star is not especially accessible for a small-world campaign.,0.6110247556642946,0.8460026107736087,0.7816807248898329,274.4406741602704,2
257193333,TIC 257193333,42,2,"42,43",20.08978333333333,36.08978333333333,9.96014,5357.62,0.908949,6.43293784654844,2.3221079832876,LOW_PRIORITY,30.5,HZ around this star is not especially accessible for a small-world campaign.,0.6132836283046592,0.9132980710163267,0.7831242738573867,264.8682992460446,2
194327926,TIC 194327926,17,2,"17,57",19.823260000000005,35.823260000000005,9.94428,5468.69,0.849387,2.41917450923024,38.0371592196248,LOW_PRIORITY,30.5,HZ around this star is not especially accessible for a small-world campaign.,0.5813519745462588,0.8563480818377597,0.7624644087078811,262.78128008138964,2
437737143,TIC 437737143,17,2,"17,57",19.95412333333333,35.95412333333333,9.7175,5573.35,0.839796,2.86607545079393,29.8189679247844,LOW_PRIORITY,30.5,HZ around this star is not especially accessible for a small-world campaign.,0.6130664954057518,0.8471593562176413,0.782985629118282,274.9402703952896,2
405305758,TIC 405305758,42,4,"42,43,70,83",25.00303,57.00303,8.0181,5804.0,0.822457,2.90605232770779,10.3283329534482,LOW_PRIORITY,30.5,HZ around this star is not especially accessible for a small-world campaign.,0.6915613730922472,0.8305342392737611,0.8316016913716849,303.93764908735153,4
194302749,TIC 194302749,17,2,"17,57",19.03565666666666,35.03565666666666,9.88787,5530.77,0.898978,2.07423073114365,36.1563212333738,LOW_PRIORITY,30.5,HZ around this star is not especially accessible for a small-world campaign.,0.6812950470050646,0.9037776776648181,0.825405989198688,288.111665546847,2
202084725,TIC 202084725,17,1,17,27.158766666666665,35.158766666666665,8.746,4893.0,1.07489,4.05357725506136,51.5061489529097,LOW_PRIORITY,30.0,HZ around this star is not especially accessible for a small-world campaign.,0.5966554589387932,1.0710156610892525,0.7724347603123471,239.59901467272957,1
468258381,TIC 468258381,18,5,"18,19,24,25,26",20.04533333333333,60.04533333333333,9.7799,5299.0,1.03434,4.94911295996677,79.9713267971556,LOW_PRIORITY,29.5,HZ around this star is not especially accessible for a small-world campaign.,0.7599710144593155,1.032595323965906,0.8717631642019038,292.56537007389534,5
388637626,TIC 388637626,18,6,"18,19,25,26,52,53",14.69719333333333,62.69719333333333,10.396,5830.0,0.880214,2.04479520537834,82.8659803885828,LOW_PRIORITY,29.0,HZ around this star is not especially accessible for a small-world campaign.,0.806390630458095,0.8858472845575417,0.8979925559034969,330.2325668412787,6
369730972,TIC 369730972,57,6,"57,58,77,78,84,85",23.256116666666664,71.25611666666666,7.9301,5686.83,1.12999,3.73585148460554,58.7821288252751,LOW_PRIORITY,28.75,HZ around this star is not especially accessible for a small-world campaign.,1.2031641800123078,1.1231063174376774,1.096888408185768,395.93460392826785,6
407496268,TIC 407496268,18,4,"18,19,24,25",22.80748333333333,54.80748333333333,8.9701,5407.0,0.992045,7.12997002794478,73.3679248102223,LOW_PRIORITY,28.75,HZ around this star is not especially accessible for a small-world campaign.,0.7578494395031661,0.9924412428501794,0.8705454838795995,297.8002259639221,4
326682209,TIC 326682209,57,6,"57,58,77,78,84,85",23.39043333333333,71.39043333333333,7.2731,5965.0,1.14755,1.9670231497224,55.5770423444705,LOW_PRIORITY,28.75,HZ around this star is not especially accessible for a small-world campaign.,1.5020339083138445,1.1396802871888305,1.2255749297019112,464.20360525485455,6
347304330,TIC 347304330,57,6,"57,58,77,78,84,85",24.92213333333333,72.92213333333333,7.6466,5810.62,0.97363,1.42362806353121,58.3132590674968,LOW_PRIORITY,28.75,HZ around this star is not especially accessible for a small-world campaign.,0.973581926244397,0.9749318302778417,0.986702552061358,362.5621611706813,6
468348364,TIC 468348364,42,2,"42,43",17.482703333333333,33.48270333333333,10.7281,5398.0,0.828823,7.41738866403988,10.7052894209317,LOW_PRIORITY,28.25,HZ around this star is not especially accessible for a small-world campaign.,0.5254722909098015,0.836640154352091,0.7248946757355867,246.45250522944016,2
352146741,TIC 352146741,17,1,17,25.44673333333333,33.44673333333333,8.1477,5569.0,0.92208,0.515460883155613,37.1144432850526,LOW_PRIORITY,28.25,HZ around this star is not especially accessible for a small-world campaign.,0.7367850182358184,0.9258277037351056,0.8583618224477475,301.8774885879321,1
51943533,TIC 51943533,42,2,"42,43",17.39951,33.39951,10.9366,5273.0,0.857909,3.37538171102062,13.4100260358909,LOW_PRIORITY,28.25,HZ around this star is not especially accessible for a small-world campaign.,0.5126349872454804,0.8645082909578344,0.7159853261383786,237.991707986755,2
468336149,TIC 468336149,42,2,"42,43",16.726646666666667,32.72664666666667,10.3969,5593.53,0.873967,5.92367176525055,9.73898587084901,LOW_PRIORITY,28.25,HZ around this star is not especially accessible for a small-world campaign.,0.6736412391143761,0.8798735910143212,0.8207565041559989,289.5353416668081,2
201654326,TIC 201654326,57,1,57,25.761416666666666,33.76141666666666,8.6259,5367.0,0.867665,1.77190889551416,50.0754791417457,LOW_PRIORITY,28.25,HZ around this star is not especially accessible for a small-world campaign.,0.5627626289784522,0.8738451400334717,0.7501750655536694,253.87323924930016,1
403024405,TIC 403024405,42,2,"42,43",19.21243,35.21243,10.1089,5411.0,0.892697,1.6018663796398,6.61566492621813,LOW_PRIORITY,28.25,HZ around this star is not especially accessible for a small-world campaign.,0.615478655793758,0.8977778195055744,0.7845244774981581,267.8647317860078,2
405191093,TIC 405191093,42,2,"42,43",19.27161666666667,35.271616666666674,10.0869,5465.19,0.85042,3.68319420752688,10.4019524453541,LOW_PRIORITY,28.25,HZ around this star is not especially accessible for a small-world campaign.,0.5812764134987783,0.857337444342622,0.7624148565569655,262.604010446633,2
22469621,TIC 22469621,17,1,17,26.00205666666666,34.00205666666666,8.6293,5373.0,0.837241,2.31156747259075,32.476463139628,LOW_PRIORITY,28.25,HZ around this star is not especially accessible for a small-world campaign.,0.5263359666112376,0.8447106375833837,0.7254901561091216,245.5746473081209,1
257193673,TIC 257193673,42,2,"42,43",19.435286666666663,35.43528666666667,10.3985,5346.0,0.808738,6.43703649977135,4.17001213505356,LOW_PRIORITY,28.25,HZ around this star is not especially accessible for a small-world campaign.,0.48131148776421395,0.8173676728058857,0.6937661621643232,233.45391775921217,2
238304232,TIC 238304232,57,1,57,27.316016666666663,35.31601666666666,8.6255,5085.0,0.947365,1.09242607368729,19.2023043998311,LOW_PRIORITY,28.25,HZ around this star is not especially accessible for a small-world campaign.,0.540621372891883,0.9499297060388684,0.7352695919809842,236.27316469824794,1
293359889,TIC 293359889,42,2,"42,43",19.70072333333333,35.70072333333333,10.5435,5224.0,0.825861,4.98856153853712,4.3165345428432,LOW_PRIORITY,28.25,HZ around this star is not especially accessible for a small-world campaign.,0.4576371779314273,0.8337994605870042,0.6764888601680202,222.56168147768875,2
51987617,TIC 51987617,42,2,"42,43",19.671416666666666,35.67141666666666,10.5852,5268.0,0.775445,3.55678167486559,14.5106003676522,LOW_PRIORITY,28.25,HZ around this star is not especially accessible for a small-world campaign.,0.41723408079125807,0.7853684487714235,0.6459365919277666,213.96282888824933,2
440170146,TIC 440170146,17,1,17,27.49004,35.49003999999999,8.9275,5126.0,0.774996,5.86723027769371,43.2545865396352,LOW_PRIORITY,28.25,HZ around this star is not especially accessible for a small-world campaign.,0.37360100830427534,0.7849364339127255,0.611229096414982,197.00579913058834,1
117929446,TIC 117929446,57,1,57,27.491426666666666,35.49142666666666,8.8397,5148.0,0.791644,0.252424732418509,27.8863309497249,LOW_PRIORITY,28.25,HZ around this star is not especially accessible for a small-world campaign.,0.3965598232207905,0.8009463531410383,0.6297299605551497,203.94827889042676,1
401422464,TIC 401422464,42,2,"42,43",19.52325,35.52325,10.4603,5162.0,0.928555,4.85469865712918,8.36513295891119,LOW_PRIORITY,28.25,HZ around this star is not especially accessible for a small-world campaign.,0.5515463017979951,0.9320028732760991,0.7426616334495778,242.14086063300834,2
293361513,TIC 293361513,42,2,"42,43",20.286786666666664,36.28678666666666,10.1767,5388.0,0.777308,5.21285990117733,0.614436550692145,LOW_PRIORITY,28.25,HZ around this star is not especially accessible for a small-world campaign.,0.45876611554415736,0.7871608401512555,0.6773227558145063,229.4837744664865,2
44453403,TIC 44453403,17,1,17,23.49447,31.49447,8.6956,5528.0,0.932313,6.8217160199146,30.687633540797,LOW_PRIORITY,28.25,HZ around this star is not especially accessible for a small-world campaign.,0.7312911669626896,0.9355858675817044,0.8551556390287616,298.61811103501884,1
293360401,TIC 293360401,42,2,"42,43",20.83821,36.83821,10.3337,5174.0,0.837699,5.21279069678823,5.54903483033122,LOW_PRIORITY,28.25,HZ around this star is not especially accessible for a small-world campaign.,0.453081575326898,0.8451496134255038,0.673113345081568,219.40965139651922,2
440657189,TIC 440657189,17,2,"17,57",21.224063333333337,37.22406333333333,10.3769,5041.3,0.892417,6.86495158445553,26.8369400186141,LOW_PRIORITY,28.25,HZ around this star is not especially accessible for a small-world campaign.,0.46344750601337237,0.8975103034583695,0.6807697892925129,216.5563461353922,2
301744056,TIC 301744056,57,1,57,27.30327333333333,35.30327333333333,8.422,5383.0,0.781706,1.37021009103257,22.2244948308075,LOW_PRIORITY,28.25,HZ around this star is not especially accessible for a small-world campaign.,0.46225234221318623,0.7913913027475261,0.6798914194290043,230.1727615698005,1
407572447,TIC 407572447,19,2,"19,52",15.456519999999998,31.45652,10.9312,5498.0,0.866868,3.06713695283617,83.8023221206866,LOW_PRIORITY,28.25,HZ around this star is not especially accessible for a small-world campaign.,0.6186137876351891,0.8730825795448821,0.7865200490993152,272.6636597669577,2
408506342,TIC 408506342,42,2,"42,43",16.049796666666662,32.049796666666666,10.9196,5430.0,0.868847,3.21110656822494,7.87831681454754,LOW_PRIORITY,28.25,HZ around this star is not especially accessible for a small-world campaign.,0.5912629154020894,0.8749759996459109,0.7689362232344692,263.2859200745606,2
401424336,TIC 401424336,42,2,"42,43",20.361336666666663,36.361336666666666,10.7706,5003.04,0.853093,4.96637452019756,6.28883482597971,LOW_PRIORITY,28.25,HZ around this star is not especially accessible for a small-world campaign.,0.41079331512635076,0.8598972488566523,0.6409315994131907,202.10844963118353,2
401422478,TIC 401422478,42,2,"42,43",20.726,36.726,10.285,5275.22,0.78405,4.7911334704173,8.45058934469862,LOW_PRIORITY,28.25,HZ around this star is not especially accessible for a small-world campaign.,0.42888863091965485,0.793645523879436,0.6548958931919293,217.2877983631191,2
293344422,TIC 293344422,42,2,"42,43",18.881753333333336,34.881753333333336,10.1228,5488.0,0.856038,4.89537658361053,5.24780052491414,LOW_PRIORITY,28.25,HZ around this star is not especially accessible for a small-world campaign.,0.5988764128807363,0.8627170705538667,0.7738710570119135,267.7065117626976,2
373144098,TIC 373144098,18,4,"18,19,24,25",15.862839999999997,47.86283999999999,9.77818,5906.0,0.947444,1.0821669236096,74.8438807511683,LOW_PRIORITY,28.25,HZ around this star is not especially accessible for a small-world campaign.,0.9839557782833279,0.9500049590573116,0.9919454512639936,370.21923049414215,4
405271829,TIC 405271829,42,2,"42,43",18.64897,34.648970000000006,10.7945,5273.0,0.789803,1.15647039694068,11.2659534726865,LOW_PRIORITY,28.25,HZ around this star is not especially accessible for a small-world campaign.,0.43447356122301045,0.7991767488340609,0.6591460848878725,218.6458908797438,2
408506386,TIC 408506386,42,2,"42,43",18.709903333333333,34.70990333333333,10.5212,5437.0,0.756363,3.19780425102821,8.11297097225319,LOW_PRIORITY,28.25,HZ around this star is not especially accessible for a small-world campaign.,0.45039399735281377,0.7669971707483171,0.6711139972857173,229.29141212575348,2
405187462,TIC 405187462,42,2,"42,43",22.98719,38.98719,10.3407,5018.0,0.750001,2.18456274248887,7.74100520923797,LOW_PRIORITY,28.25,HZ around this star is not especially accessible for a small-world campaign.,0.3213224155541183,0.7608670032493331,0.5668530811013717,178.70702161225634,2
380152794,TIC 380152794,57,1,57,26.2683,34.2683,8.8048,5246.0,0.84625,0.0219815854370886,20.0361180574345,LOW_PRIORITY,28.25,HZ around this star is not especially accessible for a small-world campaign.,0.48865823128974895,0.8533432304862103,0.6990409367767735,231.09059183899112,1
466440318,TIC 466440318,42,2,"42,43",18.34948,34.34948,10.3355,5438.0,0.865852,6.83426772814754,6.77274588883454,LOW_PRIORITY,28.25,HZ around this star is not especially accessible for a small-world campaign.,0.590661756028759,0.8721104315272513,0.7685452205490312,263.5169912082102,2
127502123,TIC 127502123,17,1,17,25.809996666666667,33.80999666666666,8.9611,5305.08,0.780327,6.74884969128183,37.2830810700199,LOW_PRIORITY,28.25,HZ around this star is not especially accessible for a small-world campaign.,0.4345259604679953,0.7900649627578439,0.6591858315133869,219.9229839923369,1
38398342,TIC 38398342,42,2,"42,43",18.475996666666664,34.47599666666666,10.4349,5319.0,0.912607,3.83919618120673,4.79886911031191,LOW_PRIORITY,28.25,HZ around this star is not especially accessible for a small-world campaign.,0.6005957613256213,0.9167894476028776,0.7749811361095322,260.2508273496718,2
440169817,TIC 440169817,17,1,17,26.950243333333333,34.95024333333333,8.0104,5512.0,0.874149,5.91374427736699,43.64748583567,LOW_PRIORITY,28.25,HZ around this star is not especially accessible for a small-world campaign.,0.6354808621652779,0.880047658630069,0.7971705351838325,277.1175212878812,1
336724913,TIC 336724913,42,2,"42,43",18.58855,34.58855,10.2806,5447.0,0.856405,6.60845320910236,13.7620336031435,LOW_PRIORITY,28.25,HZ around this star is not especially accessible for a small-world campaign.,0.5816779483131084,0.8630684370624913,0.7626781420187079,261.8662669905529,2
194387851,TIC 194387851,17,1,17,28.774276666666665,36.774276666666665,9.4053,4516.17,0.963644,3.38963597799177,41.5138352519344,LOW_PRIORITY,27.75,HZ around this star is not especially accessible for a small-world campaign.,0.34802390815695905,0.9654300011703966,0.5899355118629146,168.43666698839715,1
418759634,TIC 418759634,42,2,"42,43",22.456756666666667,38.45675666666666,8.7705,5634.0,0.917791,2.46373507564702,8.45330303687204,LOW_PRIORITY,27.5,HZ around this star is not especially accessible for a small-world campaign.,0.7646270716278797,0.9217361166109389,0.8744295692780978,311.0814931023787,2
418759763,TIC 418759763,42,2,"42,43",19.37616333333333,35.37616333333334,8.9605,5890.0,0.936517,2.49773566839712,9.20016227062045,LOW_PRIORITY,27.5,HZ around this star is not especially accessible for a small-world campaign.,0.9510146781431721,0.9395932366512121,0.9751998144704357,362.87804956384593,2
418759631,TIC 418759631,42,2,"42,43",22.07006,38.07006,8.7477,5728.25,0.887039,2.46520404479673,8.4531667187715,LOW_PRIORITY,27.5,HZ around this star is not especially accessible for a small-world campaign.,0.7632520769109998,0.8923712684646405,0.8736429916796676,315.7318768177406,2
388605264,TIC 388605264,18,6,"18,19,24,25,26,52",17.656473333333327,65.65647333333332,8.88479,5854.0,1.16877,1.46362902903773,78.738514728122,LOW_PRIORITY,26.5,HZ around this star is not especially accessible for a small-world campaign.,1.4453189400684165,1.1596918439798851,1.2022141822771917,447.08664133588854,6
440158736,TIC 440158736,17,1,17,22.87866333333333,30.87866333333333,9.7863,5248.0,0.790947,5.56032094683083,44.3013466961075,LOW_PRIORITY,26.0,HZ around this star is not especially accessible for a small-world campaign.,0.4275282155129783,0.8002764076796012,0.6538564181171416,215.8707518746215,1
194362684,TIC 194362684,17,1,17,24.093993333333337,32.09399333333334,9.7876,5047.0,0.836394,3.13067662264512,39.1590021732536,LOW_PRIORITY,26.0,HZ around this star is not especially accessible for a small-world campaign.,0.40893072888083726,0.8438987881743153,0.6394769181767527,203.3210542597748,1
58733335,TIC 58733335,42,1,42,20.82624333333333,28.82624333333333,9.497,5476.0,0.921909,3.39666360447735,0.471251876869157,LOW_PRIORITY,26.0,HZ around this star is not especially accessible for a small-world campaign.,0.6885327109407514,0.9256645927167413,0.8297787120315581,286.9503982503182,1
437738447,TIC 437738447,57,1,57,19.67982333333333,27.67982333333333,9.74594,5474.8,0.937975,2.90905722211743,25.7620218882104,LOW_PRIORITY,26.0,HZ around this star is not especially accessible for a small-world campaign.,0.7121152250040417,0.940982832319984,0.8438691989900103,291.88520213916877,1
58721113,TIC 58721113,70,1,70,21.06303,29.06303,9.9829,5393.0,0.773037,3.14691913294714,1.80444739017833,LOW_PRIORITY,26.0,HZ around this star is not especially accessible for a small-world campaign.,0.4554250909379736,0.7830513940594891,0.6748519029668462,228.82728424720614,1
408506012,TIC 408506012,42,1,42,20.57326,28.57326,9.91497,5374.94,0.864236,0.497162456995251,6.20102089569741,LOW_PRIORITY,26.0,HZ around this star is not especially accessible for a small-world campaign.,0.5616346566250875,0.8705640628109966,0.7494228823735551,253.96874977481377,1
365935012,TIC 365935012,17,1,17,19.931196666666665,27.931196666666665,9.968,5527.35,0.780222,3.511372,35.056103,LOW_PRIORITY,26.0,HZ around this star is not especially accessible for a small-world campaign.,0.5119162983418036,0.7899639676043262,0.7154832620975865,248.7057356066135,1
194504181,TIC 194504181,17,1,17,21.135230000000004,29.135230000000004,9.4049,5465.12,0.936917,4.56915304459182,37.731649928389,LOW_PRIORITY,26.0,HZ around this star is not especially accessible for a small-world campaign.,0.7054979531791781,0.9399744807909501,0.8399392556483939,290.00401567088164,1
115550766,TIC 115550766,17,1,17,22.579080000000005,30.579080000000005,9.9516,5115.83,0.864927,7.99705416318014,37.5336228945726,LOW_PRIORITY,26.0,HZ around this star is not especially accessible for a small-world campaign.,0.4616555241756513,0.8712253062202269,0.6794523707925754,219.1611200357187,1
293223917,TIC 293223917,70,1,70,18.48286333333333,26.48286333333333,9.9487,5569.0,0.898067,1.61606071052016,1.92137106610819,LOW_PRIORITY,26.0,HZ around this star is not especially accessible for a small-world campaign.,0.6989096846170291,0.9029075849439433,0.836008184539499,293.822038670573,1
117930174,TIC 117930174,57,1,57,23.86189333333333,31.86189333333333,9.7533,5182.27,0.760599,0.202857461886364,29.852173450972,LOW_PRIORITY,26.0,HZ around this star is not especially accessible for a small-world campaign.,0.3759121437039132,0.7710773791994641,0.6131167455745383,199.6898588785115,1
407117158,TIC 407117158,52,1,52,22.021416666666667,30.021416666666667,9.3318,5436.0,0.901805,5.40144744672888,69.8638115524829,LOW_PRIORITY,26.0,HZ around this star is not especially accessible for a small-world campaign.,0.6397904900118263,0.9064774544202012,0.7998690455392222,274.43535272245657,1
373513128,TIC 373513128,18,4,"18,19,24,25",14.734886666666664,46.73488666666667,10.7911,5742.0,0.791738,4.72079667508063,75.0882038074985,LOW_PRIORITY,26.0,HZ around this star is not especially accessible for a small-world campaign.,0.6139181064755409,0.8010367022083253,0.7835292633179318,283.0393699123531,4
238300343,TIC 238300343,84,1,84,22.222446666666663,30.222446666666663,9.9931,5168.34,0.840232,0.695391044727675,18.7859154928846,LOW_PRIORITY,26.0,HZ around this star is not especially accessible for a small-world campaign.,0.4538344395286674,0.8475771825133214,0.6736723532464929,219.36820592401028,1
357393034,TIC 357393034,84,1,84,22.319836666666664,30.319836666666664,9.3998,5487.0,0.802263,2.60249381478531,15.3134377928009,LOW_PRIORITY,26.0,HZ around this star is not especially accessible for a small-world campaign.,0.5256153956149052,0.811149537776235,0.7249933762558836,250.3460942661993,1
194359035,TIC 194359035,17,1,17,22.78773333333333,30.78773333333333,9.5852,5276.14,0.85703,2.86524542109738,39.3894582752003,LOW_PRIORITY,26.0,HZ around this star is not especially accessible for a small-world campaign.,0.5128047067213634,0.8636667959433538,0.71610383794626,238.1667415518272,1
194460333,TIC 194460333,17,1,17,20.5645,28.5645,9.88158,5390.0,0.865918,4.19472560076376,39.8188686384128,LOW_PRIORITY,26.0,HZ around this star is not especially accessible for a small-world campaign.,0.5701686126604895,0.8721735846063651,0.7550951017325496,256.6204366364892,1
257203178,TIC 257203178,43,1,43,20.13095,28.13095,9.7335,5579.0,0.811005,7.02778478154043,4.11246089058731,LOW_PRIORITY,26.0,HZ around this star is not especially accessible for a small-world campaign.,0.574073129476701,0.8195441510335113,0.757676137592244,266.09055637261883,1
150903670,TIC 150903670,57,1,57,26.082956666666664,34.08295666666666,9.467,5007.0,0.799071,4.39846951765703,18.6766284637476,LOW_PRIORITY,26.0,HZ around this star is not especially accessible for a small-world campaign.,0.3615562013338542,0.8080832429755077,0.6012954359828904,189.44974944972446,1
405266161,TIC 405266161,42,1,42,24.92583,32.92583,9.5838,5018.0,0.858897,0.297738988236378,9.07816872942753,LOW_PRIORITY,26.0,HZ around this star is not especially accessible for a small-world campaign.,0.4214048308017925,0.865454083727872,0.6491570155222791,205.34911771437388,1
437731913,TIC 437731913,17,1,17,23.06626666666666,31.06626666666666,9.5393,5308.77,0.820345,1.74177886330209,28.232045422591,LOW_PRIORITY,26.0,HZ around this star is not especially accessible for a small-world campaign.,0.4815744327062489,0.8285080045012726,0.6939556417425028,231.97406694745254,1
194461161,TIC 194461161,17,1,17,20.74638000000001,28.74638000000001,9.9925,5409.98,0.786712,4.12997787803156,38.3622913108672,LOW_PRIORITY,26.0,HZ around this star is not especially accessible for a small-world campaign.,0.47764902762524747,0.7962051565679484,0.6911215722470595,235.18488408214813,1
439935341,TIC 439935341,17,1,17,20.79061,28.79061,9.6855,5396.0,0.916739,0.884174327326431,43.5093997373684,LOW_PRIORITY,26.0,HZ around this star is not especially accessible for a small-world campaign.,0.6419096275298725,0.9207323919255369,0.8011926282298611,272.978806456861,1
150855033,TIC 150855033,57,1,57,21.539216666666665,29.539216666666665,9.8869,5316.0,0.827985,3.48840831098656,23.4262794388965,LOW_PRIORITY,26.0,HZ around this star is not especially accessible for a small-world campaign.,0.49326413301401606,0.835836525509215,0.7023276536019467,235.14687142937797,1
440076316,TIC 440076316,57,1,57,21.640793333333335,29.640793333333335,9.9247,5339.23,0.783349,4.11665266746298,47.8153278241511,LOW_PRIORITY,26.0,HZ around this star is not especially accessible for a small-world campaign.,0.449282823189193,0.7929714086394238,0.6702856280640314,225.08747099205934,1
373279538,TIC 373279538,18,4,"18,19,24,25",13.01885333333333,45.01885333333333,10.118,6082.0,0.949248,2.3659503763639,76.8961047111167,LOW_PRIORITY,26.0,HZ around this star is not especially accessible for a small-world campaign.,1.1108099342906712,0.951723309745192,1.0539496829975665,405.10228030778336,4
411527411,TIC 411527411,17,1,17,21.68712666666667,29.68712666666667,9.0101,5583.15,0.941289,6.50253187732077,23.7669202686864,LOW_PRIORITY,26.0,HZ around this star is not especially accessible for a small-world campaign.,0.7756358273520255,0.9441409494349452,0.8807018947135435,310.6813641828222,1
293265620,TIC 293265620,42,1,42,24.11990666666667,32.119906666666665,9.2328,5376.63,0.781031,2.13448847592096,4.0649473366095,LOW_PRIORITY,26.0,HZ around this star is not especially accessible for a small-world campaign.,0.45927399745121955,0.7907420936697324,0.6776975707874564,229.15360234568286,1
57957147,TIC 57957147,17,1,17,24.011683333333337,32.01168333333334,9.6718,5079.25,0.86407,4.71272803343016,30.7031740559667,LOW_PRIORITY,26.0,HZ around this star is not especially accessible for a small-world campaign.,0.44770394505499406,0.8704052073455952,0.6691068263401548,214.27557800391025,1
83959472,TIC 83959472,17,1,17,23.293596666666662,31.293596666666662,9.6831,5223.0,0.811567,0.555252893670364,33.5339825229705,LOW_PRIORITY,26.0,HZ around this star is not especially accessible for a small-world campaign.,0.44159441539718236,0.8200836631743709,0.6645257071003215,218.48862106424912,1
352179802,TIC 352179802,17,3,"17,57,84",19.7116,43.7116,7.9383,6149.0,1.09602,4.23732127556483,39.7992277311617,LOW_PRIORITY,25.75,HZ around this star is not especially accessible for a small-world campaign.,1.5472113434791177,1.091007045544574,1.2438695042001462,485.10826908829637,3
83940523,TIC 83940523,17,3,"17,57,84",24.57001333333333,48.570013333333335,7.8954,5704.0,0.998172,0.0169976360306548,34.1885450373917,LOW_PRIORITY,25.75,HZ around this star is not especially accessible for a small-world campaign.,0.9502186368059212,0.9982633205865561,0.97479158634342,351.83199072580305,3
357395017,TIC 357395017,42,3,"42,43,70",19.97363333333333,43.97363333333333,7.9473,6092.62,1.1132,2.66303417450998,12.8202312498444,LOW_PRIORITY,25.75,HZ around this star is not especially accessible for a small-world campaign.,1.5383582069859012,1.1072470650328663,1.2403056909431245,479.46958197511856,3
440064545,TIC 440064545,17,3,"17,57,84",19.6807,43.6807,7.8739,6125.0,1.14487,3.8320886355144,46.8993395083652,LOW_PRIORITY,25.75,HZ around this star is not especially accessible for a small-world campaign.,1.6620015831028783,1.1371515994959183,1.2891864035518208,501.3656965099616,3
320043679,TIC 320043679,57,4,"57,58,84,85",19.4676,51.4676,7.8562,6155.0,1.14826,7.36912801623663,55.3640525162518,LOW_PRIORITY,25.75,HZ around this star is not especially accessible for a small-world campaign.,1.7048548601163158,1.140350151217424,1.3057009076033899,510.3130463196099,4
238305920,TIC 238305920,17,3,"17,57,84",26.143416666666663,50.14341666666667,6.9797,5755.17,1.16447,5.75087101720783,22.3750007670646,LOW_PRIORITY,25.75,HZ around this star is not especially accessible for a small-world campaign.,1.3402442281763391,1.1556382000025474,1.1576891759778785,423.2210294298503,3
405187645,TIC 405187645,42,3,"42,43,70",26.127566666666667,50.12756666666667,7.019,5895.0,1.03381,2.10727337408121,6.61680227296907,LOW_PRIORITY,25.75,HZ around this star is not especially accessible for a small-world campaign.,1.1628170888390839,1.0320926668058485,1.0783399690445883,402.5913436341501,3
202595384,TIC 202595384,17,1,17,22.20784,30.20784,10.064,4958.0,0.988616,7.07304941295163,51.8976681385416,LOW_PRIORITY,25.5,HZ around this star is not especially accessible for a small-world campaign.,0.5320789402773537,0.9891821097723169,0.7294374135437212,228.78847864257375,1
408230230,TIC 408230230,42,2,"42,43",18.109086666666663,34.10908666666667,9.71416,5730.0,0.895094,7.42512321532196,13.0374739984795,LOW_PRIORITY,25.25,HZ around this star is not especially accessible for a small-world campaign.,0.7781270091294545,0.9000677764065288,0.8821150770332942,318.96313068947484,2
468335571,TIC 468335571,42,2,"42,43",17.674443333333333,33.67444333333333,9.65217,5806.0,0.900021,5.73252521421847,11.2231783739337,LOW_PRIORITY,25.25,HZ around this star is not especially accessible for a small-world campaign.,0.8292932338475296,0.9047737889690992,0.9106553869864986,333.6962381491226,2
238393072,TIC 238393072,57,2,"57,84",20.0062,36.0062,9.2174,5704.46,0.92537,1.22163794093,25.9229519566482,LOW_PRIORITY,25.25,HZ around this star is not especially accessible for a small-world campaign.,0.8169278438391973,0.9289656274429771,0.9038406075405094,325.6328243640998,2
52051614,TIC 52051614,42,2,"42,43",19.850280000000005,35.850280000000005,9.2892,5714.0,0.904292,4.30288673479389,13.1335984808334,LOW_PRIORITY,25.25,HZ around this star is not especially accessible for a small-world campaign.,0.7853676929472394,0.9088521822617365,0.8862097341754035,319.63061578591464,2
395320482,TIC 395320482,42,2,"42,43",20.644103333333337,36.64410333333333,9.3798,5645.32,0.845903,1.0764803892167,12.0512454675442,LOW_PRIORITY,25.25,HZ around this star is not especially accessible for a small-world campaign.,0.6547719992777898,0.853010813966237,0.8091798312351772,287.85947589639596,2
52051804,TIC 52051804,42,2,"42,43",17.87551333333333,33.87551333333333,9.93002,5650.0,0.898774,4.25054049954393,12.3238567258007,LOW_PRIORITY,25.25,HZ around this star is not especially accessible for a small-world campaign.,0.741633779626624,0.9035828418538556,0.8611816182586713,307.07775992079536,2
468345351,TIC 468345351,42,2,"42,43",18.56044666666666,34.560446666666664,9.58374,5692.35,0.933501,6.32563288444195,7.64708171897981,LOW_PRIORITY,25.25,HZ around this star is not especially accessible for a small-world campaign.,0.8243101860030958,0.936718393448077,0.9079152967117009,326.47783392925726,2
437736382,TIC 437736382,17,2,"17,57",17.115299999999998,33.1153,9.90939,5747.93,0.901439,2.45116009650361,27.8731244247915,LOW_PRIORITY,25.25,HZ around this star is not especially accessible for a small-world campaign.,0.7991223540709185,0.9061279493616852,0.8939364373773554,324.30632661704766,2
437737149,TIC 437737149,17,2,"17,57",19.10255,35.10255,9.4741,5739.38,0.883955,2.86619376103147,29.8150336450195,LOW_PRIORITY,25.25,HZ around this star is not especially accessible for a small-world campaign.,0.7638620670384783,0.8894236000252286,0.8739920291618672,316.4441766370168,2
407516437,TIC 407516437,18,5,"18,19,24,25,52",15.916513333333334,55.91651333333333,9.41063,5941.0,1.05993,2.98948746697193,78.0151113664479,LOW_PRIORITY,24.25,HZ around this star is not especially accessible for a small-world campaign.,1.260919290109368,1.0568499355833603,1.1229066257304603,422.7650028819559,5
468269135,TIC 468269135,18,5,"18,19,24,25,52",16.9234,56.9234,9.245,5897.0,1.06216,5.67746788075694,78.0035392204386,LOW_PRIORITY,24.25,HZ around this star is not especially accessible for a small-world campaign.,1.2291336426471673,1.0589621683836292,1.1086629977802847,414.3328158226564,5
468258403,TIC 468258403,18,7,"18,19,24,25,26,52,53",12.822879999999998,68.82288,9.71488,6134.0,1.08676,5.00842788855468,79.9956206682926,LOW_PRIORITY,24.25,HZ around this star is not especially accessible for a small-world campaign.,1.5063888315111449,1.0822484260018201,1.2273503295763377,477.3968603772721,7
461579208,TIC 461579208,18,7,"18,20,25,26,40,52,53",12.010219999999997,68.01022,9.85852,6032.0,1.19557,1.63580081404644,85.6534026361592,LOW_PRIORITY,24.25,HZ around this star is not especially accessible for a small-world campaign.,1.7048652534771798,1.1849397224391742,1.305704887590293,500.62166473562996,7
373149896,TIC 373149896,18,7,"18,19,24,25,58,59,78",15.36871333333333,71.36871333333333,9.45738,5968.0,1.07351,1.63292994832165,74.5560191786639,LOW_PRIORITY,24.25,HZ around this star is not especially accessible for a small-world campaign.,1.3171103329146163,1.0697093445187882,1.1476542741237956,434.18413206606647,7
407459603,TIC 407459603,18,6,"18,19,24,25,58,59",17.294673333333336,65.29467333333334,9.36144,5830.0,1.03429,6.168560407167,75.4725883787243,LOW_PRIORITY,24.25,HZ around this star is not especially accessible for a small-world campaign.,1.113406060248359,1.0325479040293626,1.0551805818192255,389.60570309201887,6
468282175,TIC 468282175,18,6,"18,19,25,26,52,53",15.763119999999995,63.76312,9.58783,5996.0,0.958556,6.27281947964123,80.6444916132474,LOW_PRIORITY,24.25,HZ around this star is not especially accessible for a small-world campaign.,1.0699812983594565,0.9605868022623975,1.0343990034602009,392.06137354301615,6
58764257,TIC 58764257,42,3,"42,43,57",16.216806666666667,40.21680666666667,10.952,5238.0,0.999186,6.1236071441467,15.8492771611676,LOW_PRIORITY,24.25,HZ around this star is not especially accessible for a small-world campaign.,0.6770946267116783,0.9992266842588597,0.8228575980761667,272.73774061973427,3
388633928,TIC 388633928,18,6,"18,19,25,26,58,59",17.165799999999997,65.16579999999999,9.753,5621.0,1.06472,1.41797746297763,82.3542190930667,LOW_PRIORITY,24.25,HZ around this star is not especially accessible for a small-world campaign.,1.0195766376689284,1.0613867004172766,1.0097408764969993,359.72308606928453,6
293285077,TIC 293285077,42,1,42,20.467893333333333,28.467893333333333,10.4567,5101.0,0.886364,4.40041190393495,6.11772773455095,LOW_PRIORITY,23.75,HZ around this star is not especially accessible for a small-world campaign.,0.4792258340007836,0.8917261514348976,0.6922613913839075,222.78176449825315,1
202550899,TIC 202550899,17,1,17,20.5193,28.5193,10.061,5234.0,0.92867,6.92689102027592,48.8549270032707,LOW_PRIORITY,23.75,HZ around this star is not especially accessible for a small-world campaign.,0.5831125867320739,0.932112528599326,0.7636180895788639,252.44708709088565,1
201411139,TIC 201411139,57,1,57,19.90666,27.90666,10.8117,5111.0,0.792154,0.144233570215562,51.7349455492765,LOW_PRIORITY,23.75,HZ around this star is not especially accessible for a small-world campaign.,0.38577801417703794,0.801436538451029,0.6211103075759071,199.7141150285753,1
194387619,TIC 194387619,17,1,17,19.240756666666663,27.240756666666663,10.2608,5445.21,0.800596,3.38838443319487,41.1293548260496,LOW_PRIORITY,23.75,HZ around this star is not especially accessible for a small-world campaign.,0.5076683349981276,0.8095482627034094,0.7125084806499692,244.14841483321254,1
194208493,TIC 194208493,17,1,17,21.283183333333337,29.283183333333337,10.5597,5006.32,0.842535,1.34683116603996,39.4811851843673,LOW_PRIORITY,23.75,HZ around this star is not especially accessible for a small-world campaign.,0.40173996383542115,0.8497840072877327,0.6338296015771283,199.93771523392988,1
303205896,TIC 303205896,57,1,57,19.169716666666663,27.169716666666663,10.4982,5340.0,0.800415,5.32396314478075,16.4297001342037,LOW_PRIORITY,23.75,HZ around this star is not especially accessible for a small-world campaign.,0.46934281749996126,0.8093743889760758,0.6850859927775208,230.2147404796039,1
411534414,TIC 411534414,17,1,17,19.725203333333333,27.725203333333333,10.176,5461.0,0.772913,7.08857392478082,19.4326198286887,LOW_PRIORITY,23.75,HZ around this star is not especially accessible for a small-world campaign.,0.4786792924292757,0.7829320675277038,0.6918665279006317,237.5536262049009,1
238435297,TIC 238435297,17,1,17,18.14955666666667,26.14955666666667,10.6054,5322.0,0.874551,6.33339919836096,27.5528401868173,LOW_PRIORITY,23.75,HZ around this star is not especially accessible for a small-world campaign.,0.5527954663593719,0.8804321312285145,0.743502162982309,249.5546331340761,1
201630175,TIC 201630175,17,1,17,17.773880000000002,25.77388,10.1954,5576.0,0.864452,1.33558759172389,51.4209475962593,LOW_PRIORITY,23.75,HZ around this star is not especially accessible for a small-world campaign.,0.6508299610324672,0.870770764024083,0.8067403306098357,283.6213749768073,1
58733801,TIC 58733801,70,1,70,17.83909333333333,25.83909333333333,10.7596,5319.19,0.846259,3.47914245421184,2.17995243273867,LOW_PRIORITY,23.75,HZ around this star is not especially accessible for a small-world campaign.,0.5165154600842115,0.8533518521496442,0.7186901001712849,240.90102659602914,1
401424565,TIC 401424565,42,1,42,18.254196666666665,26.254196666666665,10.7386,5274.0,0.850807,5.07790876882571,11.093218329521,LOW_PRIORITY,23.75,HZ around this star is not especially accessible for a small-world campaign.,0.5045652315200946,0.8577080806470794,0.7103275522743677,236.10678331062658,1
306123509,TIC 306123509,17,1,17,17.728019999999997,25.72802,10.1266,5558.18,0.911408,4.76408330388515,28.3728046301697,LOW_PRIORITY,23.75,HZ around this star is not especially accessible for a small-world campaign.,0.7142509252664475,0.9156451397731383,0.8451336730165516,296.56147706333803,1
194414017,TIC 194414017,17,1,17,17.881529999999998,25.88153,10.3622,5486.0,0.861967,3.66487933439753,39.2122681594941,LOW_PRIORITY,23.75,HZ around this star is not especially accessible for a small-world campaign.,0.6063162418375964,0.8683925869088079,0.778663111902443,269.31253787863386,1
306067937,TIC 306067937,17,1,17,18.18429,26.18429,10.347,5378.0,0.927771,4.04064355806119,24.6181688402968,LOW_PRIORITY,23.75,HZ around this star is not especially accessible for a small-world campaign.,0.648723287920648,0.9312552919302091,0.805433602428312,273.5901541889444,1
194528092,TIC 194528092,17,1,17,22.44965,30.44965,10.115,5180.03,0.75901,4.80577724954505,39.6154859899189,LOW_PRIORITY,23.75,HZ around this star is not especially accessible for a small-world campaign.,0.373696306741294,0.7695469529232312,0.6113070478419941,199.0039823977744,1
118007429,TIC 118007429,57,1,57,23.106323333333336,31.106323333333336,10.0095,5122.96,0.783101,0.903502044276095,26.5819428741261,LOW_PRIORITY,23.75,HZ around this star is not especially accessible for a small-world campaign.,0.3805521037351218,0.7927329127165309,0.6168890530193593,198.7638384723444,1
352176833,TIC 352176833,17,1,17,17.626796666666667,25.626796666666667,10.4986,5436.0,0.874547,0.66561814195265,39.232255610256,LOW_PRIORITY,23.75,HZ around this star is not especially accessible for a small-world campaign.,0.6016983370983421,0.8804283056740514,0.7756921664541561,265.9361240429667,1
201995330,TIC 201995330,17,1,17,17.632046666666668,25.632046666666668,10.7438,5346.0,0.850942,3.6092530601796,52.3568601070215,LOW_PRIORITY,23.75,HZ around this star is not especially accessible for a small-world campaign.,0.5328567202663622,0.8578373703978837,0.7299703557449181,245.94929345199665,1
419522474,TIC 419522474,57,1,57,17.078986666666665,25.078986666666665,10.5854,5377.92,0.943008,3.90113302113524,34.696687469754,LOW_PRIORITY,23.75,HZ around this star is not especially accessible for a small-world campaign.,0.6701666541304823,0.9457788725695697,0.8186370710702529,278.18424590148396,1
432481978,TIC 432481978,17,1,17,17.411149999999996,25.41115,10.6079,5360.0,0.915725,0.0130361812745782,37.9742139596824,LOW_PRIORITY,23.75,HZ around this star is not especially accessible for a small-world campaign.,0.623568273932649,0.9197648689460726,0.7896633928026859,267.24822174383667,1
257247607,TIC 257247607,42,1,42,17.60638,25.60638,10.9056,5354.0,0.782122,6.80414716504339,1.88944048370913,LOW_PRIORITY,23.75,HZ around this star is not especially accessible for a small-world campaign.,0.45285293002024385,0.7917913939360508,0.6729434820400921,226.59625222836826,1
306118090,TIC 306118090,17,1,17,17.596450000000004,25.596450000000004,10.3927,5496.53,0.8695,4.37217520118416,26.6109781612778,LOW_PRIORITY,23.75,HZ around this star is not especially accessible for a small-world campaign.,0.6217106310659308,0.8756007139689265,0.7884862909816066,273.2929266137148,1
257557030,TIC 257557030,42,1,42,17.443023333333333,25.443023333333333,10.8074,5319.1,0.866821,1.13033124201819,5.33831380206457,LOW_PRIORITY,23.75,HZ around this star is not especially accessible for a small-world campaign.,0.5418838148051448,0.8730376093879291,0.7361275805219805,246.88993353390515,1
115619387,TIC 115619387,17,1,17,17.431503333333332,25.43150333333333,10.3207,5464.0,0.941903,8.65984393228169,36.3504280006694,LOW_PRIORITY,23.75,HZ around this star is not especially accessible for a small-world campaign.,0.7124425235560887,0.9447260071983653,0.8440631040130168,291.4067880324505,1
440659383,TIC 440659383,17,1,17,17.127990000000004,25.127990000000004,10.6169,5472.65,0.846566,6.93853879836168,26.1612498638938,LOW_PRIORITY,23.75,HZ around this star is not especially accessible for a small-world campaign.,0.5791713238443015,0.8536459439239014,0.7610330635683981,262.45607040507707,1
456833920,TIC 456833920,57,1,57,16.818123333333332,24.81812333333333,10.798,5436.07,0.835596,2.58810364326047,18.1083208729715,LOW_PRIORITY,23.75,HZ around this star is not especially accessible for a small-world campaign.,0.5493227391242196,0.8431338676509573,0.7411630988684067,253.8122855833759,1
303240034,TIC 303240034,57,1,57,16.83258,24.83258,10.8479,5375.0,0.865082,5.4505300688249,13.4876057157241,LOW_PRIORITY,23.75,HZ around this star is not especially accessible for a small-world campaign.,0.5627598897951174,0.8713736278145675,0.7501732398553799,254.23209168828183,1
437745079,TIC 437745079,17,1,17,16.267909999999997,24.26791,10.9156,5480.39,0.806644,3.58903934827292,25.4729244843761,LOW_PRIORITY,23.75,HZ around this star is not especially accessible for a small-world campaign.,0.5288157563096891,0.8153570156361911,0.7271971921767088,250.83873875056045,1
238392608,TIC 238392608,57,1,57,17.140813333333334,25.14081333333333,10.5785,5461.9,0.869602,1.22376671201859,27.347471519213,LOW_PRIORITY,23.75,HZ around this star is not especially accessible for a small-world campaign.,0.6063323615235586,0.8756982935668162,0.7786734627066462,268.1921328472608,1
202512829,TIC 202512829,17,1,17,17.397459999999995,25.397459999999995,10.9479,5315.0,0.818594,6.58381408281471,51.078351356491,LOW_PRIORITY,23.75,HZ around this star is not especially accessible for a small-world campaign.,0.4817757098245421,0.8268279122995803,0.6941006481948725,232.28241621759963,1
432548936,TIC 432548936,17,1,17,18.23126000000001,26.23126000000001,10.5963,5341.73,0.853579,0.163857365974212,37.2797767531993,LOW_PRIORITY,23.75,HZ around this star is not especially accessible for a small-world campaign.,0.5344534497884433,0.8603626247377424,0.7310632324145726,246.13981521556778,1
150785168,TIC 150785168,57,1,57,22.40739,30.40739,10.0295,5177.0,0.799961,3.0228027950748,23.2652747871363,LOW_PRIORITY,23.75,HZ around this star is not especially accessible for a small-world campaign.,0.4141379214770418,0.8089382550642951,0.6435354857947165,209.64827206623664,1
194437332,TIC 194437332,17,1,17,17.28550333333333,25.28550333333333,10.4046,5436.91,0.945518,3.92243378313682,37.8607231016635,LOW_PRIORITY,23.75,HZ around this star is not especially accessible for a small-world campaign.,0.7037896700745561,0.9481702200387566,0.8389217306009876,288.2233988459443,1
202092330,TIC 202092330,17,1,17,16.945,24.945,10.8707,5261.0,0.93972,4.1943576733677,50.3355639488862,LOW_PRIORITY,23.75,HZ around this star is not especially accessible for a small-world campaign.,0.6094875764116569,0.9426458209777008,0.7806968530816919,259.5013338578029,1
83953033,TIC 83953033,17,1,17,17.259673333333332,25.25967333333333,10.9704,5353.0,0.791706,0.0583021380565144,31.7402121259793,LOW_PRIORITY,23.75,HZ around this star is not especially accessible for a small-world campaign.,0.4636727320760073,0.8010059451392532,0.6809351893359655,229.3142387924351,1
201651046,TIC 201651046,17,1,17,17.14417333333333,25.14417333333333,10.4685,5422.0,0.946516,1.51508181219757,48.4684407720749,LOW_PRIORITY,23.75,HZ around this star is not especially accessible for a small-world campaign.,0.6975714260971866,0.9491209544223737,0.8352074150156873,286.16792587791707,1
201565057,TIC 201565057,17,1,17,15.87266,23.87266,10.747,5462.0,0.928934,0.942683784004662,51.603605153755,LOW_PRIORITY,23.75,HZ around this star is not especially accessible for a small-world campaign.,0.6919444195970779,0.9323642565122789,0.8318319659625241,286.9794672605933,1
257486327,TIC 257486327,70,1,70,15.945900000000002,23.9459,10.9353,5444.57,0.860815,0.155298426379724,5.31661226952098,LOW_PRIORITY,23.75,HZ around this star is not especially accessible for a small-world campaign.,0.5866359934562433,0.8672899917796965,0.7659216627411992,262.89636824069675,1
202712412,TIC 202712412,17,1,17,15.922219999999996,23.92222,10.9434,5420.0,0.880418,7.80390568741809,51.036056384024,LOW_PRIORITY,23.75,HZ around this star is not especially accessible for a small-world campaign.,0.6026562745437246,0.8860423237288368,0.776309393569165,265.4087599259905,1
258912731,TIC 258912731,57,1,57,14.79310666666666,22.79310666666666,10.9082,5542.26,0.905526,2.40976115498231,20.6135738130527,LOW_PRIORITY,23.75,HZ around this star is not especially accessible for a small-world campaign.,0.6970182383002147,0.9100303537846324,0.8348761814186668,292.0756769892923,1
306121572,TIC 306121572,17,1,17,16.06254,24.06254,10.4318,5567.0,0.948526,4.60075928524523,25.5860840891131,LOW_PRIORITY,23.75,HZ around this star is not especially accessible for a small-world campaign.,0.778534880934341,0.9510356080758295,0.8823462364255548,310.4204985473166,1
301789924,TIC 301789924,57,1,57,15.972179999999998,23.97218,10.8923,5384.0,0.925862,1.98384977123121,23.6007425166746,LOW_PRIORITY,23.75,HZ around this star is not especially accessible for a small-world campaign.,0.6489443188132358,0.9294348373417008,0.8055708031037593,273.92793732017213,1
202236403,TIC 202236403,17,1,17,16.534779999999998,24.53478,10.8053,5336.0,0.944402,4.9685411390246,50.6863945668623,LOW_PRIORITY,23.75,HZ around this star is not especially accessible for a small-world campaign.,0.6514360526617303,0.9471070147458924,0.8071158855218563,272.14135364030733,1
293257916,TIC 293257916,42,1,42,16.53048666666666,24.53048666666666,10.7607,5353.56,0.948038,1.93321846710855,3.32068923727404,LOW_PRIORITY,23.75,HZ around this star is not especially accessible for a small-world campaign.,0.6651458698433242,0.9505707755042293,0.8155647551502727,275.92158083855855,1
242658241,TIC 242658241,17,1,17,16.343316666666666,24.343316666666663,10.8104,5523.0,0.805675,7.78211511308618,21.0928898402628,LOW_PRIORITY,23.75,HZ around this star is not especially accessible for a small-world campaign.,0.5441450197830078,0.8144264943015884,0.7376618600571726,256.4190412061809,1
80436590,TIC 80436590,17,1,17,16.411046666666667,24.411046666666667,10.4522,5563.17,0.908707,8.62162351723562,24.0028099755125,LOW_PRIORITY,23.75,HZ around this star is not especially accessible for a small-world campaign.,0.7125769711896796,0.9130670694703578,0.844142743373228,296.45769106541707,1
58763855,TIC 58763855,57,1,57,23.46530333333333,31.46530333333333,10.0171,5014.0,0.834963,6.110712315745,17.5466392025145,LOW_PRIORITY,23.75,HZ around this star is not especially accessible for a small-world campaign.,0.39697804675006754,0.8425270814096766,0.6300619388203572,199.00920181895071,1
395318589,TIC 395318589,83,1,83,18.187380000000005,26.187380000000005,10.7753,5240.45,0.870767,0.975974869503838,15.6067399694828,LOW_PRIORITY,23.75,HZ around this star is not especially accessible for a small-world campaign.,0.5151965675038175,0.8768127650624497,0.7177719467239002,237.20099875801375,1
242703037,TIC 242703037,57,1,57,16.42518,24.42518,10.8616,5406.38,0.874192,7.96912091657737,22.9628759865233,LOW_PRIORITY,23.75,HZ around this star is not especially accessible for a small-world campaign.,0.5882130253538835,0.8800887842306767,0.7669504712521426,261.50377303600555,1
440104632,TIC 440104632,57,1,57,16.083189999999995,24.083189999999995,10.7833,5473.52,0.883761,4.45559197689749,46.5376208248281,LOW_PRIORITY,23.75,HZ around this star is not especially accessible for a small-world campaign.,0.6315841352120208,0.8892381588331559,0.7947226781790115,274.4129411070828,1
201521700,TIC 201521700,17,1,17,15.766676666666667,23.76667666666667,10.9599,5439.0,0.873539,0.95628682376373,48.3488346307214,LOW_PRIORITY,23.75,HZ around this star is not especially accessible for a small-world campaign.,0.6016383950903664,0.8794642380491857,0.7756535277366863,266.0619627225356,1
306070438,TIC 306070438,17,1,17,16.09018,24.09018,10.8088,5501.0,0.849962,4.23040681897792,27.5515766116608,LOW_PRIORITY,23.75,HZ around this star is not especially accessible for a small-world campaign.,0.5960192815583348,0.8568987992667785,0.7720228504120424,267.6521212544443,1
44453335,TIC 44453335,17,1,17,22.72513,30.72513,10.3436,5018.0,0.775047,6.75761849545948,30.8615783159626,LOW_PRIORITY,23.75,HZ around this star is not especially accessible for a small-world campaign.,0.3431416358705239,0.7849855052726531,0.5857829255539324,184.82659760120637,1
427330292,TIC 427330292,70,1,70,22.18965,30.18965,10.2316,5039.0,0.855895,2.62495224884382,1.62322498949766,LOW_PRIORITY,23.75,HZ around this star is not especially accessible for a small-world campaign.,0.42551328358756224,0.8625801600387769,0.6523137922714514,207.193121766737,1
470870143,TIC 470870143,52,1,52,22.499966666666666,30.499966666666666,10.2973,5070.0,0.77275,0.0063541155178191,70.8872843289989,LOW_PRIORITY,23.75,HZ around this star is not especially accessible for a small-world campaign.,0.3554713267272184,0.7827752094209088,0.5962141617969321,190.05317288287873,1
601055325,TIC 601055325,17,1,17,18.29694,26.29694,10.9648,5207.0,0.811886,1.75403285484306,43.0828009040786,LOW_PRIORITY,23.75,HZ around this star is not especially accessible for a small-world campaign.,0.436551139515409,0.8203898904017899,0.6607201673291114,216.57405060822728,1
191081685,TIC 191081685,17,1,17,19.0946,27.0946,10.9523,5156.0,0.77962,7.67860380869917,46.7521210364846,LOW_PRIORITY,23.75,HZ around this star is not especially accessible for a small-world campaign.,0.38700117943123885,0.7893849156037525,0.622094188552858,201.71120761716972,1
440068599,TIC 440068599,17,1,17,19.138936666666662,27.138936666666662,10.7853,5199.0,0.806153,3.99744917177726,44.9613089949333,LOW_PRIORITY,23.75,HZ around this star is not especially accessible for a small-world campaign.,0.4277686262636779,0.814885520070989,0.6540402329090145,214.01717198186475,1
403024003,TIC 403024003,42,1,42,18.45926333333333,26.45926333333333,10.815,5305.0,0.773907,1.49931140000326,7.66750850476045,LOW_PRIORITY,23.75,HZ around this star is not especially accessible for a small-world campaign.,0.42737962436749727,0.7838885774997472,0.6537427815031668,218.05869883417407,1
426956831,TIC 426956831,57,1,57,18.027526666666667,26.027526666666667,10.491,5441.43,0.832989,2.50841087383539,19.2585384103136,LOW_PRIORITY,23.75,HZ around this star is not especially accessible for a small-world campaign.,0.5480566222321602,0.8406346807912302,0.7403084642445743,253.74976305204424,1
202286884,TIC 202286884,17,1,17,18.007413333333332,26.00741333333333,10.7517,5290.0,0.856912,5.34210543575994,50.2256763228672,LOW_PRIORITY,23.75,HZ around this star is not especially accessible for a small-world campaign.,0.518071674237675,0.8635538274578899,0.7197719598856814,240.0147344101929,1
257468659,TIC 257468659,42,1,42,18.484956666666665,26.484956666666665,10.3826,5406.0,0.860131,0.16681495804431,0.315069386686082,LOW_PRIORITY,23.75,HZ around this star is not especially accessible for a small-world campaign.,0.5692828183802344,0.8666352910194475,0.7545083289005062,257.1390865516832,1
238301265,TIC 238301265,57,1,57,18.148516666666666,26.148516666666666,10.4224,5334.0,0.937855,0.788144807410165,20.436491898597,LOW_PRIORITY,23.75,HZ around this star is not especially accessible for a small-world campaign.,0.6414726611517153,0.9408684663869937,0.800919884352808,269.9040379638191,1
437758644,TIC 437758644,17,1,17,23.05513333333333,31.05513333333333,10.1585,5079.85,0.764545,5.83704920945764,27.1276845779594,LOW_PRIORITY,23.75,HZ around this star is not especially accessible for a small-world campaign.,0.3506746473696154,0.7748772310878146,0.5921778849042029,189.08281156098639,1
194383495,TIC 194383495,17,1,17,20.114756666666665,28.114756666666665,10.4214,5214.84,0.840931,3.15832741472732,38.475086603927,LOW_PRIORITY,23.75,HZ around this star is not especially accessible for a small-world campaign.,0.47117190642955775,0.8482470236116588,0.6864196285287577,225.53481570774966,1
190947465,TIC 190947465,17,1,17,20.130036666666665,28.130036666666665,10.6011,5082.0,0.878223,6.51767758870297,45.3372345121746,LOW_PRIORITY,23.75,HZ around this star is not especially accessible for a small-world campaign.,0.46349277288373725,0.8839436217313086,0.6808030353073767,218.2278462013933,1
437741012,TIC 437741012,57,1,57,20.13199,28.13199,10.7929,5027.0,0.847141,3.29374325923645,24.36583459117,LOW_PRIORITY,23.75,HZ around this star is not especially accessible for a small-world campaign.,0.4128969299774954,0.854196752934346,0.6425705642009253,203.56003029144628,1
194256199,TIC 194256199,17,1,17,20.15648333333333,28.15648333333333,10.8975,5035.0,0.796185,1.79667437731172,36.3158985284678,LOW_PRIORITY,23.75,HZ around this star is not especially accessible for a small-world campaign.,0.3670460818719282,0.8053103703205287,0.6058432816099624,191.9327222405629,1
293256961,TIC 293256961,42,1,42,19.186996666666666,27.186996666666666,10.9767,5125.68,0.785887,1.74486499451271,4.35246163240898,LOW_PRIORITY,23.75,HZ around this star is not especially accessible for a small-world campaign.,0.38407927874785375,0.7954119283505438,0.6197412998565238,199.80660145495037,1
150906065,TIC 150906065,57,1,57,20.048169999999995,28.048169999999995,10.1074,5369.81,0.844048,4.5202900599685,20.6448250285361,LOW_PRIORITY,23.75,HZ around this star is not especially accessible for a small-world campaign.,0.5336600319790649,0.8512336589244898,0.7305203843692966,247.1805755229322,1
51940428,TIC 51940428,42,1,42,19.99105,27.99105,10.5642,5150.0,0.850215,3.18834214617318,13.3195340479976,LOW_PRIORITY,23.75,HZ around this star is not especially accessible for a small-world campaign.,0.4581220042324919,0.8571411090335007,0.676847105506474,219.6847581204281,1
58032931,TIC 58032931,17,1,17,18.834623333333333,26.834623333333333,10.2385,5326.0,0.949471,5.89975949480503,32.6343064415164,LOW_PRIORITY,23.75,HZ around this star is not especially accessible for a small-world campaign.,0.6535258455632679,0.9519357109292064,0.8084094541525773,272.10310070745595,1
177705544,TIC 177705544,17,1,17,18.53777666666667,26.53777666666667,10.6504,5336.91,0.805304,0.189703923952505,45.5460230606089,LOW_PRIORITY,23.75,HZ around this star is not especially accessible for a small-world campaign.,0.47399519492210307,0.814070211777082,0.6884730894683561,231.25426289845385,1
395321302,TIC 395321302,83,1,83,18.54909,26.54909,10.621,5330.0,0.821691,1.15531909900002,15.6391563935773,LOW_PRIORITY,23.75,HZ around this star is not especially accessible for a small-world campaign.,0.49093116968733685,0.8297993755145346,0.7006648055149743,235.1630736112474,1
411516409,TIC 411516409,57,1,57,18.567363333333336,26.567363333333336,10.7198,5176.0,0.908677,6.03287637092547,18.1313751157521,LOW_PRIORITY,23.75,HZ around this star is not especially accessible for a small-world campaign.,0.5339380265953269,0.9130384327007964,0.7307106312319035,238.7612446876137,1
194508677,TIC 194508677,17,1,17,18.503509999999995,26.503509999999995,10.2779,5453.0,0.860989,4.77941497857262,38.6535550039787,LOW_PRIORITY,23.75,HZ around this star is not especially accessible for a small-world campaign.,0.5905163231323638,0.8674565343134915,0.7684505990188073,264.17413460654416,1
259258545,TIC 259258545,17,1,17,22.03162333333333,30.03162333333333,10.0244,5164.0,0.850411,0.511987064811624,44.9992389137071,LOW_PRIORITY,23.75,HZ around this star is not especially accessible for a small-world campaign.,0.4633374273273267,0.857328824793354,0.6806889358049877,221.5335714207257,1
432485132,TIC 432485132,17,1,17,22.09907666666667,30.09907666666667,10.0002,5265.0,0.769179,0.063276435470113,39.0473691613597,LOW_PRIORITY,23.75,HZ around this star is not especially accessible for a small-world campaign.,0.40958406297460176,0.7793383500916322,0.639987549077794,211.82854739279668,1
194503627,TIC 194503627,17,1,17,18.940093333333333,26.940093333333333,10.6137,5210.8,0.884844,4.5043178796138,36.6967699582094,LOW_PRIORITY,23.75,HZ around this star is not especially accessible for a small-world campaign.,0.5200507761778593,0.8902733534875659,0.7211454611781588,237.0624938968113,1
127502664,TIC 127502664,17,1,17,21.21248333333333,29.21248333333333,10.4659,5146.0,0.770725,6.79988173264382,38.5090986278335,LOW_PRIORITY,23.75,HZ around this star is not especially accessible for a small-world campaign.,0.3752949587306525,0.780826374023884,0.6126132211523454,198.1949276672268,1
432549095,TIC 432549095,17,1,17,18.68010666666666,26.68010666666666,10.4061,5376.6,0.855716,0.358118074347446,38.0390777806776,LOW_PRIORITY,23.75,HZ around this star is not especially accessible for a small-world campaign.,0.5512961073408085,0.86240878092897,0.742493169895056,251.635745727469,1
57962094,TIC 57962094,17,1,17,18.75993,26.75993,10.2766,5492.78,0.802717,5.01723558095005,35.4487393217186,LOW_PRIORITY,23.75,HZ around this star is not especially accessible for a small-world campaign.,0.5284311986781528,0.8115856090485535,0.7269327332553905,251.28374371891417,1
364956166,TIC 364956166,42,1,42,18.63791,26.63791,10.6501,5381.0,0.758669,5.91609568434297,3.94254071446727,LOW_PRIORITY,23.75,HZ around this star is not especially accessible for a small-world campaign.,0.4347617777349395,0.7692185019991953,0.6593646773485364,222.9738232763999,1
427327858,TIC 427327858,42,1,42,18.679186666666677,26.679186666666677,10.5292,5379.48,0.804168,2.33102360685557,2.6852750611568,LOW_PRIORITY,23.75,HZ around this star is not especially accessible for a small-world campaign.,0.48792095897928234,0.8129792255522855,0.6985133921259365,236.48990458109458,1
118031166,TIC 118031166,57,1,57,21.551213333333337,29.551213333333337,10.0407,5284.0,0.791932,0.993272939961405,24.2282982935723,LOW_PRIORITY,23.75,HZ around this star is not especially accessible for a small-world campaign.,0.4404754726387396,0.8012231656090228,0.6636832622861146,220.62502581599267,1
293221159,TIC 293221159,42,1,42,21.588863333333336,29.588863333333336,10.2729,5173.36,0.787487,1.56701801993433,4.25995584358783,LOW_PRIORITY,23.75,HZ around this star is not especially accessible for a small-world campaign.,0.4001955911518269,0.7969502724610867,0.6326101415183184,205.86325614879772,1
437732559,TIC 437732559,57,1,57,18.630349999999996,26.630349999999996,10.5836,5304.56,0.849725,1.8298229999264,26.2828433339491,LOW_PRIORITY,23.75,HZ around this star is not especially accessible for a small-world campaign.,0.515049496028719,0.8566718101664572,0.7176694894091005,239.92180022960378,1
194324757,TIC 194324757,17,1,17,22.080216666666665,30.080216666666665,10.487,5025.03,0.77632,2.31426961325214,39.6986932178031,LOW_PRIORITY,23.75,HZ around this star is not especially accessible for a small-world campaign.,0.3462030547323047,0.7862103126225273,0.5883902231787207,185.91696803744645,1
437739555,TIC 437739555,57,1,57,18.78317,26.78317,10.331,5362.43,0.887258,3.02090112545528,25.7620341568243,LOW_PRIORITY,23.75,HZ around this star is not especially accessible for a small-world campaign.,0.5864636543852224,0.8925805678264296,0.7658091501054439,259.0880232114086,1
427332100,TIC 427332100,42,1,42,18.805543333333333,26.805543333333333,10.5526,5357.53,0.800464,3.96548127023296,1.81055565861961,LOW_PRIORITY,23.75,HZ around this star is not especially accessible for a small-world campaign.,0.47559443718999583,0.8094214599581864,0.6896335528307739,232.5040070239081,1
58105499,TIC 58105499,17,1,17,20.832993333333327,28.832993333333327,10.7253,5089.0,0.752414,6.54636263456813,30.8916203066343,LOW_PRIORITY,23.75,HZ around this star is not especially accessible for a small-world campaign.,0.3420883224686587,0.7631923779396526,0.5848831699311058,187.01519715225973,1
191132881,TIC 191132881,57,1,57,21.391753333333327,29.391753333333327,10.5591,5086.0,0.765518,7.82320697051684,43.0561962130958,LOW_PRIORITY,23.75,HZ around this star is not especially accessible for a small-world campaign.,0.35327340766282656,0.7758140431656145,0.5943680742291149,190.01794499163927,1
306058348,TIC 306058348,17,1,17,19.38164,27.38164,10.4036,5357.0,0.802896,3.9463955917354,29.466191277388,LOW_PRIORITY,23.75,HZ around this star is not especially accessible for a small-world campaign.,0.478299453186675,0.811757536843153,0.6915919701577478,233.15888677489184,1
202417718,TIC 202417718,17,1,17,20.928363333333333,28.928363333333333,10.7751,5026.0,0.775457,5.97896665656771,51.3032463061272,LOW_PRIORITY,23.75,HZ around this star is not especially accessible for a small-world campaign.,0.34570056449121406,0.7853799946539196,0.5879630638834501,185.81269135927855,1
439966143,TIC 439966143,17,1,17,20.872319999999995,28.872319999999995,10.0496,5380.97,0.775453,1.81068561727904,46.3540796313503,LOW_PRIORITY,23.75,HZ around this star is not especially accessible for a small-world campaign.,0.4542008622622739,0.7853761460274135,0.6739442575334209,228.02755843658645,1
202215408,TIC 202215408,57,1,57,19.68751,27.68751,10.5511,5246.0,0.805809,4.80933797365022,52.1691746552281,LOW_PRIORITY,23.75,HZ around this star is not especially accessible for a small-world campaign.,0.443069732156581,0.8145551765390445,0.6656348339416899,219.77790671908278,1
373282390,TIC 373282390,52,1,52,19.821866666666665,27.821866666666665,10.4794,5259.0,0.81022,2.25196631683632,74.2491878154627,LOW_PRIORITY,23.75,HZ around this star is not especially accessible for a small-world campaign.,0.4523903291539294,0.8187905307166369,0.6725996797158986,222.65825604025665,1
257486953,TIC 257486953,42,1,42,19.853326666666668,27.853326666666668,10.1918,5341.65,0.853239,0.344014992249018,3.80382001946707,LOW_PRIORITY,23.75,HZ around this star is not especially accessible for a small-world campaign.,0.5339957739868921,0.8600370545263204,0.7307501447053515,246.02826733119193,1
150970251,TIC 150970251,57,1,57,15.258680000000002,23.25868,10.698,5598.98,0.895782,5.258475099442,18.3591620448603,LOW_PRIORITY,23.75,HZ around this star is not especially accessible for a small-world campaign.,0.7104524852037709,0.9007249956453028,0.84288343512242,297.8141959779024,1
352146571,TIC 352146571,17,1,17,20.794249999999995,28.794249999999995,10.4998,5106.89,0.83158,0.500879342585598,37.4114679357455,LOW_PRIORITY,23.75,HZ around this star is not especially accessible for a small-world campaign.,0.42376862146554783,0.8392837876061257,0.6509751312189643,209.4027613600295,1
440177282,TIC 440177282,17,1,17,20.177510000000005,28.177510000000005,10.2228,5326.19,0.821304,6.26631055357955,47.0770201080122,LOW_PRIORITY,23.75,HZ around this star is not especially accessible for a small-world campaign.,0.48906795285986354,0.8294280932038921,0.6993339351553474,234.5458528818642,1
118005970,TIC 118005970,57,1,57,20.25893333333333,28.25893333333333,10.3891,5203.0,0.8493,0.763038317145479,29.0321173400183,LOW_PRIORITY,23.75,HZ around this star is not especially accessible for a small-world campaign.,0.4762470099857025,0.8562647542730485,0.6901065207529216,226.28740766731815,1
440057164,TIC 440057164,17,1,17,20.24647,28.24647,10.2605,5251.73,0.861378,3.68521830619988,45.4844953290841,LOW_PRIORITY,23.75,HZ around this star is not especially accessible for a small-world campaign.,0.5085010126079335,0.8678288560759739,0.7130925694521949,236.09785847189778,1
257523130,TIC 257523130,70,1,70,19.975323333333336,27.975323333333336,10.8524,5080.0,0.794841,0.859251280964594,3.88126466892788,LOW_PRIORITY,23.75,HZ around this star is not especially accessible for a small-world campaign.,0.3790618532812198,0.8040188819118517,0.6156799925945456,196.78394455184926,1
22571748,TIC 22571748,17,1,17,19.244736666666668,27.244736666666668,10.3489,5385.69,0.814558,3.22748840840274,31.9249089961167,LOW_PRIORITY,23.75,HZ around this star is not especially accessible for a small-world campaign.,0.5029260651212504,0.8229546674193059,0.7091728034275218,240.4530977945861,1
194253922,TIC 194253922,17,1,17,19.21856,27.21856,10.8228,5180.96,0.798224,1.70071510077048,39.8788451092012,LOW_PRIORITY,23.75,HZ around this star is not especially accessible for a small-world campaign.,0.41360447639596964,0.8072694962390019,0.6431208878554402,209.66207335512877,1
427330506,TIC 427330506,42,1,42,19.64358,27.64358,10.0773,5491.31,0.795297,2.66729261337677,2.66390816202827,LOW_PRIORITY,23.75,HZ around this star is not especially accessible for a small-world campaign.,0.5181520789352227,0.8044570777084239,0.7198278120045256,248.70339846782335,1
283859582,TIC 283859582,17,1,17,19.55264333333333,27.55264333333333,10.2497,5424.13,0.791414,2.36012402725688,27.4968004714265,LOW_PRIORITY,23.75,HZ around this star is not especially accessible for a small-world campaign.,0.48845271325485246,0.8007252840122014,0.698893921317715,238.4873502374318,1
191082724,TIC 191082724,17,1,17,21.45762,29.45762,10.2054,5195.0,0.809578,7.73871570326607,45.5530444440917,LOW_PRIORITY,23.75,HZ around this star is not especially accessible for a small-world campaign.,0.4300850174213713,0.8181741669637415,0.6558086744023529,214.4534702552202,1
22499582,TIC 22499582,17,1,17,19.87661,27.87661,10.1558,5310.8,0.891019,2.47477933725583,31.7440239509543,LOW_PRIORITY,23.75,HZ around this star is not especially accessible for a small-world campaign.,0.568994969265461,0.896174571237165,0.7543175520067533,252.76982991149177,1
440121513,TIC 440121513,17,1,17,20.26435,28.26435,10.5665,5183.0,0.794465,5.04344477113651,42.5276132851841,LOW_PRIORITY,23.75,HZ around this star is not especially accessible for a small-world campaign.,0.4103638390457704,0.8036575531157377,0.6405964713029337,208.8966725515674,1
117927922,TIC 117927922,57,1,57,19.89098,27.89098,10.673,5156.0,0.811702,0.0567065938892086,24.8819573923933,LOW_PRIORITY,23.75,HZ around this star is not especially accessible for a small-world campaign.,0.41950735273704176,0.8202132585034583,0.6476938727030246,210.22362221570899,1
437746031,TIC 437746031,17,1,17,20.087216666666663,28.087216666666663,10.0931,5397.0,0.823205,3.48600265811524,28.7302895818125,LOW_PRIORITY,23.75,HZ around this star is not especially accessible for a small-world campaign.,0.5179888146240126,0.8312518016703064,0.7197143979551976,244.60436967474078,1
437744327,TIC 437744327,57,1,57,20.72885333333333,28.72885333333333,10.4242,5236.0,0.760768,3.42310086546311,24.9118572922714,LOW_PRIORITY,23.75,HZ around this star is not especially accessible for a small-world campaign.,0.3919202786348306,0.7712401401097667,0.6260353653227831,206.01256697756298,1
44521997,TIC 44521997,17,1,17,20.070599999999995,28.070599999999995,10.0927,5375.0,0.84336,7.31799350326603,32.6780213217516,LOW_PRIORITY,23.75,HZ around this star is not especially accessible for a small-world campaign.,0.5348531801676111,0.8505744811759078,0.7313365710585046,247.69086336256544,1
150968241,TIC 150968241,57,1,57,20.244913333333336,28.244913333333336,10.0491,5383.0,0.836702,5.15895495841671,22.1700446796677,LOW_PRIORITY,23.75,HZ around this star is not especially accessible for a small-world campaign.,0.5295827662211224,0.844194010895278,0.7277243751731299,246.78540631509048,1
336691315,TIC 336691315,42,2,"42,43",20.29963333333333,36.29963333333333,9.1735,5575.0,1.02147,6.34060234584765,11.8736132188559,LOW_PRIORITY,23.5,HZ around this star is not especially accessible for a small-world campaign.,0.9080827576711443,1.020385633552496,0.9529337635277408,336.3582847012871,2
427330951,TIC 427330951,42,2,"42,43",17.07683333333333,33.076833333333326,9.7841,5599.0,1.07951,2.6616780440683,4.94243609889608,LOW_PRIORITY,23.5,HZ around this star is not especially accessible for a small-world campaign.,1.0317866867164551,1.0753883721502693,1.015769012480916,360.57863997480007,2
408505170,TIC 408505170,42,2,"42,43",18.42951,34.42951,9.83386,5321.09,1.15593,0.421780556646862,10.6128608291422,LOW_PRIORITY,23.5,HZ around this star is not especially accessible for a small-world campaign.,0.9650730744040037,1.1475852521945211,0.9823813284076626,331.9845666374764,2
58028911,TIC 58028911,17,2,"17,57",20.70069,36.70069,9.2664,5558.36,0.958071,5.62028222626249,34.4464924420662,LOW_PRIORITY,23.5,HZ around this star is not especially accessible for a small-world campaign.,0.7893630355959269,0.9601250702732768,0.888461049003234,312.16478463558855,2
401422819,TIC 401422819,42,2,"42,43",21.99733333333333,37.99733333333333,9.699,5131.0,1.0115,4.82821438075025,10.2295580026564,LOW_PRIORITY,23.5,HZ around this star is not especially accessible for a small-world campaign.,0.638902434736246,1.0109218716307817,0.7993137273538131,259.6015825294839,2
405187209,TIC 405187209,42,2,"42,43",21.48551,37.48551,9.86721,5147.0,0.982065,2.17689508604109,9.24993570784548,LOW_PRIORITY,23.5,HZ around this star is not especially accessible for a small-world campaign.,0.6098062204305111,0.9829540620737749,0.7809009030795848,254.22455823972356,2
293282151,TIC 293282151,42,2,"42,43",20.565459999999995,36.56546,9.74051,5270.0,1.02225,4.02547904283196,5.22556742280713,LOW_PRIORITY,23.5,HZ around this star is not especially accessible for a small-world campaign.,0.7261919153284603,1.0211258327988348,0.8521689476438696,284.34077983689417,2
293371131,TIC 293371131,42,2,"42,43",22.2014,38.2014,9.196,5315.0,1.03896,5.24987988225847,4.94518723944909,LOW_PRIORITY,23.5,HZ around this star is not especially accessible for a small-world campaign.,0.7760781222748891,1.036976432297595,0.8809529625779626,296.5752206135327,2
439996850,TIC 439996850,17,3,"17,57,84",22.063433333333336,46.063433333333336,8.0659,5728.0,1.16063,2.28277813423353,45.5243811318902,LOW_PRIORITY,23.5,HZ around this star is not especially accessible for a small-world campaign.,1.3064546277241291,1.152017569065462,1.1430024618189276,415.84494068490267,3
51988338,TIC 51988338,42,3,"42,43,70",20.83966666666667,44.83966666666667,8.513,5760.0,1.0775,3.66369657070045,12.2363734022815,LOW_PRIORITY,23.5,HZ around this star is not especially accessible for a small-world campaign.,1.1513813796138093,1.0734860741215375,1.0730244077437425,391.83788030263753,3
57988234,TIC 57988234,17,3,"17,57,84",16.035966666666663,40.03596666666667,8.5707,6192.0,1.17479,5.23409481838358,30.0467421502279,LOW_PRIORITY,23.5,HZ around this star is not especially accessible for a small-world campaign.,1.8278433926426427,1.1653656935543328,1.3519775858506837,531.8796171497854,3
52052128,TIC 52052128,42,2,"42,43",18.58483333333333,34.58483333333333,9.4623,5593.0,1.06243,4.40636207504969,13.0009676180944,LOW_PRIORITY,23.5,HZ around this star is not especially accessible for a small-world campaign.,0.995118129552359,1.0592178945173394,0.9975560783997856,353.5929105241253,2
293282900,TIC 293282900,42,2,"42,43",11.8511,27.8511,10.8211,5921.0,0.91895,4.19478414487499,3.51375817679426,LOW_PRIORITY,23.0,HZ around this star is not especially accessible for a small-world campaign.,0.9351014250481212,0.9228418645702111,0.9670064245123303,361.55187635047474,2
150973541,TIC 150973541,57,1,57,19.976576666666663,27.976576666666663,8.8296,5871.6,0.944169,5.54538233616903,18.2419090303186,LOW_PRIORITY,23.0,HZ around this star is not especially accessible for a small-world campaign.,0.9545969264750467,0.9468850293722036,0.97703476216307,362.4988417716051,1
405291818,TIC 405291818,42,2,"42,43",12.99767,28.99767,10.241,6101.0,0.886333,1.25026367389652,7.85588391267475,LOW_PRIORITY,23.0,HZ around this star is not especially accessible for a small-world campaign.,0.9806017158752933,0.8916965232481461,0.9902533594365097,381.15460800559595,2
336737332,TIC 336737332,42,2,"42,43",12.341789999999996,28.34179,10.9883,5912.0,0.810501,7.02555687029144,13.7268243208719,LOW_PRIORITY,23.0,HZ around this star is not especially accessible for a small-world campaign.,0.7230020386884344,0.8190603021827125,0.8502952655921556,316.4367587468513,2
405191192,TIC 405191192,42,2,"42,43",11.81117333333333,27.81117333333333,10.438,6106.0,0.922016,3.75186717016282,10.9241530934323,LOW_PRIORITY,23.0,HZ around this star is not especially accessible for a small-world campaign.,1.0646303073085965,0.9257666565135361,1.0318092397864038,397.8676018556511,2
